2.4010000000000034,-2.3201201129512485,2.0217894670112257,0.105,0.0,0.0,0.105,1.0,0.0,0.0,1.0
2.3999999999999986,-2.9977103601917388,-2.2108977947204504,0.105,0.0,0.0,0.105,1.0,0.0,0.0,1.0
2.5999999999999943,-4.294994208796191,-2.2223719545474414,0.105,0.0,0.0,0.105,1.0,0.0,0.0,1.0
2.5,-4.687168933933197,-1.1565858197616463,0.105,0.0,0.0,0.105,1.0,0.0,0.0,1.0
2.7010000000000005,-1.982825702586799,0.4820806575585458,0.105,0.0,0.0,0.105,1.0,0.0,0.0,1.0
2.503999999999998,-2.843266972486389,1.9545595333941197,0.105,0.0,0.0,0.105,1.0,0.0,0.0,1.0
2.299999999999997,-2.4392256081390458,-1.5961417182159803,0.105,0.0,0.0,0.105,1.0,0.0,0.0,1.0
2.7010000000000005,-4.800324472213998,-0.343374786661445,0.105,0.0,0.0,0.105,1.0,0.0,0.0,1.0
2.3999999999999986,-4.384096457440069,1.6233321962814253,0.105,0.0,0.0,0.105,1.0,0.0,0.0,1.0
2.1999999999999957,-1.2612782638657116,0.49155437186361317,0.105,0.0,0.0,0.105,1.0,0.0,0.0,1.0
2.5,-3.0549563981132386,-0.7023511038753398,0.105,0.0,0.0,0.105,1.0,0.0,0.0,1.0
2.5999999999999943,-0.9319253929518773,0.656684994820787,0.105,0.0,0.0,0.105,1.0,0.0,0.0,1.0
2.3999999999999986,-3.698920868853832,0.7697744727836161,0.105,0.0,0.0,0.105,1.0,0.0,0.0,1.0
2.200000000000003,-1.8095867673009747,0.2553187340343028,0.105,0.0,0.0,0.105,1.0,0.0,0.0,1.0
2.4009999999999962,-0.572775232265779,-2.303654651535334,0.105,0.0,0.0,0.105,1.0,0.0,0.0,1.0
2.5,-4.378515659821814,1.4977484025694867,0.105,0.0,0.0,0.105,1.0,0.0,0.0,1.0
2.6999999999999957,-2.1965184552848553,2.2298165453770795,0.105,0.0,0.0,0.105,1.0,0.0,0.0,1.0
2.5999999999999943,-2.2275774208987413,0.9158092098245221,0.105,0.0,0.0,0.105,1.0,0.0,0.0,1.0
2.3999999999999986,-3.5011970942625568,-0.8244535417242281,0.105,0.0,0.0,0.105,1.0,0.0,0.0,1.0
2.6999999999999957,-1.645705597544043,1.0228521023255301,0.105,0.0,0.0,0.105,1.0,0.0,0.0,1.0
2.5,-2.4809252898943166,0.3502420121870266,0.105,0.0,0.0,0.105,1.0,0.0,0.0,1.0
2.5999999999999943,-2.0992497799365193,2.184492688769883,0.105,0.0,0.0,0.105,1.0,0.0,0.0,1.0
2.6000000000000014,-1.8830616952762145,1.0446144004546696,0.105,0.0,0.0,0.105,1.0,0.0,0.0,1.0
2.5009999999999977,-1.6412583899137883,-1.6348235871113734,0.105,0.0,0.0,0.105,1.0,0.0,0.0,1.0
2.5999999999999943,-4.977398724050809,1.610654934040766,0.105,0.0,0.0,0.105,1.0,0.0,0.0,1.0
2.700000000000003,-4.970958934609098,-0.17262225034430942,0.105,0.0,0.0,0.105,1.0,0.0,0.0,1.0
2.6999999999999957,-4.378003325075308,-2.1953023805147702,0.105,0.0,0.0,0.105,1.0,0.0,0.0,1.0
2.5,-4.968245546827858,-2.050971782168149,0.105,0.0,0.0,0.105,1.0,0.0,0.0,1.0
2.1999999999999957,-1.4100011621463557,0.7355666876821213,0.105,0.0,0.0,0.105,1.0,0.0,0.0,1.0
2.4000000000000057,-2.489221200107186,-0.9053455537324078,0.105,0.0,0.0,0.105,1.0,0.0,0.0,1.0
2.5,-3.7787909076113904,-1.7611035714375252,0.105,0.0,0.0,0.105,1.0,0.0,0.0,1.0
2.5010000000000048,-1.5783849176973672,0.03730155258527666,0.105,0.0,0.0,0.105,1.0,0.0,0.0,1.0
2.6000000000000014,-3.1493042731976533,-0.4729927021046665,0.105,0.0,0.0,0.105,1.0,0.0,0.0,1.0
2.3999999999999986,-0.8767926419107898,1.1290594950071633,0.105,0.0,0.0,0.105,1.0,0.0,0.0,1.0
2.6000000000000014,-1.428102995138335,2.462949870325215,0.105,0.0,0.0,0.105,1.0,0.0,0.0,1.0
2.5,-2.2852905358087967,1.3751898379196588,0.105,0.0,0.0,0.105,1.0,0.0,0.0,1.0
2.5999999999999943,-1.711789979014876,0.6137975279773764,0.105,0.0,0.0,0.105,1.0,0.0,0.0,1.0
2.5,-1.5156883596148556,-1.8750310913729273,0.105,0.0,0.0,0.105,1.0,0.0,0.0,1.0
2.7010000000000005,-0.7765466065248366,1.2151447678834508,0.105,0.0,0.0,0.105,1.0,0.0,0.0,1.0
2.3999999999999986,-3.8790891582545837,2.19391834342849,0.105,0.0,0.0,0.105,1.0,0.0,0.0,1.0
2.5,-2.1518916178735923,-1.779651055385459,0.105,0.0,0.0,0.105,1.0,0.0,0.0,1.0
2.5999999999999943,-3.7178557064921827,2.157478386371077,0.105,0.0,0.0,0.105,1.0,0.0,0.0,1.0
2.5,-0.7120199477068494,0.9812565471952449,0.105,0.0,0.0,0.105,1.0,0.0,0.0,1.0
2.600999999999999,-0.7900712916042251,-1.4541269019673713,0.105,0.0,0.0,0.105,1.0,0.0,0.0,1.0
2.4010000000000034,-3.2673781605954044,-1.9546357269365928,0.105,0.0,0.0,0.105,1.0,0.0,0.0,1.0
2.3999999999999986,-4.148784754262819,1.1479287223796553,0.105,0.0,0.0,0.105,1.0,0.0,0.0,1.0
2.5,-4.847652435061884,2.4630047818021206,0.105,0.0,0.0,0.105,1.0,0.0,0.0,1.0
2.3999999999999986,-0.4871889507966011,0.3932991473745624,0.105,0.0,0.0,0.105,1.0,0.0,0.0,1.0
2.3999999999999986,-2.4393993278929993,-0.055447785155052456,0.105,0.0,0.0,0.105,1.0,0.0,0.0,1.0
2.4009999999999962,-3.526309405357177,-2.0895819847458754,0.105,0.0,0.0,0.105,1.0,0.0,0.0,1.0
2.700000000000003,-2.0802095055462666,-0.4385282376699101,0.105,0.0,0.0,0.105,1.0,0.0,0.0,1.0
2.6000000000000014,-2.7748654426948867,-1.3570870810529525,0.105,0.0,0.0,0.105,1.0,0.0,0.0,1.0
2.5,-2.706824774785763,-1.1306971362785603,0.105,0.0,0.0,0.105,1.0,0.0,0.0,1.0
2.4009999999999962,-1.072050653490422,0.8613546787312543,0.105,0.0,0.0,0.105,1.0,0.0,0.0,1.0
2.3999999999999986,-4.756678871855795,-1.5080355765635014,0.105,0.0,0.0,0.105,1.0,0.0,0.0,1.0
2.301000000000002,-0.8019576133191743,0.33847876397129234,0.105,0.0,0.0,0.105,1.0,0.0,0.0,1.0
2.299999999999997,-2.8276244153158774,-0.9120852431856835,0.105,0.0,0.0,0.105,1.0,0.0,0.0,1.0
2.4000000000000057,-3.849789916912692,2.383467001018843,0.105,0.0,0.0,0.105,1.0,0.0,0.0,1.0
2.3999999999999986,-2.88353831162041,-0.4331726247621976,0.105,0.0,0.0,0.105,1.0,0.0,0.0,1.0
2.5999999999999943,-0.4149947508411723,1.1462851831586607,0.105,0.0,0.0,0.105,1.0,0.0,0.0,1.0
2.5,-2.8370640886029,-1.0796718892555233,0.105,0.0,0.0,0.105,1.0,0.0,0.0,1.0
2.3999999999999986,-3.789040096383225,0.7053504662589951,0.105,0.0,0.0,0.105,1.0,0.0,0.0,1.0
2.3999999999999986,-0.23592550148904473,1.2340031898886947,0.105,0.0,0.0,0.105,1.0,0.0,0.0,1.0
2.5,-4.4103324258814425,-1.9671793901005767,0.105,0.0,0.0,0.105,1.0,0.0,0.0,1.0
2.5,-2.2445693889073604,0.25346820285177873,0.105,0.0,0.0,0.105,1.0,0.0,0.0,1.0
2.5,-2.229497001477614,-0.368048676700656,0.105,0.0,0.0,0.105,1.0,0.0,0.0,1.0
2.3999999999999986,-0.605201803646779,-0.8356837808006422,0.105,0.0,0.0,0.105,1.0,0.0,0.0,1.0
2.4000000000000057,-3.556540531351668,-2.0370902198426872,0.105,0.0,0.0,0.105,1.0,0.0,0.0,1.0
2.6000000000000014,-1.5914759796878464,-1.5552535585550868,0.105,0.0,0.0,0.105,1.0,0.0,0.0,1.0
2.5009999999999977,-0.834643517677017,0.2859798334163998,0.105,0.0,0.0,0.105,1.0,0.0,0.0,1.0
2.4009999999999962,-3.0571674322426,-1.5946632731348056,0.105,0.0,0.0,0.105,1.0,0.0,0.0,1.0
2.5,-2.2447458012646218,-2.081368245043971,0.105,0.0,0.0,0.105,1.0,0.0,0.0,1.0
2.5,-2.7088388095153495,0.9597785139912954,0.105,0.0,0.0,0.105,1.0,0.0,0.0,1.0
2.3999999999999986,-4.511698353519087,2.257370824631785,0.105,0.0,0.0,0.105,1.0,0.0,0.0,1.0
2.3999999999999986,-0.26517738722939194,-1.9815791865643182,0.105,0.0,0.0,0.105,1.0,0.0,0.0,1.0
2.6000000000000014,-0.8377970927438017,-1.6227062759320021,0.105,0.0,0.0,0.105,1.0,0.0,0.0,1.0
2.3999999999999986,-3.934163238188075,2.4444907693262836,0.105,0.0,0.0,0.105,1.0,0.0,0.0,1.0
2.5009999999999977,-3.7606913411684717,-2.008729062670581,0.105,0.0,0.0,0.105,1.0,0.0,0.0,1.0
2.3999999999999986,-1.010847399695884,-2.061503158397739,0.105,0.0,0.0,0.105,1.0,0.0,0.0,1.0
2.6000000000000014,-4.614052015440967,-2.3501591505286914,0.105,0.0,0.0,0.105,1.0,0.0,0.0,1.0
2.405999999999999,-4.5677423120011325,-2.15702020319281,0.105,0.0,0.0,0.105,1.0,0.0,0.0,1.0
2.6000000000000014,-0.59109974699524,1.062279422429967,0.105,0.0,0.0,0.105,1.0,0.0,0.0,1.0
2.5999999999999943,-1.633996808277267,0.6850183979953908,0.105,0.0,0.0,0.105,1.0,0.0,0.0,1.0
2.5,-1.0918918636979267,2.3588740393043803,0.105,0.0,0.0,0.105,1.0,0.0,0.0,1.0
2.3999999999999986,-3.1627269418261927,-1.9926153588218658,0.105,0.0,0.0,0.105,1.0,0.0,0.0,1.0
2.5,-2.2851405589254714,2.255270077225789,0.105,0.0,0.0,0.105,1.0,0.0,0.0,1.0
2.3000000000000043,-2.947878528537333,-1.3697458333115553,0.105,0.0,0.0,0.105,1.0,0.0,0.0,1.0
2.5999999999999943,-0.37501559876169493,-0.5297452679298168,0.105,0.0,0.0,0.105,1.0,0.0,0.0,1.0
2.5,-1.3276006861606489,-0.6105960536138852,0.105,0.0,0.0,0.105,1.0,0.0,0.0,1.0
2.299999999999997,-0.8753758325405343,-0.09382451815625126,0.105,0.0,0.0,0.105,1.0,0.0,0.0,1.0
2.5,-2.7306353126352283,-1.2199388767462729,0.105,0.0,0.0,0.105,1.0,0.0,0.0,1.0
2.5,-2.636321736549779,0.23058814469901853,0.105,0.0,0.0,0.105,1.0,0.0,0.0,1.0
2.5999999999999943,-2.01704061626197,0.2216074442261022,0.105,0.0,0.0,0.105,1.0,0.0,0.0,1.0
2.700000000000003,-2.0424010219537116,-0.8631617452758968,0.105,0.0,0.0,0.105,1.0,0.0,0.0,1.0
2.301000000000002,-3.2432424398647317,-2.068953433013486,0.105,0.0,0.0,0.105,1.0,0.0,0.0,1.0
2.3999999999999986,-0.44783546621538733,-2.4046068484977687,0.105,0.0,0.0,0.105,1.0,0.0,0.0,1.0
2.5009999999999977,-4.296949714860325,2.331410571895021,0.105,0.0,0.0,0.105,1.0,0.0,0.0,1.0
2.5999999999999943,-4.578940482371083,-1.1456404261268023,0.105,0.0,0.0,0.105,1.0,0.0,0.0,1.0
2.3000000000000043,-1.1256092307011363,-0.9544613469350802,0.105,0.0,0.0,0.105,1.0,0.0,0.0,1.0
2.4000000000000057,-4.879728585787535,1.9198113441628286,0.105,0.0,0.0,0.105,1.0,0.0,0.0,1.0
2.6000000000000014,-2.326614761849008,1.3789873527376533,0.105,0.0,0.0,0.105,1.0,0.0,0.0,1.0
2.5999999999999943,-3.0571011578359264,0.76740958846206,0.105,0.0,0.0,0.105,1.0,0.0,0.0,1.0
2.6060000000000016,-1.35118863898919,0.8453498652227489,0.105,0.0,0.0,0.105,1.0,0.0,0.0,1.0
2.5,-2.8727320186670795,-0.9419131714207339,0.105,0.0,0.0,0.105,1.0,0.0,0.0,1.0
2.299999999999997,-1.1236863414860006,-0.12574884018715485,0.105,0.0,0.0,0.105,1.0,0.0,0.0,1.0
2.6000000000000014,-3.977175889218261,2.0906690360346807,0.105,0.0,0.0,0.105,1.0,0.0,0.0,1.0
2.5999999999999943,-4.34441010420807,-1.5598395002252814,0.105,0.0,0.0,0.105,1.0,0.0,0.0,1.0
2.5999999999999943,-0.8749172543203257,-0.5158147972778832,0.105,0.0,0.0,0.105,1.0,0.0,0.0,1.0
2.3999999999999986,-1.894786060443388,-0.4464281057979707,0.105,0.0,0.0,0.105,1.0,0.0,0.0,1.0
2.503,-2.9391725623970117,1.3300700473830043,0.105,0.0,0.0,0.105,1.0,0.0,0.0,1.0
2.5,-2.2886722938604844,-0.5822595398724225,0.105,0.0,0.0,0.105,1.0,0.0,0.0,1.0
2.6000000000000014,-4.808541424110321,-0.7170758065639429,0.105,0.0,0.0,0.105,1.0,0.0,0.0,1.0
2.5009999999999977,-3.9596950761311644,-0.7224744158907264,0.105,0.0,0.0,0.105,1.0,0.0,0.0,1.0
2.4010000000000034,-4.2842439289333365,1.37028921128375,0.105,0.0,0.0,0.105,1.0,0.0,0.0,1.0
2.3999999999999986,-0.22260209950947485,-0.4850624573417614,0.105,0.0,0.0,0.105,1.0,0.0,0.0,1.0
2.5999999999999943,-1.9505003234105636,2.1317822197858898,0.105,0.0,0.0,0.105,1.0,0.0,0.0,1.0
2.5,-3.530185449199702,-1.4494970737588446,0.105,0.0,0.0,0.105,1.0,0.0,0.0,1.0
2.5,-2.2880444620414138,-1.6508116669043857,0.105,0.0,0.0,0.105,1.0,0.0,0.0,1.0
2.4010000000000034,-0.17052592444587453,1.6611091136703957,0.105,0.0,0.0,0.105,1.0,0.0,0.0,1.0
2.6000000000000014,-4.576117740640277,-0.612185403695413,0.105,0.0,0.0,0.105,1.0,0.0,0.0,1.0
2.299999999999997,-2.608704178405186,0.6302740716821058,0.105,0.0,0.0,0.105,1.0,0.0,0.0,1.0
2.5009999999999977,-0.11655587436092069,-0.29754226820068125,0.105,0.0,0.0,0.105,1.0,0.0,0.0,1.0
2.5,-3.424978848410216,-0.27633958480672793,0.105,0.0,0.0,0.105,1.0,0.0,0.0,1.0
2.5,-1.9930813647536714,-2.44085134841272,0.105,0.0,0.0,0.105,1.0,0.0,0.0,1.0
2.5999999999999943,-0.47077470056255216,-2.3161229555887206,0.105,0.0,0.0,0.105,1.0,0.0,0.0,1.0
2.1999999999999957,-3.897870499605405,-1.4732808561298156,0.105,0.0,0.0,0.105,1.0,0.0,0.0,1.0
2.2010000000000005,-3.613434630647912,1.8791719660254385,0.105,0.0,0.0,0.105,1.0,0.0,0.0,1.0
2.4010000000000034,-4.1904646917262465,-0.3486877465443485,0.105,0.0,0.0,0.105,1.0,0.0,0.0,1.0
2.4010000000000034,-0.37676129656998325,-0.30326267765117376,0.105,0.0,0.0,0.105,1.0,0.0,0.0,1.0
2.5,-1.2829271050853246,1.680427146875964,0.105,0.0,0.0,0.105,1.0,0.0,0.0,1.0
2.299999999999997,-3.1104318429985796,1.8012057329961864,0.105,0.0,0.0,0.105,1.0,0.0,0.0,1.0
2.6000000000000014,-1.9177883020146487,0.7438863842101398,0.105,0.0,0.0,0.105,1.0,0.0,0.0,1.0
2.6999999999999957,-1.8670442467962476,2.2895390534749644,0.105,0.0,0.0,0.105,1.0,0.0,0.0,1.0
2.6000000000000014,-0.9157633316057339,0.4749109689841774,0.105,0.0,0.0,0.105,1.0,0.0,0.0,1.0
2.5999999999999943,-4.371886889050197,0.9219714642301261,0.105,0.0,0.0,0.105,1.0,0.0,0.0,1.0
2.5,-4.1615795974527945,-1.8327133329848244,0.105,0.0,0.0,0.105,1.0,0.0,0.0,1.0
2.5009999999999977,-3.6521809586408938,1.556952010520396,0.105,0.0,0.0,0.105,1.0,0.0,0.0,1.0
2.6999999999999957,-3.7694730416086784,-0.5532612980586823,0.105,0.0,0.0,0.105,1.0,0.0,0.0,1.0
2.5,-1.094105216577241,0.1267745277143227,0.105,0.0,0.0,0.105,1.0,0.0,0.0,1.0
2.300999999999995,-2.3909615255410634,0.3734691655825319,0.105,0.0,0.0,0.105,1.0,0.0,0.0,1.0
2.3000000000000043,-0.20292330011256146,-0.6088135049911415,0.105,0.0,0.0,0.105,1.0,0.0,0.0,1.0
2.4009999999999962,-3.988523150607467,-2.119712496705476,0.105,0.0,0.0,0.105,1.0,0.0,0.0,1.0
2.503,-2.2006006657706383,1.7785919247036224,0.105,0.0,0.0,0.105,1.0,0.0,0.0,1.0
2.4010000000000034,-2.5110097709652615,-1.071617278385948,0.105,0.0,0.0,0.105,1.0,0.0,0.0,1.0
2.4009999999999962,-1.3351171977521006,-1.5266771609596375,0.105,0.0,0.0,0.105,1.0,0.0,0.0,1.0
2.3999999999999986,-1.5334493098910125,0.802015997611233,0.105,0.0,0.0,0.105,1.0,0.0,0.0,1.0
2.3000000000000043,-3.6407914652276445,-2.150928807345482,0.105,0.0,0.0,0.105,1.0,0.0,0.0,1.0
2.5,-2.3118031417615925,1.1790705602541058,0.105,0.0,0.0,0.105,1.0,0.0,0.0,1.0
2.4000000000000057,-0.5919325298219104,2.0040999603281295,0.105,0.0,0.0,0.105,1.0,0.0,0.0,1.0
2.5999999999999943,-3.8073152776083496,2.1188679362447087,0.105,0.0,0.0,0.105,1.0,0.0,0.0,1.0
2.700000000000003,-3.7566244249413954,0.8028497533278434,0.105,0.0,0.0,0.105,1.0,0.0,0.0,1.0
2.5999999999999943,-1.02556638975027,2.439630601195421,0.105,0.0,0.0,0.105,1.0,0.0,0.0,1.0
2.3999999999999986,-4.061911440287462,0.3003835049326393,0.105,0.0,0.0,0.105,1.0,0.0,0.0,1.0
2.5,-2.1197704895133365,-2.28102140538628,0.105,0.0,0.0,0.105,1.0,0.0,0.0,1.0
2.4000000000000057,-4.406146737572025,-0.13961854761380826,0.105,0.0,0.0,0.105,1.0,0.0,0.0,1.0
2.4009999999999962,-3.0222869192061705,1.1241394916104104,0.105,0.0,0.0,0.105,1.0,0.0,0.0,1.0
2.3999999999999986,-0.3137296982426643,1.041397641015051,0.105,0.0,0.0,0.105,1.0,0.0,0.0,1.0
2.5,-4.756751899154111,-0.3750735792766694,0.105,0.0,0.0,0.105,1.0,0.0,0.0,1.0
2.5,-0.051753660533542224,1.910370851551076,0.105,0.0,0.0,0.105,1.0,0.0,0.0,1.0
2.6999999999999957,-3.4630614614254296,1.773855133655741,0.105,0.0,0.0,0.105,1.0,0.0,0.0,1.0
2.6000000000000014,-4.744392117202623,-1.2756356102381523,0.105,0.0,0.0,0.105,1.0,0.0,0.0,1.0
2.700000000000003,-2.475136107042601,1.9480108273510532,0.105,0.0,0.0,0.105,1.0,0.0,0.0,1.0
2.5,-1.0851233155733622,-1.3383203271421003,0.105,0.0,0.0,0.105,1.0,0.0,0.0,1.0
2.6000000000000014,-1.2889936760352383,-2.3482691440216366,0.105,0.0,0.0,0.105,1.0,0.0,0.0,1.0
2.2079999999999984,-3.8110306072109807,1.4641435564368908,0.105,0.0,0.0,0.105,1.0,0.0,0.0,1.0
2.299999999999997,-2.4572074179559773,1.3767550813628142,0.105,0.0,0.0,0.105,1.0,0.0,0.0,1.0
2.503,-3.9236652424150296,-0.22681743629920634,0.105,0.0,0.0,0.105,1.0,0.0,0.0,1.0
2.4010000000000034,-2.125758971196916,2.1390206844173836,0.105,0.0,0.0,0.105,1.0,0.0,0.0,1.0
2.5,-2.001950213671601,1.7654005123363619,0.105,0.0,0.0,0.105,1.0,0.0,0.0,1.0
2.301000000000002,-3.6086313993462222,0.45134970145411213,0.105,0.0,0.0,0.105,1.0,0.0,0.0,1.0
2.3999999999999986,-0.12622566598844145,1.3787901754604384,0.105,0.0,0.0,0.105,1.0,0.0,0.0,1.0
2.3999999999999986,-1.7323417601234048,2.3948010109862428,0.105,0.0,0.0,0.105,1.0,0.0,0.0,1.0
2.5010000000000048,-1.11821403860159,1.490178160951852,0.105,0.0,0.0,0.105,1.0,0.0,0.0,1.0
2.5,-0.9859419343222592,-0.8656966037131116,0.105,0.0,0.0,0.105,1.0,0.0,0.0,1.0
2.5010000000000048,-4.209629276244914,1.015023347090647,0.105,0.0,0.0,0.105,1.0,0.0,0.0,1.0
2.1999999999999957,-2.168175314765178,0.5535039755918065,0.105,0.0,0.0,0.105,1.0,0.0,0.0,1.0
2.6000000000000014,-1.2716758015017529,1.0774084878152865,0.105,0.0,0.0,0.105,1.0,0.0,0.0,1.0
2.402000000000001,-2.7298009259021687,2.2416304717089135,0.105,0.0,0.0,0.105,1.0,0.0,0.0,1.0
2.5,-1.4317189812539377,-1.328296297316615,0.105,0.0,0.0,0.105,1.0,0.0,0.0,1.0
2.5999999999999943,-0.5700694821599666,1.3533258444339795,0.105,0.0,0.0,0.105,1.0,0.0,0.0,1.0
2.5010000000000048,-1.6220874030023427,0.42751095215404405,0.105,0.0,0.0,0.105,1.0,0.0,0.0,1.0
2.5,-0.6051465122879874,-0.5221062439288425,0.105,0.0,0.0,0.105,1.0,0.0,0.0,1.0
2.5,-1.4198971217209133,-2.4053803445976616,0.105,0.0,0.0,0.105,1.0,0.0,0.0,1.0
2.799999999999997,-1.1041057173077957,-0.5837762101529149,0.105,0.0,0.0,0.105,1.0,0.0,0.0,1.0
2.6000000000000014,-2.253710638410716,0.8410656233199555,0.105,0.0,0.0,0.105,1.0,0.0,0.0,1.0
2.4010000000000034,-1.8157593115524526,-0.3997506974849928,0.105,0.0,0.0,0.105,1.0,0.0,0.0,1.0
2.3999999999999986,-4.149073578718968,-2.4071340338090845,0.105,0.0,0.0,0.105,1.0,0.0,0.0,1.0
2.3999999999999986,-4.521699511599989,1.2416113803995217,0.105,0.0,0.0,0.105,1.0,0.0,0.0,1.0
2.6000000000000014,-4.837630666528785,-0.5039419636230495,0.105,0.0,0.0,0.105,1.0,0.0,0.0,1.0
2.5,-3.122313794551403,2.1991637492350438,0.105,0.0,0.0,0.105,1.0,0.0,0.0,1.0
2.3000000000000043,-4.817879260755012,-1.9636070296533499,0.105,0.0,0.0,0.105,1.0,0.0,0.0,1.0
2.5,-4.9514893898753005,2.2613923898154944,0.105,0.0,0.0,0.105,1.0,0.0,0.0,1.0
2.6000000000000014,-2.090393631498665,-1.4792039760436404,0.105,0.0,0.0,0.105,1.0,0.0,0.0,1.0
2.299999999999997,-1.099472944462806,0.8802863079787773,0.105,0.0,0.0,0.105,1.0,0.0,0.0,1.0
2.4009999999999962,-4.205231666997062,-2.3620655355487985,0.105,0.0,0.0,0.105,1.0,0.0,0.0,1.0
2.5,-2.3371440044490583,-1.3534809138668804,0.105,0.0,0.0,0.105,1.0,0.0,0.0,1.0
2.3000000000000043,-2.8288115630959307,-0.731238262720464,0.105,0.0,0.0,0.105,1.0,0.0,0.0,1.0
2.1999999999999957,-0.5871075030886221,-2.2369015454235384,0.105,0.0,0.0,0.105,1.0,0.0,0.0,1.0
2.5,-0.5042772454330657,-2.4239703580245835,0.105,0.0,0.0,0.105,1.0,0.0,0.0,1.0
2.5,-0.35071420235273937,1.3784549094104819,0.105,0.0,0.0,0.105,1.0,0.0,0.0,1.0
2.3999999999999986,-2.850761950230567,-1.413265836613983,0.105,0.0,0.0,0.105,1.0,0.0,0.0,1.0
2.3999999999999986,-1.8007826817468753,0.19189818727826036,0.105,0.0,0.0,0.105,1.0,0.0,0.0,1.0
2.1999999999999957,-0.3075678532126917,-2.481378458284098,0.105,0.0,0.0,0.105,1.0,0.0,0.0,1.0
2.4000000000000057,-4.789101585929631,1.4783535458012091,0.105,0.0,0.0,0.105,1.0,0.0,0.0,1.0
2.5,-3.9060107106553446,2.271573720324498,0.105,0.0,0.0,0.105,1.0,0.0,0.0,1.0
2.5,-3.542517444063385,-0.5767458119900312,0.105,0.0,0.0,0.105,1.0,0.0,0.0,1.0
2.299999999999997,-3.672641236992159,0.17692479859338683,0.105,0.0,0.0,0.105,1.0,0.0,0.0,1.0
2.5,-2.649807963267712,2.0697038036883426,0.105,0.0,0.0,0.105,1.0,0.0,0.0,1.0
2.6999999999999957,-2.5980391619492633,-1.324901667386043,0.105,0.0,0.0,0.105,1.0,0.0,0.0,1.0
2.1999999999999957,-4.24624191835348,-0.19385819182088904,0.105,0.0,0.0,0.105,1.0,0.0,0.0,1.0
2.3000000000000043,-0.016098024992602537,-0.25000354900781757,0.105,0.0,0.0,0.105,1.0,0.0,0.0,1.0
2.6000000000000014,-1.2099710624438653,1.6253816050447165,0.105,0.0,0.0,0.105,1.0,0.0,0.0,1.0
2.5999999999999943,-0.7072464578762474,0.7672769504317548,0.105,0.0,0.0,0.105,1.0,0.0,0.0,1.0
2.299999999999997,-4.018186393608854,1.9817190648824026,0.105,0.0,0.0,0.105,1.0,0.0,0.0,1.0
2.5010000000000048,-1.8067354775455347,1.885648146899957,0.105,0.0,0.0,0.105,1.0,0.0,0.0,1.0
2.6000000000000014,-2.417769714124302,0.07918882417754515,0.105,0.0,0.0,0.105,1.0,0.0,0.0,1.0
2.5,-0.8192523566001321,-1.8072483253487548,0.105,0.0,0.0,0.105,1.0,0.0,0.0,1.0
2.5,-4.690664543133721,0.546425609064178,0.105,0.0,0.0,0.105,1.0,0.0,0.0,1.0
2.5,-3.6690495012458855,-1.965818576340711,0.105,0.0,0.0,0.105,1.0,0.0,0.0,1.0
2.3999999999999986,-4.681218084171182,1.998520733053973,0.105,0.0,0.0,0.105,1.0,0.0,0.0,1.0
2.5,-4.238178937866908,-2.2779158914669777,0.105,0.0,0.0,0.105,1.0,0.0,0.0,1.0
2.6000000000000014,-4.7210360211600575,-1.2815591278548892,0.105,0.0,0.0,0.105,1.0,0.0,0.0,1.0
2.5999999999999943,-1.7259923130191621,0.24709963325146803,0.105,0.0,0.0,0.105,1.0,0.0,0.0,1.0
2.5,-3.033416044585598,1.137519024048929,0.105,0.0,0.0,0.105,1.0,0.0,0.0,1.0
2.6000000000000014,-4.878958459094231,2.0331307935154066,0.105,0.0,0.0,0.105,1.0,0.0,0.0,1.0
2.5009999999999977,-2.8929721044362107,1.1580343999971963,0.105,0.0,0.0,0.105,1.0,0.0,0.0,1.0
2.300999999999995,-0.6107772515602278,1.613346150156537,0.105,0.0,0.0,0.105,1.0,0.0,0.0,1.0
2.6000000000000014,-3.943815050305128,1.9735614035508515,0.105,0.0,0.0,0.105,1.0,0.0,0.0,1.0
2.5,-2.2807953604091433,0.9622990243859626,0.105,0.0,0.0,0.105,1.0,0.0,0.0,1.0
2.5,-0.2754055139709894,-2.3492403685414622,0.105,0.0,0.0,0.105,1.0,0.0,0.0,1.0
2.503,-0.6576790353422364,-2.156069895210564,0.105,0.0,0.0,0.105,1.0,0.0,0.0,1.0
2.5,-4.621009230632927,-0.9406258806039267,0.105,0.0,0.0,0.105,1.0,0.0,0.0,1.0
2.700000000000003,-1.876900747753285,-0.43153037552287293,0.105,0.0,0.0,0.105,1.0,0.0,0.0,1.0
2.6999999999999957,-4.934623737810579,-0.8548221128724347,0.105,0.0,0.0,0.105,1.0,0.0,0.0,1.0
2.5999999999999943,-1.3315904611928517,-0.8256745797061205,0.105,0.0,0.0,0.105,1.0,0.0,0.0,1.0
2.3999999999999986,-0.7825628681034966,2.017576473656402,0.105,0.0,0.0,0.105,1.0,0.0,0.0,1.0
2.5,-3.766360523476648,-2.219832055575512,0.105,0.0,0.0,0.105,1.0,0.0,0.0,1.0
2.800999999999995,-1.2594695112047647,-0.34316427751728107,0.105,0.0,0.0,0.105,1.0,0.0,0.0,1.0
2.5,-1.2790005632854282,-0.38265398875218837,0.105,0.0,0.0,0.105,1.0,0.0,0.0,1.0
2.5,-1.6789530840836802,1.7231405102106332,0.105,0.0,0.0,0.105,1.0,0.0,0.0,1.0
2.3999999999999986,-0.7229720034877274,-2.364272654556684,0.105,0.0,0.0,0.105,1.0,0.0,0.0,1.0
2.6999999999999957,-3.170151601789042,1.260555688976471,0.105,0.0,0.0,0.105,1.0,0.0,0.0,1.0
2.4009999999999962,-0.5801088134730575,-0.2576843972226991,0.105,0.0,0.0,0.105,1.0,0.0,0.0,1.0
2.5,-2.2110385990442416,1.8968112966391424,0.105,0.0,0.0,0.105,1.0,0.0,0.0,1.0
2.3999999999999986,-3.995925592103633,0.8452588024373427,0.105,0.0,0.0,0.105,1.0,0.0,0.0,1.0
2.299999999999997,-2.254528416397115,2.480470815239359,0.105,0.0,0.0,0.105,1.0,0.0,0.0,1.0
2.5,-1.4346301685716765,2.157667385413103,0.105,0.0,0.0,0.105,1.0,0.0,0.0,1.0
2.5,-1.2931875778486306,-2.0885489211152772,0.105,0.0,0.0,0.105,1.0,0.0,0.0,1.0
2.5120000000000005,-1.8366585605875407,1.7465251536249806,0.105,0.0,0.0,0.105,1.0,0.0,0.0,1.0
2.5,-0.43884890295731066,1.081210683175823,0.105,0.0,0.0,0.105,1.0,0.0,0.0,1.0
2.5020000000000024,-0.9503184269493576,0.32525491816047997,0.105,0.0,0.0,0.105,1.0,0.0,0.0,1.0
2.6000000000000014,-2.110309175750547,2.1788884339206667,0.105,0.0,0.0,0.105,1.0,0.0,0.0,1.0
2.5009999999999977,-1.3753489064543054,-1.4236024145923158,0.105,0.0,0.0,0.105,1.0,0.0,0.0,1.0
2.3999999999999986,-3.6211968299217276,1.9315445429948124,0.105,0.0,0.0,0.105,1.0,0.0,0.0,1.0
2.5,-3.8185990287761564,-2.2449642667362655,0.105,0.0,0.0,0.105,1.0,0.0,0.0,1.0
2.5,-2.321959471678585,0.382455180873092,0.105,0.0,0.0,0.105,1.0,0.0,0.0,1.0
2.4010000000000034,-4.641071951435213,-1.2634538829044857,0.105,0.0,0.0,0.105,1.0,0.0,0.0,1.0
2.3999999999999986,-1.6093289137111522,1.17521952809177,0.105,0.0,0.0,0.105,1.0,0.0,0.0,1.0
2.504000000000005,-3.4841873524814218,2.3127298751030763,0.105,0.0,0.0,0.105,1.0,0.0,0.0,1.0
2.5,-2.896703563777199,-1.752880574402265,0.105,0.0,0.0,0.105,1.0,0.0,0.0,1.0
2.3999999999999986,-3.945780486032209,0.7177031772078092,0.105,0.0,0.0,0.105,1.0,0.0,0.0,1.0
2.600999999999999,-2.6342137473782703,-2.2386520608474396,0.105,0.0,0.0,0.105,1.0,0.0,0.0,1.0
2.7010000000000005,-3.9042706403576126,2.3954106805258255,0.105,0.0,0.0,0.105,1.0,0.0,0.0,1.0
2.5,-4.774924098992953,-1.442228596573011,0.105,0.0,0.0,0.105,1.0,0.0,0.0,1.0
2.5,-0.7876374413486787,0.6590039023472024,0.105,0.0,0.0,0.105,1.0,0.0,0.0,1.0
2.6000000000000014,-3.672649136725738,1.1790436855890218,0.105,0.0,0.0,0.105,1.0,0.0,0.0,1.0
2.5,-0.5950828229205387,-0.722731459801693,0.105,0.0,0.0,0.105,1.0,0.0,0.0,1.0
2.5,-1.9327545925783607,1.0121671412822746,0.105,0.0,0.0,0.105,1.0,0.0,0.0,1.0
2.6000000000000014,-3.555891864766784,0.2709540181010354,0.105,0.0,0.0,0.105,1.0,0.0,0.0,1.0
2.600999999999999,-4.66775947808463,-1.4449069091266813,0.105,0.0,0.0,0.105,1.0,0.0,0.0,1.0
2.4009999999999962,-1.9990293817826226,1.3577606171367371,0.105,0.0,0.0,0.105,1.0,0.0,0.0,1.0
2.5009999999999977,-4.9287488022471795,1.1526644972592566,0.105,0.0,0.0,0.105,1.0,0.0,0.0,1.0
2.5,-2.145227330601388,-2.1595006476987897,0.105,0.0,0.0,0.105,1.0,0.0,0.0,1.0
2.5,-2.6352961607715133,-2.323926258693774,0.105,0.0,0.0,0.105,1.0,0.0,0.0,1.0
2.600999999999999,-2.4497177352500663,2.1800194627228846,0.105,0.0,0.0,0.105,1.0,0.0,0.0,1.0
2.5,-0.8442090111709138,-0.5265858404904893,0.105,0.0,0.0,0.105,1.0,0.0,0.0,1.0
2.700000000000003,-3.4097838857884257,1.7232309395450702,0.105,0.0,0.0,0.105,1.0,0.0,0.0,1.0
2.5060000000000002,-0.08198663506016907,2.4683849836644454,0.105,0.0,0.0,0.105,1.0,0.0,0.0,1.0
2.5,-2.022388205035404,-1.6509191374517587,0.105,0.0,0.0,0.105,1.0,0.0,0.0,1.0
2.6000000000000014,-1.614370313926858,0.5202173735083212,0.105,0.0,0.0,0.105,1.0,0.0,0.0,1.0
2.5,-1.321123356721625,0.6889236779943889,0.105,0.0,0.0,0.105,1.0,0.0,0.0,1.0
2.5999999999999943,-0.09270050658493566,-0.7807778684677859,0.105,0.0,0.0,0.105,1.0,0.0,0.0,1.0
2.5,-0.7210401501364159,2.3512983468268773,0.105,0.0,0.0,0.105,1.0,0.0,0.0,1.0
2.3999999999999986,-0.7566073848848749,1.4438541303659682,0.105,0.0,0.0,0.105,1.0,0.0,0.0,1.0
2.6000000000000014,-3.8297152067584097,-0.2738412906011039,0.105,0.0,0.0,0.105,1.0,0.0,0.0,1.0
2.600999999999999,-4.268910231906231,1.8661423172094909,0.105,0.0,0.0,0.105,1.0,0.0,0.0,1.0
2.5,-4.372710703025961,-1.9650630746006992,0.105,0.0,0.0,0.105,1.0,0.0,0.0,1.0
2.3999999999999986,-0.38457163582800225,0.7891311638387936,0.105,0.0,0.0,0.105,1.0,0.0,0.0,1.0
2.3999999999999986,-3.540322467490248,0.44014559497338746,0.105,0.0,0.0,0.105,1.0,0.0,0.0,1.0
2.700000000000003,-1.8535910507562852,-0.5427517380097845,0.105,0.0,0.0,0.105,1.0,0.0,0.0,1.0
2.5999999999999943,-0.6300995617663141,-1.7777398552207329,0.105,0.0,0.0,0.105,1.0,0.0,0.0,1.0
2.5,-4.377862752470335,0.6724420775515698,0.105,0.0,0.0,0.105,1.0,0.0,0.0,1.0
2.4000000000000057,-1.2619505195904,0.20202482265321348,0.105,0.0,0.0,0.105,1.0,0.0,0.0,1.0
2.5,-4.923548284458916,-2.323385588903577,0.105,0.0,0.0,0.105,1.0,0.0,0.0,1.0
2.5,-4.9007475540723915,2.3136231974866823,0.105,0.0,0.0,0.105,1.0,0.0,0.0,1.0
2.3999999999999986,-2.011364489383794,1.6128232019778974,0.105,0.0,0.0,0.105,1.0,0.0,0.0,1.0
2.3999999999999986,-4.232174022334944,-1.7148680685407047,0.105,0.0,0.0,0.105,1.0,0.0,0.0,1.0
2.5,-1.4967079770398293,0.9366616279858215,0.105,0.0,0.0,0.105,1.0,0.0,0.0,1.0
2.4010000000000034,-1.0977615976739288,-0.7996994383422513,0.105,0.0,0.0,0.105,1.0,0.0,0.0,1.0
2.5999999999999943,-1.0333624540110595,2.469633166144757,0.105,0.0,0.0,0.105,1.0,0.0,0.0,1.0
2.6000000000000014,-2.9020301192442655,-0.9608695998161638,0.105,0.0,0.0,0.105,1.0,0.0,0.0,1.0
2.5,-1.6041278169563526,1.4300793331542734,0.105,0.0,0.0,0.105,1.0,0.0,0.0,1.0
2.5,-3.1759935580471526,1.193445937416144,0.105,0.0,0.0,0.105,1.0,0.0,0.0,1.0
2.5,-0.5750955722076425,2.168435270959908,0.105,0.0,0.0,0.105,1.0,0.0,0.0,1.0
2.5,-4.146440738591287,0.07282574909246144,0.105,0.0,0.0,0.105,1.0,0.0,0.0,1.0
2.5999999999999943,-1.2499325324704225,0.7561510444245001,0.105,0.0,0.0,0.105,1.0,0.0,0.0,1.0
2.6999999999999957,-1.75105622671445,0.2131109774240249,0.105,0.0,0.0,0.105,1.0,0.0,0.0,1.0
2.5999999999999943,-2.0024930380002157,-0.8100145249026051,0.105,0.0,0.0,0.105,1.0,0.0,0.0,1.0
2.304000000000002,-2.2975630227314654,0.7322486389148688,0.105,0.0,0.0,0.105,1.0,0.0,0.0,1.0
2.604999999999997,-0.19261626378391083,0.5734251777997607,0.105,0.0,0.0,0.105,1.0,0.0,0.0,1.0
2.5999999999999943,-3.4682502829171242,-0.9812885192884084,0.105,0.0,0.0,0.105,1.0,0.0,0.0,1.0
2.6999999999999957,-4.711489519540736,-0.7744319727983208,0.105,0.0,0.0,0.105,1.0,0.0,0.0,1.0
2.5999999999999943,-3.2207655760138363,0.41078640354980694,0.105,0.0,0.0,0.105,1.0,0.0,0.0,1.0
2.5,-0.44132132393816953,0.5840527634711519,0.105,0.0,0.0,0.105,1.0,0.0,0.0,1.0
2.5999999999999943,-2.2929705179554083,0.6973889073430892,0.105,0.0,0.0,0.105,1.0,0.0,0.0,1.0
2.5,-1.998638371175267,0.882355811822087,0.105,0.0,0.0,0.105,1.0,0.0,0.0,1.0
2.4010000000000034,-0.34412380468896875,2.232207982499906,0.105,0.0,0.0,0.105,1.0,0.0,0.0,1.0
2.5999999999999943,-4.296878006137379,-2.2381193839274136,0.105,0.0,0.0,0.105,1.0,0.0,0.0,1.0
2.4009999999999962,-1.6480378006411613,-0.8451399919329288,0.105,0.0,0.0,0.105,1.0,0.0,0.0,1.0
2.5,-1.7672879209944354,-2.4300552484423883,0.105,0.0,0.0,0.105,1.0,0.0,0.0,1.0
2.5,-2.3851982342617037,-0.6145565409471669,0.105,0.0,0.0,0.105,1.0,0.0,0.0,1.0
2.299999999999997,-2.4033290885008607,0.9445675760444563,0.105,0.0,0.0,0.105,1.0,0.0,0.0,1.0
2.3999999999999986,-4.726191199843883,1.470252693611152,0.105,0.0,0.0,0.105,1.0,0.0,0.0,1.0
2.3999999999999986,-0.8901991338416626,1.2248945514806417,0.105,0.0,0.0,0.105,1.0,0.0,0.0,1.0
2.3999999999999986,-4.957150522051292,1.5441469093712759,0.105,0.0,0.0,0.105,1.0,0.0,0.0,1.0
2.5019999999999953,-0.024151828549429176,1.1271755506310583,0.105,0.0,0.0,0.105,1.0,0.0,0.0,1.0
2.299999999999997,-0.1890496681281668,0.09009330457939846,0.105,0.0,0.0,0.105,1.0,0.0,0.0,1.0
2.5010000000000048,-0.20455439480719795,0.5527594850547786,0.105,0.0,0.0,0.105,1.0,0.0,0.0,1.0
2.1999999999999957,-2.973330285082979,2.484843092017774,0.105,0.0,0.0,0.105,1.0,0.0,0.0,1.0
2.5999999999999943,-1.0600716854975227,-1.8304743800600214,0.105,0.0,0.0,0.105,1.0,0.0,0.0,1.0
2.5999999999999943,-3.6893659996576496,0.18626806538351348,0.105,0.0,0.0,0.105,1.0,0.0,0.0,1.0
2.299999999999997,-3.2084235473873703,-2.41862602270297,0.105,0.0,0.0,0.105,1.0,0.0,0.0,1.0
2.5,-4.397802666406739,-2.3314111627400345,0.105,0.0,0.0,0.105,1.0,0.0,0.0,1.0
2.5,-2.461073164468745,-2.435877406264052,0.105,0.0,0.0,0.105,1.0,0.0,0.0,1.0
2.5,-4.15043808708578,-2.099503981741644,0.105,0.0,0.0,0.105,1.0,0.0,0.0,1.0
2.1999999999999957,-1.2624005353516117,-1.1409303625929026,0.105,0.0,0.0,0.105,1.0,0.0,0.0,1.0
2.5009999999999977,-2.7406150017642563,2.0492823618849783,0.105,0.0,0.0,0.105,1.0,0.0,0.0,1.0
2.5,-3.795978796767713,1.1731972781240985,0.105,0.0,0.0,0.105,1.0,0.0,0.0,1.0
2.6000000000000014,-0.6187773208019054,-1.9968760702777697,0.105,0.0,0.0,0.105,1.0,0.0,0.0,1.0
2.5,-3.8597584285124045,0.8818661111245166,0.105,0.0,0.0,0.105,1.0,0.0,0.0,1.0
2.3999999999999986,-0.8675668957816719,-1.2323672578222817,0.105,0.0,0.0,0.105,1.0,0.0,0.0,1.0
2.5999999999999943,-1.5280970876110684,-0.35836737268784635,0.105,0.0,0.0,0.105,1.0,0.0,0.0,1.0
2.6000000000000014,-3.2291194503618366,-0.028003872896184098,0.105,0.0,0.0,0.105,1.0,0.0,0.0,1.0
2.3999999999999986,-4.643294984717646,1.7943026729629807,0.105,0.0,0.0,0.105,1.0,0.0,0.0,1.0
2.6999999999999957,-0.3786199592976618,1.0165981840698533,0.105,0.0,0.0,0.105,1.0,0.0,0.0,1.0
2.5009999999999977,-1.3515405313391435,-0.14408790433265534,0.105,0.0,0.0,0.105,1.0,0.0,0.0,1.0
2.7010000000000005,-1.4149316481089431,-0.5821855724000705,0.105,0.0,0.0,0.105,1.0,0.0,0.0,1.0
2.503,-0.9458315858483487,-1.793520504391977,0.105,0.0,0.0,0.105,1.0,0.0,0.0,1.0
2.5999999999999943,-1.5368300059499151,0.033305433845857824,0.105,0.0,0.0,0.105,1.0,0.0,0.0,1.0
2.6000000000000014,-2.746050866939738,-1.99763825942481,0.105,0.0,0.0,0.105,1.0,0.0,0.0,1.0
2.3999999999999986,-0.7009712796909437,1.1963574316541903,0.105,0.0,0.0,0.105,1.0,0.0,0.0,1.0
2.3999999999999986,-0.24601888409441086,0.30901908381699794,0.105,0.0,0.0,0.105,1.0,0.0,0.0,1.0
2.6000000000000014,-3.879563826518246,-0.49262303156568876,0.105,0.0,0.0,0.105,1.0,0.0,0.0,1.0
2.6000000000000014,-4.349951993380774,2.2977608595751025,0.105,0.0,0.0,0.105,1.0,0.0,0.0,1.0
2.5,-0.7060837777465099,2.4940284702213367,0.105,0.0,0.0,0.105,1.0,0.0,0.0,1.0
2.5,-0.7107778322770018,0.22857648114511964,0.105,0.0,0.0,0.105,1.0,0.0,0.0,1.0
2.5,-4.5381399708159815,-1.9145374341841461,0.105,0.0,0.0,0.105,1.0,0.0,0.0,1.0
2.5999999999999943,-3.927234620393018,1.1248784126549851,0.105,0.0,0.0,0.105,1.0,0.0,0.0,1.0
2.5,-0.1716702594712128,-1.2244927617962762,0.105,0.0,0.0,0.105,1.0,0.0,0.0,1.0
2.6000000000000014,-0.22682172547552767,0.3809049394737233,0.105,0.0,0.0,0.105,1.0,0.0,0.0,1.0
2.5,-0.3594374275716569,0.26503367370358755,0.105,0.0,0.0,0.105,1.0,0.0,0.0,1.0
2.5,-0.9505563520848166,1.7373169771592718,0.105,0.0,0.0,0.105,1.0,0.0,0.0,1.0
2.202999999999996,-0.9899238679448704,1.3916575124131496,0.105,0.0,0.0,0.105,1.0,0.0,0.0,1.0
2.5,-0.9449695790611756,-0.84351956158409,0.105,0.0,0.0,0.105,1.0,0.0,0.0,1.0
2.5,-3.343851360817604,0.724381096811285,0.105,0.0,0.0,0.105,1.0,0.0,0.0,1.0
2.5019999999999953,-4.2751477962333455,-0.03794850146007695,0.105,0.0,0.0,0.105,1.0,0.0,0.0,1.0
2.6000000000000014,-2.0882904989764413,0.2774395956103998,0.105,0.0,0.0,0.105,1.0,0.0,0.0,1.0
2.5999999999999943,-4.225771801763709,1.7154690976181861,0.105,0.0,0.0,0.105,1.0,0.0,0.0,1.0
2.5009999999999977,-3.052320992890104,2.0464459219506566,0.105,0.0,0.0,0.105,1.0,0.0,0.0,1.0
2.700000000000003,-0.8186530320117498,1.3782839615590299,0.105,0.0,0.0,0.105,1.0,0.0,0.0,1.0
2.5,-3.0296061385160096,-0.30432026155042524,0.105,0.0,0.0,0.105,1.0,0.0,0.0,1.0
2.600999999999999,-2.2275404018076186,-0.9379678264405115,0.105,0.0,0.0,0.105,1.0,0.0,0.0,1.0
2.600999999999999,-1.5914553951967894,2.2621828518506786,0.105,0.0,0.0,0.105,1.0,0.0,0.0,1.0
2.299999999999997,-0.3010852524272028,1.5822504835839748,0.105,0.0,0.0,0.105,1.0,0.0,0.0,1.0
2.5999999999999943,-2.4333630114012332,0.3407749019221085,0.105,0.0,0.0,0.105,1.0,0.0,0.0,1.0
2.5,-0.7273713535210616,0.3491670561170165,0.105,0.0,0.0,0.105,1.0,0.0,0.0,1.0
2.6000000000000014,-1.8760221530683552,-1.482520990755507,0.105,0.0,0.0,0.105,1.0,0.0,0.0,1.0
2.4009999999999962,-2.481500764249596,-0.22053839565585442,0.105,0.0,0.0,0.105,1.0,0.0,0.0,1.0
2.5999999999999943,-3.0760225304966804,1.0523730625479617,0.105,0.0,0.0,0.105,1.0,0.0,0.0,1.0
2.5,-3.6958334215171162,-1.474047660644277,0.105,0.0,0.0,0.105,1.0,0.0,0.0,1.0
2.3029999999999973,-1.0667525966287394,2.025590639677455,0.105,0.0,0.0,0.105,1.0,0.0,0.0,1.0
2.408999999999999,-3.1488006217575215,1.9044375073259994,0.105,0.0,0.0,0.105,1.0,0.0,0.0,1.0
2.5,-2.032853175627684,-2.202519416671194,0.105,0.0,0.0,0.105,1.0,0.0,0.0,1.0
2.299999999999997,-4.195708384714749,0.47055201649480627,0.105,0.0,0.0,0.105,1.0,0.0,0.0,1.0
2.4000000000000057,-4.193913814719822,1.8261637378929776,0.105,0.0,0.0,0.105,1.0,0.0,0.0,1.0
2.700000000000003,-2.138017636056775,0.058099235926451165,0.105,0.0,0.0,0.105,1.0,0.0,0.0,1.0
2.6000000000000014,-0.4957034188522176,1.1507553299092936,0.105,0.0,0.0,0.105,1.0,0.0,0.0,1.0
2.3999999999999986,-1.9108319861825533,-2.3565657548652097,0.105,0.0,0.0,0.105,1.0,0.0,0.0,1.0
2.700000000000003,-1.7092254256191213,-0.761349146206866,0.105,0.0,0.0,0.105,1.0,0.0,0.0,1.0
2.5,-3.59694242259439,-1.818936684500423,0.105,0.0,0.0,0.105,1.0,0.0,0.0,1.0
2.5,-0.005723449705693043,-0.4597872076829645,0.105,0.0,0.0,0.105,1.0,0.0,0.0,1.0
2.6000000000000014,-2.944501138906841,0.8576635895094888,0.105,0.0,0.0,0.105,1.0,0.0,0.0,1.0
2.5,-1.3529389930587032,-0.005292698397587471,0.105,0.0,0.0,0.105,1.0,0.0,0.0,1.0
2.4029999999999987,-1.5702405251424414,2.171858313190492,0.105,0.0,0.0,0.105,1.0,0.0,0.0,1.0
2.5999999999999943,-4.1791942427153055,0.9086922510079024,0.105,0.0,0.0,0.105,1.0,0.0,0.0,1.0
2.6000000000000014,-1.4508977601244046,-2.0243805863001874,0.105,0.0,0.0,0.105,1.0,0.0,0.0,1.0
2.5,-3.471730584700824,-0.4852431706618041,0.105,0.0,0.0,0.105,1.0,0.0,0.0,1.0
2.6999999999999957,-2.880597215811822,-1.9494506586358884,0.105,0.0,0.0,0.105,1.0,0.0,0.0,1.0
2.600999999999999,-4.656613249006713,-1.0097802391116026,0.105,0.0,0.0,0.105,1.0,0.0,0.0,1.0
2.5,-3.9472251099594566,-2.3597727895798517,0.105,0.0,0.0,0.105,1.0,0.0,0.0,1.0
2.6019999999999968,-1.6878694896022746,-2.012037974619644,0.105,0.0,0.0,0.105,1.0,0.0,0.0,1.0
2.5999999999999943,-4.902015732071156,0.6255167984705692,0.105,0.0,0.0,0.105,1.0,0.0,0.0,1.0
2.4000000000000057,-3.8711942504633967,0.44135902733663707,0.105,0.0,0.0,0.105,1.0,0.0,0.0,1.0
2.3999999999999986,-3.7590076197423095,1.80387341324875,0.105,0.0,0.0,0.105,1.0,0.0,0.0,1.0
2.3999999999999986,-2.7603135056508132,1.5915340015661064,0.105,0.0,0.0,0.105,1.0,0.0,0.0,1.0
2.6000000000000014,-4.591889356356627,0.8241712425659259,0.105,0.0,0.0,0.105,1.0,0.0,0.0,1.0
2.5999999999999943,-4.060044048386207,0.8634471487787408,0.105,0.0,0.0,0.105,1.0,0.0,0.0,1.0
2.5999999999999943,-0.9661296613159505,2.267017095717507,0.105,0.0,0.0,0.105,1.0,0.0,0.0,1.0
2.5,-2.2263353727151496,-0.09487120884162788,0.105,0.0,0.0,0.105,1.0,0.0,0.0,1.0
2.6000000000000014,-0.1537558050545517,1.8153074167314533,0.105,0.0,0.0,0.105,1.0,0.0,0.0,1.0
2.3999999999999986,-3.999063371842109,0.17355981780389163,0.105,0.0,0.0,0.105,1.0,0.0,0.0,1.0
2.600999999999999,-0.20432218353100404,-2.0218975624836073,0.105,0.0,0.0,0.105,1.0,0.0,0.0,1.0
2.299999999999997,-0.65218291286116,-0.2539255766579625,0.105,0.0,0.0,0.105,1.0,0.0,0.0,1.0
2.3999999999999986,-1.8770800681228215,1.0969529546586103,0.105,0.0,0.0,0.105,1.0,0.0,0.0,1.0
2.3999999999999986,-4.640430514754212,-1.4084502365086529,0.105,0.0,0.0,0.105,1.0,0.0,0.0,1.0
2.5999999999999943,-0.7208887342307511,-2.4838187649463137,0.105,0.0,0.0,0.105,1.0,0.0,0.0,1.0
2.5,-3.092746796656703,-2.4547543104225,0.105,0.0,0.0,0.105,1.0,0.0,0.0,1.0
2.600999999999999,-2.3622788706845075,1.7097806852252717,0.105,0.0,0.0,0.105,1.0,0.0,0.0,1.0
2.5999999999999943,-0.1749786323573759,-0.4039662512498842,0.105,0.0,0.0,0.105,1.0,0.0,0.0,1.0
2.6000000000000014,-1.7967878851545738,-0.4441305536116462,0.105,0.0,0.0,0.105,1.0,0.0,0.0,1.0
2.5,-1.1798196495085922,0.05050187964953998,0.105,0.0,0.0,0.105,1.0,0.0,0.0,1.0
2.6000000000000014,-1.5463807978006057,-2.256586185160357,0.105,0.0,0.0,0.105,1.0,0.0,0.0,1.0
2.3999999999999986,-4.7039264298636265,2.4142560484954783,0.105,0.0,0.0,0.105,1.0,0.0,0.0,1.0
2.6000000000000014,-2.1374277287692993,1.6421654718276855,0.105,0.0,0.0,0.105,1.0,0.0,0.0,1.0
2.6000000000000014,-3.5055311716635704,0.26183062093784926,0.105,0.0,0.0,0.105,1.0,0.0,0.0,1.0
2.299999999999997,-4.5821180754893565,1.5829546043511076,0.105,0.0,0.0,0.105,1.0,0.0,0.0,1.0
2.5,-4.344003739816773,-0.7808541388686142,0.105,0.0,0.0,0.105,1.0,0.0,0.0,1.0
2.5,-1.6429627996013965,1.2905371892813204,0.105,0.0,0.0,0.105,1.0,0.0,0.0,1.0
2.6000000000000014,-3.0797473223970653,2.234869791539722,0.105,0.0,0.0,0.105,1.0,0.0,0.0,1.0
2.600999999999999,-4.497223019507961,1.728719941217646,0.105,0.0,0.0,0.105,1.0,0.0,0.0,1.0
2.5,-4.0842079464965595,2.3728137800199134,0.105,0.0,0.0,0.105,1.0,0.0,0.0,1.0
2.701999999999998,-0.2310455256928105,-1.4548434333526716,0.105,0.0,0.0,0.105,1.0,0.0,0.0,1.0
2.5,-3.26245320807043,-1.7792002406918943,0.105,0.0,0.0,0.105,1.0,0.0,0.0,1.0
2.200000000000003,-1.3572111975954464,-0.75311031577164,0.105,0.0,0.0,0.105,1.0,0.0,0.0,1.0
2.3999999999999986,-3.795699050229446,-1.3470819936699152,0.105,0.0,0.0,0.105,1.0,0.0,0.0,1.0
2.6999999999999957,-1.6891446918899526,-1.1657427323342113,0.105,0.0,0.0,0.105,1.0,0.0,0.0,1.0
2.3999999999999986,-3.261822162910549,-2.111873570975675,0.105,0.0,0.0,0.105,1.0,0.0,0.0,1.0
2.299999999999997,-4.67439241043291,-1.206643323494052,0.105,0.0,0.0,0.105,1.0,0.0,0.0,1.0
2.5,-1.3872813695217734,2.422734967658918,0.105,0.0,0.0,0.105,1.0,0.0,0.0,1.0
2.5,-1.6330079907690764,-0.06262409077775073,0.105,0.0,0.0,0.105,1.0,0.0,0.0,1.0
2.6000000000000014,-0.8932717659142513,-0.7109380233594822,0.105,0.0,0.0,0.105,1.0,0.0,0.0,1.0
2.5,-3.947974564806427,0.9511348970699953,0.105,0.0,0.0,0.105,1.0,0.0,0.0,1.0
2.6999999999999957,-4.0467371405877595,1.3278493731904693,0.105,0.0,0.0,0.105,1.0,0.0,0.0,1.0
2.4000000000000057,-0.8885396569755039,0.941487211844116,0.105,0.0,0.0,0.105,1.0,0.0,0.0,1.0
2.5,-2.2231544369582905,-2.1044884574500937,0.105,0.0,0.0,0.105,1.0,0.0,0.0,1.0
2.700000000000003,-3.1578180548792876,-2.290509310223858,0.105,0.0,0.0,0.105,1.0,0.0,0.0,1.0
2.700000000000003,-3.302894337047779,1.2783610910591665,0.105,0.0,0.0,0.105,1.0,0.0,0.0,1.0
2.3999999999999986,-4.39816030262622,-0.08214557175022509,0.105,0.0,0.0,0.105,1.0,0.0,0.0,1.0
2.5,-3.5898580508561713,-1.2565039655325205,0.105,0.0,0.0,0.105,1.0,0.0,0.0,1.0
2.600999999999999,-3.548302169595491,1.6026635944987073,0.105,0.0,0.0,0.105,1.0,0.0,0.0,1.0
2.404999999999994,-0.8972477550718825,0.7542105151262446,0.105,0.0,0.0,0.105,1.0,0.0,0.0,1.0
2.5,-3.6441689372954533,-1.987399304153358,0.105,0.0,0.0,0.105,1.0,0.0,0.0,1.0
2.3999999999999986,-3.7220969139217934,2.377809250856137,0.105,0.0,0.0,0.105,1.0,0.0,0.0,1.0
2.5,-0.8054799741492715,-1.5572979461954757,0.105,0.0,0.0,0.105,1.0,0.0,0.0,1.0
2.6000000000000014,-2.831024403234087,1.832071546033641,0.105,0.0,0.0,0.105,1.0,0.0,0.0,1.0
2.5999999999999943,-1.3933574006358884,-1.0062847736848346,0.105,0.0,0.0,0.105,1.0,0.0,0.0,1.0
2.3999999999999986,-3.936723809661672,1.8985082953663701,0.105,0.0,0.0,0.105,1.0,0.0,0.0,1.0
2.5999999999999943,-0.17051137051384097,-0.3538016198760322,0.105,0.0,0.0,0.105,1.0,0.0,0.0,1.0
2.301000000000002,-4.649712810938191,0.2663951223272663,0.105,0.0,0.0,0.105,1.0,0.0,0.0,1.0
2.299999999999997,-4.320012408932905,-0.8974776827261518,0.105,0.0,0.0,0.105,1.0,0.0,0.0,1.0
2.5,-4.960443917355838,0.3966698616577935,0.105,0.0,0.0,0.105,1.0,0.0,0.0,1.0
2.299999999999997,-4.057847962241187,-2.137524305488112,0.105,0.0,0.0,0.105,1.0,0.0,0.0,1.0
2.2010000000000005,-4.437602071418867,2.4235452567175537,0.105,0.0,0.0,0.105,1.0,0.0,0.0,1.0
2.5,-0.8804934368863321,0.17232722337140596,0.105,0.0,0.0,0.105,1.0,0.0,0.0,1.0
2.5009999999999977,-2.073260529520717,-0.49200859415368575,0.105,0.0,0.0,0.105,1.0,0.0,0.0,1.0
2.6000000000000014,-1.151601585446555,-2.169284282018887,0.105,0.0,0.0,0.105,1.0,0.0,0.0,1.0
2.3999999999999986,-2.512617245161313,-2.119092898756021,0.105,0.0,0.0,0.105,1.0,0.0,0.0,1.0
2.3999999999999986,-3.5879006512018043,0.3928042244586289,0.105,0.0,0.0,0.105,1.0,0.0,0.0,1.0
2.5009999999999977,-1.9777965075627821,1.8359141533875187,0.105,0.0,0.0,0.105,1.0,0.0,0.0,1.0
2.5,-2.149108501447543,-0.9884423610581802,0.105,0.0,0.0,0.105,1.0,0.0,0.0,1.0
2.6000000000000014,-1.0177688177207789,-1.5600484260057135,0.105,0.0,0.0,0.105,1.0,0.0,0.0,1.0
2.4009999999999962,-3.9512261164330718,1.3269308506801525,0.105,0.0,0.0,0.105,1.0,0.0,0.0,1.0
2.5999999999999943,-4.498000737894948,-1.371948748810239,0.105,0.0,0.0,0.105,1.0,0.0,0.0,1.0
2.6000000000000014,-0.2084358908278568,1.7303344545035706,0.105,0.0,0.0,0.105,1.0,0.0,0.0,1.0
2.6999999999999957,-4.779863390053588,0.44070314935005117,0.105,0.0,0.0,0.105,1.0,0.0,0.0,1.0
2.300999999999995,-3.141794243696663,0.3669898559264897,0.105,0.0,0.0,0.105,1.0,0.0,0.0,1.0
2.5,-2.2139784058938847,0.43299544644335425,0.105,0.0,0.0,0.105,1.0,0.0,0.0,1.0
2.5,-2.097449245672446,1.566058670903688,0.105,0.0,0.0,0.105,1.0,0.0,0.0,1.0
2.3000000000000043,-4.56685012125443,-2.380622698827263,0.105,0.0,0.0,0.105,1.0,0.0,0.0,1.0
2.5999999999999943,-2.0989589151064676,-0.47717460202843887,0.105,0.0,0.0,0.105,1.0,0.0,0.0,1.0
2.5,-0.00623316989398841,2.2132643288878615,0.105,0.0,0.0,0.105,1.0,0.0,0.0,1.0
2.3999999999999986,-3.2061088059087415,1.4709515854169388,0.105,0.0,0.0,0.105,1.0,0.0,0.0,1.0
2.5010000000000048,-3.635563282812787,1.8548085590503391,0.105,0.0,0.0,0.105,1.0,0.0,0.0,1.0
2.5,-3.1733428832141515,1.9627487551689597,0.105,0.0,0.0,0.105,1.0,0.0,0.0,1.0
2.6000000000000014,-1.8490959289323916,0.41999979287847333,0.105,0.0,0.0,0.105,1.0,0.0,0.0,1.0
2.3999999999999986,-4.061411107927392,-2.081877550827664,0.105,0.0,0.0,0.105,1.0,0.0,0.0,1.0
2.6000000000000014,-0.9855291789529556,1.0895991988002978,0.105,0.0,0.0,0.105,1.0,0.0,0.0,1.0
2.5009999999999977,-3.4172899355380757,-0.4781282043725474,0.105,0.0,0.0,0.105,1.0,0.0,0.0,1.0
2.5009999999999977,-2.8973846211810526,-0.5435097854013274,0.105,0.0,0.0,0.105,1.0,0.0,0.0,1.0
2.3999999999999986,-1.065799354570443,-0.5868976790876214,0.105,0.0,0.0,0.105,1.0,0.0,0.0,1.0
2.3019999999999996,-4.032623883572571,-0.6994670743621468,0.105,0.0,0.0,0.105,1.0,0.0,0.0,1.0
2.6000000000000014,-1.2197085306270103,1.1953087281361088,0.105,0.0,0.0,0.105,1.0,0.0,0.0,1.0
2.5999999999999943,-3.6735387875308314,-1.7875754289328027,0.105,0.0,0.0,0.105,1.0,0.0,0.0,1.0
2.5019999999999953,-0.8437043113189993,-1.6937810464841248,0.105,0.0,0.0,0.105,1.0,0.0,0.0,1.0
2.5999999999999943,-1.830588443942118,-2.2773787986986425,0.105,0.0,0.0,0.105,1.0,0.0,0.0,1.0
2.602000000000004,-0.6061264768402788,1.8116021784740206,0.105,0.0,0.0,0.105,1.0,0.0,0.0,1.0
2.6060000000000016,-4.596570402210665,-1.2534029404155758,0.105,0.0,0.0,0.105,1.0,0.0,0.0,1.0
2.3000000000000043,-0.9182343546970307,1.0753907285313513,0.105,0.0,0.0,0.105,1.0,0.0,0.0,1.0
2.3999999999999986,-4.326313366870564,0.21774961966947703,0.105,0.0,0.0,0.105,1.0,0.0,0.0,1.0
2.5999999999999943,-3.218640900457307,-2.496108251981284,0.105,0.0,0.0,0.105,1.0,0.0,0.0,1.0
2.7049999999999983,-0.5406925055624533,1.7579905289922284,0.105,0.0,0.0,0.105,1.0,0.0,0.0,1.0
2.5,-0.6909958252152147,-1.2368717159843094,0.105,0.0,0.0,0.105,1.0,0.0,0.0,1.0
2.6999999999999957,-0.4436809421755724,-1.4223052868107056,0.105,0.0,0.0,0.105,1.0,0.0,0.0,1.0
2.5,-3.3230439728212726,-2.103170840349954,0.105,0.0,0.0,0.105,1.0,0.0,0.0,1.0
2.6000000000000014,-1.6970496824329517,0.27682283763469584,0.105,0.0,0.0,0.105,1.0,0.0,0.0,1.0
2.6000000000000014,-4.62702501478709,-1.9938676218765856,0.105,0.0,0.0,0.105,1.0,0.0,0.0,1.0
2.5,-1.7128974531528829,-0.5908781866674075,0.105,0.0,0.0,0.105,1.0,0.0,0.0,1.0
2.3999999999999986,-4.92513940304313,-2.4804303944573056,0.105,0.0,0.0,0.105,1.0,0.0,0.0,1.0
2.6000000000000014,-4.55644779689402,1.0483865495176836,0.105,0.0,0.0,0.105,1.0,0.0,0.0,1.0
2.6999999999999957,-1.8682105237340263,2.486708076292392,0.105,0.0,0.0,0.105,1.0,0.0,0.0,1.0
2.6000000000000014,-4.615317746052419,-1.5489806425764299,0.105,0.0,0.0,0.105,1.0,0.0,0.0,1.0
2.5999999999999943,-3.094376695572529,0.07753726604254053,0.105,0.0,0.0,0.105,1.0,0.0,0.0,1.0
2.5999999999999943,-2.699597186925894,0.3177532709242966,0.105,0.0,0.0,0.105,1.0,0.0,0.0,1.0
2.5,-2.7069827998577516,1.551785079000827,0.105,0.0,0.0,0.105,1.0,0.0,0.0,1.0
2.5,-2.178775022953205,0.03365336337807955,0.105,0.0,0.0,0.105,1.0,0.0,0.0,1.0
2.5999999999999943,-1.9689702815624213,2.0475874242493295,0.105,0.0,0.0,0.105,1.0,0.0,0.0,1.0
2.5999999999999943,-2.8452813138810464,-0.15327198465139025,0.105,0.0,0.0,0.105,1.0,0.0,0.0,1.0
2.5,-3.992308163836671,0.5513588074524199,0.105,0.0,0.0,0.105,1.0,0.0,0.0,1.0
2.6999999999999957,-4.73929859353559,0.6693457545911814,0.105,0.0,0.0,0.105,1.0,0.0,0.0,1.0
2.4000000000000057,-1.9769288075973694,0.9417547242035368,0.105,0.0,0.0,0.105,1.0,0.0,0.0,1.0
2.5,-4.221275185953433,-1.9312886620140213,0.105,0.0,0.0,0.105,1.0,0.0,0.0,1.0
2.5009999999999977,-0.4986932805450392,1.7126770487528502,0.105,0.0,0.0,0.105,1.0,0.0,0.0,1.0
2.5009999999999977,-1.5546449563005909,2.0280273884493427,0.105,0.0,0.0,0.105,1.0,0.0,0.0,1.0
2.600999999999999,-0.7922996409049313,1.4205934389343862,0.105,0.0,0.0,0.105,1.0,0.0,0.0,1.0
2.3999999999999986,-2.807621458812895,1.9563432747712797,0.105,0.0,0.0,0.105,1.0,0.0,0.0,1.0
2.4009999999999962,-1.6226613999186972,2.0767350902014323,0.105,0.0,0.0,0.105,1.0,0.0,0.0,1.0
2.5999999999999943,-1.9306766460799076,-1.059487665887666,0.105,0.0,0.0,0.105,1.0,0.0,0.0,1.0
2.700000000000003,-0.3658817825106526,2.328101408074001,0.105,0.0,0.0,0.105,1.0,0.0,0.0,1.0
2.600999999999999,-0.4044069495430874,-0.9886291707199818,0.105,0.0,0.0,0.105,1.0,0.0,0.0,1.0
2.5,-3.6803288174215463,-1.5864783927030992,0.105,0.0,0.0,0.105,1.0,0.0,0.0,1.0
2.5,-0.9245477689522423,0.5657363950583721,0.105,0.0,0.0,0.105,1.0,0.0,0.0,1.0
2.4009999999999962,-2.343302104060608,-0.6163764222046346,0.105,0.0,0.0,0.105,1.0,0.0,0.0,1.0
2.6999999999999957,-1.22758915315984,0.4684505117831288,0.105,0.0,0.0,0.105,1.0,0.0,0.0,1.0
2.6000000000000014,-0.9713110942635839,-0.4521686812461762,0.105,0.0,0.0,0.105,1.0,0.0,0.0,1.0
2.6000000000000014,-0.24332681671867637,2.132460924623762,0.105,0.0,0.0,0.105,1.0,0.0,0.0,1.0
2.5999999999999943,-0.7100927746744398,-1.141481208417973,0.105,0.0,0.0,0.105,1.0,0.0,0.0,1.0
2.5,-0.39970226820135263,-0.21783266186092043,0.105,0.0,0.0,0.105,1.0,0.0,0.0,1.0
2.3999999999999986,-3.7550361172618425,-0.018369938575800167,0.105,0.0,0.0,0.105,1.0,0.0,0.0,1.0
2.6999999999999957,-3.0243771935324895,-2.2618687840860296,0.105,0.0,0.0,0.105,1.0,0.0,0.0,1.0
2.299999999999997,-0.9254766625387186,-0.6513750131215131,0.105,0.0,0.0,0.105,1.0,0.0,0.0,1.0
2.5010000000000048,-1.2553524810111643,-0.9763899143621682,0.105,0.0,0.0,0.105,1.0,0.0,0.0,1.0
2.5019999999999953,-0.07647277406686276,-0.1850006316946117,0.105,0.0,0.0,0.105,1.0,0.0,0.0,1.0
2.600999999999999,-3.644455863556603,0.37220276000629926,0.105,0.0,0.0,0.105,1.0,0.0,0.0,1.0
2.5,-4.753493511706653,2.140655870429425,0.105,0.0,0.0,0.105,1.0,0.0,0.0,1.0
2.6000000000000014,-3.733350748809911,-1.9679831906306546,0.105,0.0,0.0,0.105,1.0,0.0,0.0,1.0
2.4080000000000013,-3.8251243151955157,0.781109775392861,0.105,0.0,0.0,0.105,1.0,0.0,0.0,1.0
2.3999999999999986,-3.5121978037555057,2.0625764602806025,0.105,0.0,0.0,0.105,1.0,0.0,0.0,1.0
2.5999999999999943,-0.29948357397213865,-0.39970081835511045,0.105,0.0,0.0,0.105,1.0,0.0,0.0,1.0
2.5010000000000048,-0.9965066549004323,-1.5381410108275266,0.105,0.0,0.0,0.105,1.0,0.0,0.0,1.0
2.5,-3.6063816801346347,-2.2166843719180513,0.105,0.0,0.0,0.105,1.0,0.0,0.0,1.0
2.6069999999999993,-4.491907261160413,-2.221948813999429,0.105,0.0,0.0,0.105,1.0,0.0,0.0,1.0
2.3000000000000043,-2.489545936930919,-1.202168024705739,0.105,0.0,0.0,0.105,1.0,0.0,0.0,1.0
2.600999999999999,-3.5952598015107577,-1.4858973405363385,0.105,0.0,0.0,0.105,1.0,0.0,0.0,1.0
2.6000000000000014,-2.9309645431127005,-0.49615253094897355,0.105,0.0,0.0,0.105,1.0,0.0,0.0,1.0
2.5,-0.6230824991525579,-1.4270914314902938,0.105,0.0,0.0,0.105,1.0,0.0,0.0,1.0
2.4010000000000034,-4.320003805702908,-0.7030328801644329,0.105,0.0,0.0,0.105,1.0,0.0,0.0,1.0
2.5999999999999943,-2.02074852182557,0.5880452584665237,0.105,0.0,0.0,0.105,1.0,0.0,0.0,1.0
2.5999999999999943,-0.20641737653549747,-1.4147595026955246,0.105,0.0,0.0,0.105,1.0,0.0,0.0,1.0
2.3999999999999986,-2.0293464223869697,-0.3069269101354092,0.105,0.0,0.0,0.105,1.0,0.0,0.0,1.0
2.6000000000000014,-1.4601582746659867,1.2006209190507438,0.105,0.0,0.0,0.105,1.0,0.0,0.0,1.0
2.3999999999999986,-0.25209016535222745,1.8472044338073494,0.105,0.0,0.0,0.105,1.0,0.0,0.0,1.0
2.5,-3.1950081810738404,-1.716299118445104,0.105,0.0,0.0,0.105,1.0,0.0,0.0,1.0
2.5999999999999943,-3.5369701374732845,-0.48965066580082767,0.105,0.0,0.0,0.105,1.0,0.0,0.0,1.0
2.5,-1.1592878925842183,-2.494549023759284,0.105,0.0,0.0,0.105,1.0,0.0,0.0,1.0
2.5049999999999955,-2.690850714631348,-0.5312240662614235,0.105,0.0,0.0,0.105,1.0,0.0,0.0,1.0
2.5,-4.9746465289482735,-1.890495828912165,0.105,0.0,0.0,0.105,1.0,0.0,0.0,1.0
2.5,-1.6550532788171584,0.1559406342987646,0.105,0.0,0.0,0.105,1.0,0.0,0.0,1.0
2.5,-4.291465108185176,0.8606752548159706,0.105,0.0,0.0,0.105,1.0,0.0,0.0,1.0
2.200000000000003,-0.3598414394328337,1.2408622394640965,0.105,0.0,0.0,0.105,1.0,0.0,0.0,1.0
2.5,-3.1303604277473323,1.8738604969850206,0.105,0.0,0.0,0.105,1.0,0.0,0.0,1.0
2.6000000000000014,-1.833388663260368,-0.3429499977606685,0.105,0.0,0.0,0.105,1.0,0.0,0.0,1.0
2.5,-3.010635643512193,-0.6119260327109586,0.105,0.0,0.0,0.105,1.0,0.0,0.0,1.0
2.5010000000000048,-1.1095296957650334,1.1233428191466848,0.105,0.0,0.0,0.105,1.0,0.0,0.0,1.0
2.5,-3.203364470942806,-1.5246567888721974,0.105,0.0,0.0,0.105,1.0,0.0,0.0,1.0
2.5999999999999943,-1.8163093192878843,-0.752893976907755,0.105,0.0,0.0,0.105,1.0,0.0,0.0,1.0
2.3999999999999986,-1.9072321685305538,-1.7602204363647571,0.105,0.0,0.0,0.105,1.0,0.0,0.0,1.0
2.5010000000000048,-1.8187815434932215,1.4056553890372843,0.105,0.0,0.0,0.105,1.0,0.0,0.0,1.0
2.5999999999999943,-4.144394958951774,-1.5273324049709565,0.105,0.0,0.0,0.105,1.0,0.0,0.0,1.0
2.4010000000000034,-4.991546091608278,-1.0171336489709515,0.105,0.0,0.0,0.105,1.0,0.0,0.0,1.0
2.6999999999999957,-4.575535579378756,2.39018792268486,0.105,0.0,0.0,0.105,1.0,0.0,0.0,1.0
2.5,-1.2726019179204522,0.15193053038759816,0.105,0.0,0.0,0.105,1.0,0.0,0.0,1.0
2.700000000000003,-3.849412842436658,0.3299135687829417,0.105,0.0,0.0,0.105,1.0,0.0,0.0,1.0
2.5999999999999943,-0.5801151352117487,-1.6373522159479044,0.105,0.0,0.0,0.105,1.0,0.0,0.0,1.0
2.6999999999999957,-1.6277425140235662,-2.4373531560803343,0.105,0.0,0.0,0.105,1.0,0.0,0.0,1.0
2.4010000000000034,-0.12069546836018114,-1.1782867067210878,0.105,0.0,0.0,0.105,1.0,0.0,0.0,1.0
2.5,-4.898917706065351,-2.202190557262958,0.105,0.0,0.0,0.105,1.0,0.0,0.0,1.0
2.5,-2.603766959417208,0.9343423165972923,0.105,0.0,0.0,0.105,1.0,0.0,0.0,1.0
2.5999999999999943,-3.219412483210156,0.7278158957040742,0.105,0.0,0.0,0.105,1.0,0.0,0.0,1.0
2.5999999999999943,-2.790981627969069,0.9919375507762456,0.105,0.0,0.0,0.105,1.0,0.0,0.0,1.0
2.7010000000000005,-3.023180633624499,0.7368487682213563,0.105,0.0,0.0,0.105,1.0,0.0,0.0,1.0
2.6000000000000014,-2.0748906634187847,0.4860308833935395,0.105,0.0,0.0,0.105,1.0,0.0,0.0,1.0
2.5999999999999943,-3.8639611571686676,-2.0546345932957144,0.105,0.0,0.0,0.105,1.0,0.0,0.0,1.0
2.4010000000000034,-2.752571577383353,-0.7990648035250386,0.105,0.0,0.0,0.105,1.0,0.0,0.0,1.0
2.4000000000000057,-1.430687396225354,-0.40083876855026,0.105,0.0,0.0,0.105,1.0,0.0,0.0,1.0
2.5999999999999943,-2.7269571445366183,1.234661231484052,0.105,0.0,0.0,0.105,1.0,0.0,0.0,1.0
2.5999999999999943,-1.2415872201015383,-2.492878793287819,0.105,0.0,0.0,0.105,1.0,0.0,0.0,1.0
2.6000000000000014,-3.3421008840859208,2.1756117925590783,0.105,0.0,0.0,0.105,1.0,0.0,0.0,1.0
2.600999999999999,-1.1935794286044878,-1.0332277076716123,0.105,0.0,0.0,0.105,1.0,0.0,0.0,1.0
2.6029999999999944,-0.8338235447627932,2.2887022703960898,0.105,0.0,0.0,0.105,1.0,0.0,0.0,1.0
2.5,-1.293329504819413,-2.446039669776021,0.105,0.0,0.0,0.105,1.0,0.0,0.0,1.0
2.5,-4.730538987267036,-1.8214059273857435,0.105,0.0,0.0,0.105,1.0,0.0,0.0,1.0
2.600999999999999,-0.3646820716500678,1.6237613981180645,0.105,0.0,0.0,0.105,1.0,0.0,0.0,1.0
2.4010000000000034,-4.971032796204225,-0.06482571992421293,0.105,0.0,0.0,0.105,1.0,0.0,0.0,1.0
2.4009999999999962,-4.010849428607784,-0.818077846604247,0.105,0.0,0.0,0.105,1.0,0.0,0.0,1.0
2.3999999999999986,-2.297010489982547,2.276336950278688,0.105,0.0,0.0,0.105,1.0,0.0,0.0,1.0
2.5999999999999943,-2.158932084826638,-0.5615333879147518,0.105,0.0,0.0,0.105,1.0,0.0,0.0,1.0
2.600999999999999,-0.2159040721846093,2.307159043301895,0.105,0.0,0.0,0.105,1.0,0.0,0.0,1.0
2.5,-0.9005904989538587,2.3718894952300613,0.105,0.0,0.0,0.105,1.0,0.0,0.0,1.0
2.6999999999999957,-2.630813167225371,1.2525697923817802,0.105,0.0,0.0,0.105,1.0,0.0,0.0,1.0
2.5,-2.8984612884478733,1.1261852361950553,0.105,0.0,0.0,0.105,1.0,0.0,0.0,1.0
2.6999999999999957,-1.9700468347328899,-2.460079861877647,0.105,0.0,0.0,0.105,1.0,0.0,0.0,1.0
2.3999999999999986,-0.028016761892177607,-0.9544461565653024,0.105,0.0,0.0,0.105,1.0,0.0,0.0,1.0
2.6000000000000014,-4.698297903804813,0.7637497703473656,0.105,0.0,0.0,0.105,1.0,0.0,0.0,1.0
2.604999999999997,-4.125655058279781,1.103432591028935,0.105,0.0,0.0,0.105,1.0,0.0,0.0,1.0
2.6999999999999957,-4.657583382137006,1.5902307554701427,0.105,0.0,0.0,0.105,1.0,0.0,0.0,1.0
2.600999999999999,-4.176973307183624,-2.345809308649627,0.105,0.0,0.0,0.105,1.0,0.0,0.0,1.0
2.6000000000000014,-4.428682100803573,1.5087443911629264,0.105,0.0,0.0,0.105,1.0,0.0,0.0,1.0
2.5009999999999977,-2.399680848866869,-1.2453719583865712,0.105,0.0,0.0,0.105,1.0,0.0,0.0,1.0
2.5,-2.2130692500632834,-2.372243775534368,0.105,0.0,0.0,0.105,1.0,0.0,0.0,1.0
2.5,-2.21985805772204,-0.09320831465518194,0.105,0.0,0.0,0.105,1.0,0.0,0.0,1.0
2.5010000000000048,-3.860103901663944,1.072016319763591,0.105,0.0,0.0,0.105,1.0,0.0,0.0,1.0
2.3999999999999986,-3.3651302976646784,0.7133411875604513,0.105,0.0,0.0,0.105,1.0,0.0,0.0,1.0
2.5009999999999977,-3.671166612165125,-1.0902622900518468,0.105,0.0,0.0,0.105,1.0,0.0,0.0,1.0
2.8000000000000043,-1.7630888372374462,0.6251377086694366,0.105,0.0,0.0,0.105,1.0,0.0,0.0,1.0
2.6000000000000014,-3.206236081596249,-2.1430936415658506,0.105,0.0,0.0,0.105,1.0,0.0,0.0,1.0
2.6000000000000014,-1.7508760509474155,-0.6650952129973989,0.105,0.0,0.0,0.105,1.0,0.0,0.0,1.0
2.4000000000000057,-2.9566389802580875,1.9525755958267594,0.105,0.0,0.0,0.105,1.0,0.0,0.0,1.0
2.5999999999999943,-1.5761277737153352,-0.4450626572588071,0.105,0.0,0.0,0.105,1.0,0.0,0.0,1.0
2.3999999999999986,-2.6743531754280947,2.0303354410429946,0.105,0.0,0.0,0.105,1.0,0.0,0.0,1.0
2.700000000000003,-4.796680605177783,-2.469807938479877,0.105,0.0,0.0,0.105,1.0,0.0,0.0,1.0
2.5999999999999943,-0.8964019526213761,-2.2875157662863517,0.105,0.0,0.0,0.105,1.0,0.0,0.0,1.0
2.5999999999999943,-3.1470265485177227,-0.6301618198854487,0.105,0.0,0.0,0.105,1.0,0.0,0.0,1.0
2.5999999999999943,-3.431557110011491,0.30136225337101147,0.105,0.0,0.0,0.105,1.0,0.0,0.0,1.0
2.4010000000000034,-2.7800633039924394,-1.2028503744815926,0.105,0.0,0.0,0.105,1.0,0.0,0.0,1.0
2.5,-2.6843183039992935,0.07719738845891898,0.105,0.0,0.0,0.105,1.0,0.0,0.0,1.0
2.5999999999999943,-3.1481095236323773,1.8254812752238303,0.105,0.0,0.0,0.105,1.0,0.0,0.0,1.0
2.5,-3.606066370535195,-1.210220956904055,0.105,0.0,0.0,0.105,1.0,0.0,0.0,1.0
2.5,-3.79701027286684,2.158897219666427,0.105,0.0,0.0,0.105,1.0,0.0,0.0,1.0
2.5,-4.622623867166405,0.9847911789577386,0.105,0.0,0.0,0.105,1.0,0.0,0.0,1.0
2.5999999999999943,-4.769640639191497,-0.08958927554267157,0.105,0.0,0.0,0.105,1.0,0.0,0.0,1.0
2.6000000000000014,-0.9414549319738458,-0.3346413173248588,0.105,0.0,0.0,0.105,1.0,0.0,0.0,1.0
2.5,-4.62874530603382,-0.18692343393187805,0.105,0.0,0.0,0.105,1.0,0.0,0.0,1.0
2.299999999999997,-2.194971691335911,-2.212269463029456,0.105,0.0,0.0,0.105,1.0,0.0,0.0,1.0
2.4010000000000034,-4.313171620827577,1.251089174656803,0.105,0.0,0.0,0.105,1.0,0.0,0.0,1.0
2.5,-2.7019336329310017,2.025860961287229,0.105,0.0,0.0,0.105,1.0,0.0,0.0,1.0
2.6000000000000014,-0.46231505890909713,-1.0964286347363683,0.105,0.0,0.0,0.105,1.0,0.0,0.0,1.0
2.6000000000000014,-0.1406215206480808,-2.3909669574462193,0.105,0.0,0.0,0.105,1.0,0.0,0.0,1.0
2.6999999999999957,-1.155497793723731,-2.0485665035197567,0.105,0.0,0.0,0.105,1.0,0.0,0.0,1.0
2.5999999999999943,-0.2201971570974681,0.6580411341039952,0.105,0.0,0.0,0.105,1.0,0.0,0.0,1.0
2.5009999999999977,-1.5764780549386286,1.0551860432195863,0.105,0.0,0.0,0.105,1.0,0.0,0.0,1.0
2.5009999999999977,-2.890606999031324,1.2290572785957545,0.105,0.0,0.0,0.105,1.0,0.0,0.0,1.0
2.5,-2.3360822917944493,0.051138534166370354,0.105,0.0,0.0,0.105,1.0,0.0,0.0,1.0
2.6000000000000014,-3.865959658626769,1.306312597013403,0.105,0.0,0.0,0.105,1.0,0.0,0.0,1.0
2.299999999999997,-4.48889068062093,-1.3351691670318686,0.105,0.0,0.0,0.105,1.0,0.0,0.0,1.0
2.5,-0.07046772595414486,-1.2516894881614913,0.105,0.0,0.0,0.105,1.0,0.0,0.0,1.0
2.5,-4.443607680196764,-2.4571489432727924,0.105,0.0,0.0,0.105,1.0,0.0,0.0,1.0
2.6000000000000014,-4.697833504589659,-0.5075264676445563,0.105,0.0,0.0,0.105,1.0,0.0,0.0,1.0
2.6000000000000014,-0.013551770450210637,1.1403987748062927,0.105,0.0,0.0,0.105,1.0,0.0,0.0,1.0
2.6000000000000014,-1.8329210183197246,-1.7358640468931,0.105,0.0,0.0,0.105,1.0,0.0,0.0,1.0
2.3999999999999986,-1.802004192467622,0.7862868557155261,0.105,0.0,0.0,0.105,1.0,0.0,0.0,1.0
2.5009999999999977,-3.3812518906306903,-0.9302228805851112,0.105,0.0,0.0,0.105,1.0,0.0,0.0,1.0
2.5009999999999977,-0.5639954786512851,0.17968958878459795,0.105,0.0,0.0,0.105,1.0,0.0,0.0,1.0
2.5,-0.4754800742246955,1.3233277221955129,0.105,0.0,0.0,0.105,1.0,0.0,0.0,1.0
2.5009999999999977,-0.6418730055605839,2.4519706756062374,0.105,0.0,0.0,0.105,1.0,0.0,0.0,1.0
2.3000000000000043,-1.456414496064684,0.44890832275362136,0.105,0.0,0.0,0.105,1.0,0.0,0.0,1.0
2.6000000000000014,-0.28068295657813463,0.07449122026383508,0.105,0.0,0.0,0.105,1.0,0.0,0.0,1.0
2.5,-0.4461692553236918,0.07146596782017078,0.105,0.0,0.0,0.105,1.0,0.0,0.0,1.0
2.6069999999999993,-3.994820536880915,-0.8652163412793247,0.105,0.0,0.0,0.105,1.0,0.0,0.0,1.0
2.5020000000000024,-4.985120158793652,-1.2992326116766997,0.105,0.0,0.0,0.105,1.0,0.0,0.0,1.0
2.4009999999999962,-4.105972646160398,-2.217723019763789,0.105,0.0,0.0,0.105,1.0,0.0,0.0,1.0
2.6000000000000014,-3.2224802543334397,-0.5823437690196305,0.105,0.0,0.0,0.105,1.0,0.0,0.0,1.0
2.5,-3.229303147179807,-1.6597374363843123,0.105,0.0,0.0,0.105,1.0,0.0,0.0,1.0
2.6000000000000014,-0.28259931913813163,-1.8457002413439294,0.105,0.0,0.0,0.105,1.0,0.0,0.0,1.0
2.5999999999999943,-3.980761712287261,-1.324790842370322,0.105,0.0,0.0,0.105,1.0,0.0,0.0,1.0
2.7010000000000005,-4.236512164583489,1.8254851652152304,0.105,0.0,0.0,0.105,1.0,0.0,0.0,1.0
2.3999999999999986,-2.1608060817274595,-1.6675612293438813,0.105,0.0,0.0,0.105,1.0,0.0,0.0,1.0
2.6000000000000014,-4.208876609637069,2.12341920985602,0.105,0.0,0.0,0.105,1.0,0.0,0.0,1.0
2.6000000000000014,-4.592876587558925,-1.4370207777733601,0.105,0.0,0.0,0.105,1.0,0.0,0.0,1.0
2.799999999999997,-3.7423305043060213,0.20858241569881,0.105,0.0,0.0,0.105,1.0,0.0,0.0,1.0
2.6030000000000015,-0.21653148696854072,-1.1030766589692935,0.105,0.0,0.0,0.105,1.0,0.0,0.0,1.0
2.5,-1.7342483046453725,1.040439485971473,0.105,0.0,0.0,0.105,1.0,0.0,0.0,1.0
2.5,-4.3284168167661665,-0.2708926150528276,0.105,0.0,0.0,0.105,1.0,0.0,0.0,1.0
2.5,-1.2072178481300255,1.034189360968105,0.105,0.0,0.0,0.105,1.0,0.0,0.0,1.0
2.5010000000000048,-4.314766082147888,0.006504005023643662,0.105,0.0,0.0,0.105,1.0,0.0,0.0,1.0
2.3999999999999986,-1.0442746230569468,-2.446202825206159,0.105,0.0,0.0,0.105,1.0,0.0,0.0,1.0
2.5,-3.850466703577175,-0.25801368839169625,0.105,0.0,0.0,0.105,1.0,0.0,0.0,1.0
2.5,-3.832040514195876,0.8971968910506157,0.105,0.0,0.0,0.105,1.0,0.0,0.0,1.0
2.5079999999999956,-0.01576661239407269,1.0098710779449127,0.105,0.0,0.0,0.105,1.0,0.0,0.0,1.0
2.5,-4.822948594699991,-0.4898899876429618,0.105,0.0,0.0,0.105,1.0,0.0,0.0,1.0
2.700000000000003,-1.1191552221458632,2.2260370951907875,0.105,0.0,0.0,0.105,1.0,0.0,0.0,1.0
2.6999999999999957,-3.61737186990672,1.4002661758038268,0.105,0.0,0.0,0.105,1.0,0.0,0.0,1.0
2.5,-2.451452827895664,0.31235067337735106,0.105,0.0,0.0,0.105,1.0,0.0,0.0,1.0
2.5,-3.0534421078227347,-2.39168370480539,0.105,0.0,0.0,0.105,1.0,0.0,0.0,1.0
2.5999999999999943,-4.516191065652671,0.9598882448001945,0.105,0.0,0.0,0.105,1.0,0.0,0.0,1.0
2.6000000000000014,-3.477054293087437,0.5936390132457459,0.105,0.0,0.0,0.105,1.0,0.0,0.0,1.0
2.300999999999995,-3.954412882707086,-2.40228003803756,0.105,0.0,0.0,0.105,1.0,0.0,0.0,1.0
2.4040000000000035,-3.3694434682845045,-0.9934089355400763,0.105,0.0,0.0,0.105,1.0,0.0,0.0,1.0
2.5019999999999953,-4.654149130540761,1.5591082616877663,0.105,0.0,0.0,0.105,1.0,0.0,0.0,1.0
2.5,-0.0351280799947898,-1.838986364800591,0.105,0.0,0.0,0.105,1.0,0.0,0.0,1.0
2.3999999999999986,-4.812461732950375,-1.8988644255784324,0.105,0.0,0.0,0.105,1.0,0.0,0.0,1.0
2.600999999999999,-1.2365876995698197,-1.5870133165065032,0.105,0.0,0.0,0.105,1.0,0.0,0.0,1.0
2.3999999999999986,-2.670602658469186,0.07266072483287915,0.105,0.0,0.0,0.105,1.0,0.0,0.0,1.0
2.3999999999999986,-4.9796720323195105,0.6490032893629023,0.105,0.0,0.0,0.105,1.0,0.0,0.0,1.0
2.3999999999999986,-0.15461293580625987,1.5668645230928016,0.105,0.0,0.0,0.105,1.0,0.0,0.0,1.0
2.5,-4.131706854433152,-1.5733674417185743,0.105,0.0,0.0,0.105,1.0,0.0,0.0,1.0
2.5999999999999943,-3.7504140215717183,-0.1830221450958946,0.105,0.0,0.0,0.105,1.0,0.0,0.0,1.0
2.600999999999999,-0.049898192270514584,0.3121346846442134,0.105,0.0,0.0,0.105,1.0,0.0,0.0,1.0
2.6000000000000014,-2.1452066086230377,1.1397642759413364,0.105,0.0,0.0,0.105,1.0,0.0,0.0,1.0
2.2010000000000005,-2.5148873468865856,2.120469835323584,0.105,0.0,0.0,0.105,1.0,0.0,0.0,1.0
2.5999999999999943,-1.8131226550999242,-0.5545920597587142,0.105,0.0,0.0,0.105,1.0,0.0,0.0,1.0
2.5,-1.5664312569780976,-0.11292176884848697,0.105,0.0,0.0,0.105,1.0,0.0,0.0,1.0
2.4010000000000034,-2.8702808931353267,-1.9747581816724793,0.105,0.0,0.0,0.105,1.0,0.0,0.0,1.0
2.5,-4.316057489337425,-1.0006967562520197,0.105,0.0,0.0,0.105,1.0,0.0,0.0,1.0
2.6000000000000014,-3.025313389570929,-0.8368816961187633,0.105,0.0,0.0,0.105,1.0,0.0,0.0,1.0
2.6999999999999957,-1.5178501759897158,0.9141874215681948,0.105,0.0,0.0,0.105,1.0,0.0,0.0,1.0
2.600999999999999,-3.5327218199697783,-0.9839521293930216,0.105,0.0,0.0,0.105,1.0,0.0,0.0,1.0
2.6000000000000014,-2.1843215132005986,-0.660412607158902,0.105,0.0,0.0,0.105,1.0,0.0,0.0,1.0
2.6000000000000014,-4.226139062828918,-0.9370339551967176,0.105,0.0,0.0,0.105,1.0,0.0,0.0,1.0
2.6019999999999968,-0.5113147330986635,0.46517854852070006,0.105,0.0,0.0,0.105,1.0,0.0,0.0,1.0
2.6000000000000014,-2.152963069985671,-0.8431613283419763,0.105,0.0,0.0,0.105,1.0,0.0,0.0,1.0
2.6000000000000014,-0.41267814011392007,-2.479961373204498,0.105,0.0,0.0,0.105,1.0,0.0,0.0,1.0
2.5999999999999943,-4.213217757783361,2.137769384896776,0.105,0.0,0.0,0.105,1.0,0.0,0.0,1.0
2.3999999999999986,-4.507045976919712,-1.5708119156708191,0.105,0.0,0.0,0.105,1.0,0.0,0.0,1.0
2.5,-2.7783454462723243,-2.4480215721597673,0.105,0.0,0.0,0.105,1.0,0.0,0.0,1.0
2.700000000000003,-0.537518541652863,0.9483496622053953,0.105,0.0,0.0,0.105,1.0,0.0,0.0,1.0
2.700000000000003,-0.15047506873350572,-1.7809742282006082,0.105,0.0,0.0,0.105,1.0,0.0,0.0,1.0
2.5,-0.9794138487813584,-1.1927285928119475,0.105,0.0,0.0,0.105,1.0,0.0,0.0,1.0
2.5,-0.5505141002777708,0.01447378452037716,0.105,0.0,0.0,0.105,1.0,0.0,0.0,1.0
2.6000000000000014,-4.197963197231193,-1.9787276055706182,0.105,0.0,0.0,0.105,1.0,0.0,0.0,1.0
2.5,-0.06553874838328538,-1.709085533776157,0.105,0.0,0.0,0.105,1.0,0.0,0.0,1.0
2.700000000000003,-4.319793043413793,-0.018350525749372192,0.105,0.0,0.0,0.105,1.0,0.0,0.0,1.0
2.5999999999999943,-3.906560481171644,-2.384070488803567,0.105,0.0,0.0,0.105,1.0,0.0,0.0,1.0
2.6999999999999957,-2.1367233739197506,1.5066207449439502,0.105,0.0,0.0,0.105,1.0,0.0,0.0,1.0
2.4010000000000034,-1.7744453667467166,0.328058485138064,0.105,0.0,0.0,0.105,1.0,0.0,0.0,1.0
2.600999999999999,-4.4528003634979925,-2.486852894372481,0.105,0.0,0.0,0.105,1.0,0.0,0.0,1.0
2.3999999999999986,-0.0915352536210098,1.5554228466534032,0.105,0.0,0.0,0.105,1.0,0.0,0.0,1.0
2.5,-0.6192873146612178,-1.627292976445195,0.105,0.0,0.0,0.105,1.0,0.0,0.0,1.0
2.5019999999999953,-3.1749115916995527,-1.073919485018427,0.105,0.0,0.0,0.105,1.0,0.0,0.0,1.0
2.799999999999997,-2.6468791358528008,-1.4243518469420293,0.105,0.0,0.0,0.105,1.0,0.0,0.0,1.0
2.5999999999999943,-4.132704009370518,-0.49213983163673736,0.105,0.0,0.0,0.105,1.0,0.0,0.0,1.0
2.600999999999999,-4.769825689482974,2.0222210253826622,0.105,0.0,0.0,0.105,1.0,0.0,0.0,1.0
2.5,-4.641917431341034,-0.6623848655084452,0.105,0.0,0.0,0.105,1.0,0.0,0.0,1.0
2.5,-4.361891485480647,-2.4996312315526215,0.105,0.0,0.0,0.105,1.0,0.0,0.0,1.0
2.5,-0.4396179050295565,-1.1972082928328442,0.105,0.0,0.0,0.105,1.0,0.0,0.0,1.0
2.3999999999999986,-0.36352465529607103,-0.8765869963771016,0.105,0.0,0.0,0.105,1.0,0.0,0.0,1.0
2.5009999999999977,-3.6038037751966803,0.4704773129180045,0.105,0.0,0.0,0.105,1.0,0.0,0.0,1.0
2.6000000000000014,-4.022150474448462,-0.962952664847888,0.105,0.0,0.0,0.105,1.0,0.0,0.0,1.0
2.5009999999999977,-4.0332037158155805,0.8878289073628042,0.105,0.0,0.0,0.105,1.0,0.0,0.0,1.0
2.5020000000000024,-1.0729839874029103,-1.940381813702632,0.105,0.0,0.0,0.105,1.0,0.0,0.0,1.0
2.3999999999999986,-0.18158868597182015,-1.0458806948883383,0.105,0.0,0.0,0.105,1.0,0.0,0.0,1.0
2.5,-4.678237267705784,-1.0633050639818924,0.105,0.0,0.0,0.105,1.0,0.0,0.0,1.0
2.5999999999999943,-3.2146779850822242,-2.0965693377037207,0.105,0.0,0.0,0.105,1.0,0.0,0.0,1.0
2.5,-3.585283012946108,-0.2720525531469166,0.105,0.0,0.0,0.105,1.0,0.0,0.0,1.0
2.5,-3.290899932458931,-2.374997409286086,0.105,0.0,0.0,0.105,1.0,0.0,0.0,1.0
2.3030000000000044,-4.645807865426548,0.6841774472776496,0.105,0.0,0.0,0.105,1.0,0.0,0.0,1.0
2.600999999999999,-3.207703217069124,2.0749185866718447,0.105,0.0,0.0,0.105,1.0,0.0,0.0,1.0
2.6000000000000014,-2.9594857745958056,-2.306428025571012,0.105,0.0,0.0,0.105,1.0,0.0,0.0,1.0
2.5,-0.6255458798709485,2.448449953250987,0.105,0.0,0.0,0.105,1.0,0.0,0.0,1.0
2.6000000000000014,-4.938186334475479,-0.5681113709499316,0.105,0.0,0.0,0.105,1.0,0.0,0.0,1.0
2.3999999999999986,-0.2079446611791786,-2.421593311411024,0.105,0.0,0.0,0.105,1.0,0.0,0.0,1.0
2.4000000000000057,-4.660980857153969,0.7805430081738924,0.105,0.0,0.0,0.105,1.0,0.0,0.0,1.0
2.5,-1.361845181741022,0.4966687407352151,0.105,0.0,0.0,0.105,1.0,0.0,0.0,1.0
2.5999999999999943,-0.9150665666151044,-1.0633847067434539,0.105,0.0,0.0,0.105,1.0,0.0,0.0,1.0
2.5999999999999943,-0.3727984219532439,-0.14891678340807807,0.105,0.0,0.0,0.105,1.0,0.0,0.0,1.0
2.5009999999999977,-2.3415391023430265,-1.5805917804320908,0.105,0.0,0.0,0.105,1.0,0.0,0.0,1.0
2.5009999999999977,-3.541206762496885,0.7299687207036072,0.105,0.0,0.0,0.105,1.0,0.0,0.0,1.0
2.5,-3.778391128235521,-0.2892828162544858,0.105,0.0,0.0,0.105,1.0,0.0,0.0,1.0
2.5,-0.6852226349077888,2.1578967649549234,0.105,0.0,0.0,0.105,1.0,0.0,0.0,1.0
2.6000000000000014,-0.6549856180752286,-0.17423541726480338,0.105,0.0,0.0,0.105,1.0,0.0,0.0,1.0
2.5,-0.013795453485035804,0.9899667814740148,0.105,0.0,0.0,0.105,1.0,0.0,0.0,1.0
2.6999999999999957,-2.5317646793129236,0.3023249107594892,0.105,0.0,0.0,0.105,1.0,0.0,0.0,1.0
2.3999999999999986,-0.9438864831723656,0.5762515778983929,0.105,0.0,0.0,0.105,1.0,0.0,0.0,1.0
2.5,-1.4015332644214282,-0.7123424462619281,0.105,0.0,0.0,0.105,1.0,0.0,0.0,1.0
2.5999999999999943,-2.8406777891847717,-2.1080906897169287,0.105,0.0,0.0,0.105,1.0,0.0,0.0,1.0
2.700000000000003,-1.9035576394120457,1.8733794980859673,0.105,0.0,0.0,0.105,1.0,0.0,0.0,1.0
2.6999999999999957,-4.331958151464864,1.200165961057836,0.105,0.0,0.0,0.105,1.0,0.0,0.0,1.0
2.4000000000000057,-1.14102291412149,0.7781293738127857,0.105,0.0,0.0,0.105,1.0,0.0,0.0,1.0
2.5,-4.186268289388843,-1.7059637759313664,0.105,0.0,0.0,0.105,1.0,0.0,0.0,1.0
2.3999999999999986,-1.306476446757318,1.7300291120390117,0.105,0.0,0.0,0.105,1.0,0.0,0.0,1.0
2.600999999999999,-3.178656579010647,0.8414452454254132,0.105,0.0,0.0,0.105,1.0,0.0,0.0,1.0
2.5999999999999943,-4.974218934966479,-1.2475682676872046,0.105,0.0,0.0,0.105,1.0,0.0,0.0,1.0
2.6000000000000014,-1.7202798753338924,-2.4535930958025163,0.105,0.0,0.0,0.105,1.0,0.0,0.0,1.0
2.5999999999999943,-2.77922846025571,-2.168455495835843,0.105,0.0,0.0,0.105,1.0,0.0,0.0,1.0
2.5999999999999943,-1.355606172775945,-0.04151913947239359,0.105,0.0,0.0,0.105,1.0,0.0,0.0,1.0
2.5999999999999943,-0.4188038239135201,-1.5306520053707262,0.105,0.0,0.0,0.105,1.0,0.0,0.0,1.0
2.600999999999999,-3.5515759353276835,0.6668686315673066,0.105,0.0,0.0,0.105,1.0,0.0,0.0,1.0
2.5010000000000048,-0.28685166001269535,-1.564734998194495,0.105,0.0,0.0,0.105,1.0,0.0,0.0,1.0
2.5,-0.18885433634765098,-1.952327843678281,0.105,0.0,0.0,0.105,1.0,0.0,0.0,1.0
2.5999999999999943,-4.6565693213525465,1.490146119018018,0.105,0.0,0.0,0.105,1.0,0.0,0.0,1.0
2.5009999999999977,-0.39395309031574843,-2.4467418800232092,0.105,0.0,0.0,0.105,1.0,0.0,0.0,1.0
2.405999999999999,-3.7825519858678853,1.573449064943547,0.105,0.0,0.0,0.105,1.0,0.0,0.0,1.0
2.5009999999999977,-4.552787751162754,-0.5824599720230508,0.105,0.0,0.0,0.105,1.0,0.0,0.0,1.0
2.5999999999999943,-1.8576942791535853,0.19550459433021458,0.105,0.0,0.0,0.105,1.0,0.0,0.0,1.0
2.5,-4.515590315253811,-0.1738737340983362,0.105,0.0,0.0,0.105,1.0,0.0,0.0,1.0
2.5,-0.6643877600816736,1.7423733182037375,0.105,0.0,0.0,0.105,1.0,0.0,0.0,1.0
2.5,-2.126980736483655,1.2348212692816023,0.105,0.0,0.0,0.105,1.0,0.0,0.0,1.0
2.4010000000000034,-4.243510531759197,-0.8709950763318733,0.105,0.0,0.0,0.105,1.0,0.0,0.0,1.0
2.5,-0.9824354621933856,-1.081118884498826,0.105,0.0,0.0,0.105,1.0,0.0,0.0,1.0
2.5,-4.089561147483949,-0.9427575962050713,0.105,0.0,0.0,0.105,1.0,0.0,0.0,1.0
2.604999999999997,-3.370573134027247,-1.1185074393237424,0.105,0.0,0.0,0.105,1.0,0.0,0.0,1.0
2.0999999999999943,-4.8973491258165165,0.7281418498754685,0.105,0.0,0.0,0.105,1.0,0.0,0.0,1.0
2.6000000000000014,-4.44077484169978,-1.867697132682273,0.105,0.0,0.0,0.105,1.0,0.0,0.0,1.0
2.5999999999999943,-2.3881420179881103,1.7600307928635701,0.105,0.0,0.0,0.105,1.0,0.0,0.0,1.0
2.5,-3.253366976611457,-1.810990463324425,0.105,0.0,0.0,0.105,1.0,0.0,0.0,1.0
2.5999999999999943,-3.7857281709947563,-2.4256591276710218,0.105,0.0,0.0,0.105,1.0,0.0,0.0,1.0
2.5999999999999943,-1.6687815629557525,0.2676878432544464,0.105,0.0,0.0,0.105,1.0,0.0,0.0,1.0
2.700000000000003,-1.0233924539369554,-0.40098310623622446,0.105,0.0,0.0,0.105,1.0,0.0,0.0,1.0
2.4000000000000057,-3.562114247931483,2.479643379356957,0.105,0.0,0.0,0.105,1.0,0.0,0.0,1.0
2.5,-0.6765820924756165,2.4314724160041785,0.105,0.0,0.0,0.105,1.0,0.0,0.0,1.0
2.5,-4.910053169418529,-2.0208702205275064,0.105,0.0,0.0,0.105,1.0,0.0,0.0,1.0
2.6019999999999968,-0.03653567306566482,-0.05319393740944897,0.105,0.0,0.0,0.105,1.0,0.0,0.0,1.0
2.6999999999999957,-4.252375421994452,-0.35660488935820545,0.105,0.0,0.0,0.105,1.0,0.0,0.0,1.0
2.5,-1.978452918060879,-1.531460001389097,0.105,0.0,0.0,0.105,1.0,0.0,0.0,1.0
2.8000000000000043,-0.5438417765021535,-0.569833588132311,0.105,0.0,0.0,0.105,1.0,0.0,0.0,1.0
2.5999999999999943,-0.31468087953433266,0.19742657419769846,0.105,0.0,0.0,0.105,1.0,0.0,0.0,1.0
2.3999999999999986,-2.4594336960095857,-1.3434438877114074,0.105,0.0,0.0,0.105,1.0,0.0,0.0,1.0
2.4009999999999962,-4.7048997338980065,1.8080425582084303,0.105,0.0,0.0,0.105,1.0,0.0,0.0,1.0
2.5,-4.491103491593525,-0.8120319578425131,0.105,0.0,0.0,0.105,1.0,0.0,0.0,1.0
2.6019999999999968,-4.832204445201355,0.22305794092868098,0.105,0.0,0.0,0.105,1.0,0.0,0.0,1.0
2.5999999999999943,-3.7297287180737753,-0.6598669145785159,0.105,0.0,0.0,0.105,1.0,0.0,0.0,1.0
2.5,-0.43953568898073686,0.5434374926705582,0.105,0.0,0.0,0.105,1.0,0.0,0.0,1.0
2.3999999999999986,-0.9448621648425314,2.38146931329613,0.105,0.0,0.0,0.105,1.0,0.0,0.0,1.0
2.600999999999999,-1.8852590029794736,1.2262778854659204,0.105,0.0,0.0,0.105,1.0,0.0,0.0,1.0
2.5999999999999943,-4.157756892545261,-2.0317143805158757,0.105,0.0,0.0,0.105,1.0,0.0,0.0,1.0
2.5999999999999943,-0.13239590727678685,-0.5192091954260185,0.105,0.0,0.0,0.105,1.0,0.0,0.0,1.0
2.6000000000000014,-2.2071171887591814,1.8857628299531715,0.105,0.0,0.0,0.105,1.0,0.0,0.0,1.0
2.3999999999999986,-1.7841914444794724,-1.6408312450805382,0.105,0.0,0.0,0.105,1.0,0.0,0.0,1.0
2.4000000000000057,-2.0074414425505633,-2.1980549967957765,0.105,0.0,0.0,0.105,1.0,0.0,0.0,1.0
2.503999999999998,-0.19763138195105584,1.178483211997609,0.105,0.0,0.0,0.105,1.0,0.0,0.0,1.0
2.3000000000000043,-0.7847088437853783,1.3269176310875672,0.105,0.0,0.0,0.105,1.0,0.0,0.0,1.0
2.5,-1.4731593162818335,-2.2830478639628202,0.105,0.0,0.0,0.105,1.0,0.0,0.0,1.0
2.5,-1.0774408723438915,0.08564877176563176,0.105,0.0,0.0,0.105,1.0,0.0,0.0,1.0
2.3999999999999986,-3.469549117187533,1.5642182592417873,0.105,0.0,0.0,0.105,1.0,0.0,0.0,1.0
2.6000000000000014,-2.952559331290777,0.8271791722066808,0.105,0.0,0.0,0.105,1.0,0.0,0.0,1.0
2.5,-4.286784884919493,1.2136114368427566,0.105,0.0,0.0,0.105,1.0,0.0,0.0,1.0
2.4010000000000034,-3.2974191241742643,-2.2974017693333955,0.105,0.0,0.0,0.105,1.0,0.0,0.0,1.0
2.6000000000000014,-0.6632103649881503,-0.5735117652954191,0.105,0.0,0.0,0.105,1.0,0.0,0.0,1.0
2.5,-3.846050465319225,2.0425204748812122,0.105,0.0,0.0,0.105,1.0,0.0,0.0,1.0
2.4009999999999962,-3.5877888921681236,-0.3668573026177208,0.105,0.0,0.0,0.105,1.0,0.0,0.0,1.0
2.3000000000000043,-1.0123819453131655,-1.3345246211457815,0.105,0.0,0.0,0.105,1.0,0.0,0.0,1.0
2.5,-0.6669640939284445,1.5315727669010848,0.105,0.0,0.0,0.105,1.0,0.0,0.0,1.0
2.503,-0.2878124063478996,1.476811075918873,0.105,0.0,0.0,0.105,1.0,0.0,0.0,1.0
2.600999999999999,-2.8297489485274574,-0.26654177774968235,0.105,0.0,0.0,0.105,1.0,0.0,0.0,1.0
2.5,-2.7014829588196547,0.24470367154547856,0.105,0.0,0.0,0.105,1.0,0.0,0.0,1.0
2.3999999999999986,-0.8254053346781303,0.4066343358810754,0.105,0.0,0.0,0.105,1.0,0.0,0.0,1.0
2.5,-1.8814900026301642,1.2968705313037387,0.105,0.0,0.0,0.105,1.0,0.0,0.0,1.0
2.3999999999999986,-1.1106724560860057,-0.9741810558599433,0.105,0.0,0.0,0.105,1.0,0.0,0.0,1.0
2.3999999999999986,-2.3436426152136467,-1.6310650298373561,0.105,0.0,0.0,0.105,1.0,0.0,0.0,1.0
2.5999999999999943,-4.894995963527328,-1.330580981873615,0.105,0.0,0.0,0.105,1.0,0.0,0.0,1.0
2.5999999999999943,-4.228783806297139,-1.1433462526562266,0.105,0.0,0.0,0.105,1.0,0.0,0.0,1.0
2.603999999999999,-0.44935100326795385,1.0404909285522363,0.105,0.0,0.0,0.105,1.0,0.0,0.0,1.0
2.299999999999997,-1.3842407726543404,1.080329342411462,0.105,0.0,0.0,0.105,1.0,0.0,0.0,1.0
2.5,-4.65871948216661,0.3072779122082837,0.105,0.0,0.0,0.105,1.0,0.0,0.0,1.0
2.5999999999999943,-4.571937388905245,0.20180141972709562,0.105,0.0,0.0,0.105,1.0,0.0,0.0,1.0
2.601000000000006,-1.584617997767299,-0.37081676226402877,0.105,0.0,0.0,0.105,1.0,0.0,0.0,1.0
2.5,-3.2730550337868616,-0.6533003216485331,0.105,0.0,0.0,0.105,1.0,0.0,0.0,1.0
2.5,-2.4920269477262975,-1.7136374279950985,0.105,0.0,0.0,0.105,1.0,0.0,0.0,1.0
2.299999999999997,-1.3360563837469686,-1.826190944225166,0.105,0.0,0.0,0.105,1.0,0.0,0.0,1.0
2.5999999999999943,-1.707641514216365,2.335083392540389,0.105,0.0,0.0,0.105,1.0,0.0,0.0,1.0
2.4000000000000057,-3.5867615503766888,-1.067336533224135,0.105,0.0,0.0,0.105,1.0,0.0,0.0,1.0
2.6000000000000014,-2.338110263417559,-2.298466771185571,0.105,0.0,0.0,0.105,1.0,0.0,0.0,1.0
2.5,-2.878159458097864,1.3554000041152339,0.105,0.0,0.0,0.105,1.0,0.0,0.0,1.0
2.4009999999999962,-0.5262503131980352,2.2104227496169138,0.105,0.0,0.0,0.105,1.0,0.0,0.0,1.0
2.6000000000000014,-0.21908399632846517,2.2143225515164304,0.105,0.0,0.0,0.105,1.0,0.0,0.0,1.0
2.6999999999999957,-4.851970678485785,-0.8880522873441724,0.105,0.0,0.0,0.105,1.0,0.0,0.0,1.0
2.4000000000000057,-1.6031152520046357,1.339101555969735,0.105,0.0,0.0,0.105,1.0,0.0,0.0,1.0
2.5999999999999943,-0.6042577058707355,-0.24823823972339826,0.105,0.0,0.0,0.105,1.0,0.0,0.0,1.0
2.600999999999999,-3.7114757457480665,0.45715398550596964,0.105,0.0,0.0,0.105,1.0,0.0,0.0,1.0
2.5009999999999977,-0.698061448352149,0.48433685253650594,0.105,0.0,0.0,0.105,1.0,0.0,0.0,1.0
2.600999999999999,-2.187038161124066,0.12327088146947789,0.105,0.0,0.0,0.105,1.0,0.0,0.0,1.0
2.5,-3.53777950346959,2.294701116539927,0.105,0.0,0.0,0.105,1.0,0.0,0.0,1.0
2.5,-4.759329283103468,2.4643688160951625,0.105,0.0,0.0,0.105,1.0,0.0,0.0,1.0
2.4000000000000057,-2.1016466848567896,-1.8835356234036578,0.105,0.0,0.0,0.105,1.0,0.0,0.0,1.0
2.5010000000000048,-3.0947373818675943,1.2524494015601462,0.105,0.0,0.0,0.105,1.0,0.0,0.0,1.0
2.5999999999999943,-3.872838243729764,-1.5190791429549824,0.105,0.0,0.0,0.105,1.0,0.0,0.0,1.0
2.401999999999994,-3.9993763909430387,0.448139599701573,0.105,0.0,0.0,0.105,1.0,0.0,0.0,1.0
2.6000000000000014,-3.0092719672480555,2.4495341888807096,0.105,0.0,0.0,0.105,1.0,0.0,0.0,1.0
2.5,-3.839284184230733,-0.09081995843835129,0.105,0.0,0.0,0.105,1.0,0.0,0.0,1.0
2.3999999999999986,-3.0259599494666705,0.44840553349185874,0.105,0.0,0.0,0.105,1.0,0.0,0.0,1.0
2.5999999999999943,-0.522286806734417,-2.453305460747439,0.105,0.0,0.0,0.105,1.0,0.0,0.0,1.0
2.5,-3.5763168048891028,1.0136045221392869,0.105,0.0,0.0,0.105,1.0,0.0,0.0,1.0
2.6000000000000014,-4.8351605622969895,-0.5867998117491525,0.105,0.0,0.0,0.105,1.0,0.0,0.0,1.0
2.5999999999999943,-2.8316575077765385,1.379543230210659,0.105,0.0,0.0,0.105,1.0,0.0,0.0,1.0
2.6999999999999957,-1.8665313541622388,-1.104251464457664,0.105,0.0,0.0,0.105,1.0,0.0,0.0,1.0
2.4009999999999962,-2.988772309182279,0.453729500037152,0.105,0.0,0.0,0.105,1.0,0.0,0.0,1.0
2.5,-0.6226062445909455,1.7560753421311093,0.105,0.0,0.0,0.105,1.0,0.0,0.0,1.0
2.5999999999999943,-4.612880877862363,0.0072680651272518364,0.105,0.0,0.0,0.105,1.0,0.0,0.0,1.0
2.5,-0.9738131041673457,1.990145450662279,0.105,0.0,0.0,0.105,1.0,0.0,0.0,1.0
2.5,-3.0111463638190323,1.1903205754900221,0.105,0.0,0.0,0.105,1.0,0.0,0.0,1.0
2.5999999999999943,-3.7397277788748253,-2.010993520678791,0.105,0.0,0.0,0.105,1.0,0.0,0.0,1.0
2.5,-2.7826106920884723,0.1083383786307086,0.105,0.0,0.0,0.105,1.0,0.0,0.0,1.0
2.5009999999999977,-2.2677110392094555,1.0261016087882833,0.105,0.0,0.0,0.105,1.0,0.0,0.0,1.0
2.5,-2.6089955058496384,-2.4161178050708974,0.105,0.0,0.0,0.105,1.0,0.0,0.0,1.0
2.600999999999999,-1.7725377224316345,-0.37961305978940907,0.105,0.0,0.0,0.105,1.0,0.0,0.0,1.0
2.700000000000003,-2.0965285703965386,-1.3437332105445963,0.105,0.0,0.0,0.105,1.0,0.0,0.0,1.0
2.3999999999999986,-0.2621018186929804,-1.8070694500386921,0.105,0.0,0.0,0.105,1.0,0.0,0.0,1.0
2.5020000000000024,-2.6943350664589314,0.33930743861835205,0.105,0.0,0.0,0.105,1.0,0.0,0.0,1.0
2.3999999999999986,-3.810922535423443,-0.24673695882055224,0.105,0.0,0.0,0.105,1.0,0.0,0.0,1.0
2.5999999999999943,-3.850767500029836,1.6939311079475614,0.105,0.0,0.0,0.105,1.0,0.0,0.0,1.0
2.6000000000000014,-1.4585180276048408,-2.001086147500091,0.105,0.0,0.0,0.105,1.0,0.0,0.0,1.0
2.5,-2.5450372474689793,1.8980029384952277,0.105,0.0,0.0,0.105,1.0,0.0,0.0,1.0
2.6000000000000014,-3.0487432005697843,1.0765307207895176,0.105,0.0,0.0,0.105,1.0,0.0,0.0,1.0
2.5,-3.023773709880685,1.5545993651459853,0.105,0.0,0.0,0.105,1.0,0.0,0.0,1.0
2.5999999999999943,-1.0482527784714133,-1.8374997340993353,0.105,0.0,0.0,0.105,1.0,0.0,0.0,1.0
2.402000000000001,-3.263727169642417,1.1790183906543825,0.105,0.0,0.0,0.105,1.0,0.0,0.0,1.0
2.7010000000000005,-3.4089456121150854,-1.312371110798087,0.105,0.0,0.0,0.105,1.0,0.0,0.0,1.0
2.5009999999999977,-3.516878768235798,2.2452439299216587,0.105,0.0,0.0,0.105,1.0,0.0,0.0,1.0
2.5,-4.57403931348291,2.2554190775607146,0.105,0.0,0.0,0.105,1.0,0.0,0.0,1.0
2.5,-0.9341923485715962,-1.4931114274300241,0.105,0.0,0.0,0.105,1.0,0.0,0.0,1.0
2.5,-1.99451288479579,0.09559601434229653,0.105,0.0,0.0,0.105,1.0,0.0,0.0,1.0
2.600999999999999,-2.250268565183091,-2.369258652502041,0.105,0.0,0.0,0.105,1.0,0.0,0.0,1.0
2.700000000000003,-2.145746786144537,0.9248033694541019,0.105,0.0,0.0,0.105,1.0,0.0,0.0,1.0
2.6000000000000014,-3.2373995520079957,0.030759391188853024,0.105,0.0,0.0,0.105,1.0,0.0,0.0,1.0
2.700000000000003,-1.403874998364449,-1.9485086659544528,0.105,0.0,0.0,0.105,1.0,0.0,0.0,1.0
2.200000000000003,-2.273814961603881,-2.0269485864661863,0.105,0.0,0.0,0.105,1.0,0.0,0.0,1.0
2.600999999999999,-2.1678140766046288,1.2009981225562076,0.105,0.0,0.0,0.105,1.0,0.0,0.0,1.0
2.6999999999999957,-2.078295034869401,1.102867273885407,0.105,0.0,0.0,0.105,1.0,0.0,0.0,1.0
2.4009999999999962,-4.373187630874196,-2.2457249732856126,0.105,0.0,0.0,0.105,1.0,0.0,0.0,1.0
2.700000000000003,-2.864379555740978,2.1036578338832466,0.105,0.0,0.0,0.105,1.0,0.0,0.0,1.0
2.5999999999999943,-0.8489820270766494,1.941950936141334,0.105,0.0,0.0,0.105,1.0,0.0,0.0,1.0
2.6999999999999957,-1.468437243465191,-2.1348628024782217,0.105,0.0,0.0,0.105,1.0,0.0,0.0,1.0
2.6999999999999957,-2.347562966800726,1.571465249042001,0.105,0.0,0.0,0.105,1.0,0.0,0.0,1.0
2.600999999999999,-4.401557386305901,2.0907829708616865,0.105,0.0,0.0,0.105,1.0,0.0,0.0,1.0
2.5010000000000048,-0.6649173895306884,-1.9294404897125297,0.105,0.0,0.0,0.105,1.0,0.0,0.0,1.0
2.514000000000003,-0.133720737932578,1.268042596431821,0.105,0.0,0.0,0.105,1.0,0.0,0.0,1.0
2.5009999999999977,-3.3110593678343148,1.8566832315689468,0.105,0.0,0.0,0.105,1.0,0.0,0.0,1.0
2.6999999999999957,-4.698138088160686,0.46693688131590494,0.105,0.0,0.0,0.105,1.0,0.0,0.0,1.0
2.5999999999999943,-3.661187273614939,0.6187583412438392,0.105,0.0,0.0,0.105,1.0,0.0,0.0,1.0
2.3999999999999986,-2.0828718688195313,-2.302339127801202,0.105,0.0,0.0,0.105,1.0,0.0,0.0,1.0
2.6000000000000014,-0.029330244115300268,0.06682115109530198,0.105,0.0,0.0,0.105,1.0,0.0,0.0,1.0
2.6999999999999957,-3.7851860627082847,1.1967387577775703,0.105,0.0,0.0,0.105,1.0,0.0,0.0,1.0
2.5,-2.1219371382467167,-0.7410567568125748,0.105,0.0,0.0,0.105,1.0,0.0,0.0,1.0
2.6999999999999957,-3.095719280034544,0.707421077944221,0.105,0.0,0.0,0.105,1.0,0.0,0.0,1.0
2.3999999999999986,-3.047161231764197,1.0953127777867118,0.105,0.0,0.0,0.105,1.0,0.0,0.0,1.0
2.3999999999999986,-1.4794457929373097,-2.3919580573872223,0.105,0.0,0.0,0.105,1.0,0.0,0.0,1.0
2.6000000000000014,-0.9655295127670752,-1.9590187616488888,0.105,0.0,0.0,0.105,1.0,0.0,0.0,1.0
2.5,-4.1444601906006415,-2.141920556628242,0.105,0.0,0.0,0.105,1.0,0.0,0.0,1.0
2.600999999999999,-4.987032307916301,1.139814611832012,0.105,0.0,0.0,0.105,1.0,0.0,0.0,1.0
2.5,-2.9207200620159224,1.1535729089077733,0.105,0.0,0.0,0.105,1.0,0.0,0.0,1.0
2.6000000000000014,-0.800073308969707,2.02876226321336,0.105,0.0,0.0,0.105,1.0,0.0,0.0,1.0
2.5999999999999943,-1.663086046734804,0.24917561469680824,0.105,0.0,0.0,0.105,1.0,0.0,0.0,1.0
2.799999999999997,-1.7151506583566631,0.3747830173983199,0.105,0.0,0.0,0.105,1.0,0.0,0.0,1.0
2.5,-3.9959144823335127,0.5759285020610739,0.105,0.0,0.0,0.105,1.0,0.0,0.0,1.0
2.5,-2.66962439521672,2.487843270042432,0.105,0.0,0.0,0.105,1.0,0.0,0.0,1.0
2.5999999999999943,-2.8171409750046035,-1.1141836528161764,0.105,0.0,0.0,0.105,1.0,0.0,0.0,1.0
2.4010000000000034,-3.0397880073128922,-0.10531339764742764,0.105,0.0,0.0,0.105,1.0,0.0,0.0,1.0
2.600999999999999,-2.5374516850981514,2.374669162717029,0.105,0.0,0.0,0.105,1.0,0.0,0.0,1.0
2.3999999999999986,-0.33847700500996986,2.302898112442452,0.105,0.0,0.0,0.105,1.0,0.0,0.0,1.0
2.3999999999999986,-3.454821350456912,0.7408976345938605,0.105,0.0,0.0,0.105,1.0,0.0,0.0,1.0
2.600999999999999,-3.7056567030203706,-1.6563806877770721,0.105,0.0,0.0,0.105,1.0,0.0,0.0,1.0
2.700000000000003,-2.439626089752657,-1.9306763514373588,0.105,0.0,0.0,0.105,1.0,0.0,0.0,1.0
2.6000000000000014,-4.856513969483255,-2.434303607791121,0.105,0.0,0.0,0.105,1.0,0.0,0.0,1.0
2.7040000000000006,-1.5145388496408185,-0.9414731556387712,0.105,0.0,0.0,0.105,1.0,0.0,0.0,1.0
2.6000000000000014,-1.6159390677897003,1.1294640233506898,0.105,0.0,0.0,0.105,1.0,0.0,0.0,1.0
2.5999999999999943,-2.293055080688899,-0.9371113491972649,0.105,0.0,0.0,0.105,1.0,0.0,0.0,1.0
2.5,-4.320693678192476,1.1761360840240305,0.105,0.0,0.0,0.105,1.0,0.0,0.0,1.0
2.3999999999999986,-0.6152680989068066,-1.1539405139181833,0.105,0.0,0.0,0.105,1.0,0.0,0.0,1.0
2.3999999999999986,-2.6876710305663334,1.1126959386480735,0.105,0.0,0.0,0.105,1.0,0.0,0.0,1.0
2.3999999999999986,-0.42017646919574875,1.6864279680314254,0.105,0.0,0.0,0.105,1.0,0.0,0.0,1.0
2.5,-1.185539214231026,1.686279525990284,0.105,0.0,0.0,0.105,1.0,0.0,0.0,1.0
2.6000000000000014,-0.8318973222530059,0.23627763235920538,0.105,0.0,0.0,0.105,1.0,0.0,0.0,1.0
2.5,-3.028728675211718,-0.7990819783006584,0.105,0.0,0.0,0.105,1.0,0.0,0.0,1.0
2.5999999999999943,-1.339312938740176,-0.5499064883250228,0.105,0.0,0.0,0.105,1.0,0.0,0.0,1.0
2.5999999999999943,-3.964404886093098,-0.9062257600970623,0.105,0.0,0.0,0.105,1.0,0.0,0.0,1.0
2.6069999999999993,-4.761000650584982,1.2091207219005653,0.105,0.0,0.0,0.105,1.0,0.0,0.0,1.0
2.6999999999999957,-3.0774834728831664,-2.0628091795093333,0.105,0.0,0.0,0.105,1.0,0.0,0.0,1.0
2.503,-0.4008752755089173,1.1192649980712088,0.105,0.0,0.0,0.105,1.0,0.0,0.0,1.0
2.6000000000000014,-3.5101340487442623,0.5479677908757453,0.105,0.0,0.0,0.105,1.0,0.0,0.0,1.0
2.3999999999999986,-4.46946046410786,0.237632115101652,0.105,0.0,0.0,0.105,1.0,0.0,0.0,1.0
2.1999999999999957,-2.788422624333323,-1.840484989999044,0.105,0.0,0.0,0.105,1.0,0.0,0.0,1.0
2.600999999999999,-2.3123823724178867,1.2084105488789685,0.105,0.0,0.0,0.105,1.0,0.0,0.0,1.0
2.603999999999999,-0.9145934224538943,0.806286582860883,0.105,0.0,0.0,0.105,1.0,0.0,0.0,1.0
2.601000000000006,-2.839578224791881,-2.4137957981256557,0.105,0.0,0.0,0.105,1.0,0.0,0.0,1.0
2.5999999999999943,-1.6758853614260563,-0.6382488562457986,0.105,0.0,0.0,0.105,1.0,0.0,0.0,1.0
2.4010000000000034,-3.0843140212257185,-0.6459708373506744,0.105,0.0,0.0,0.105,1.0,0.0,0.0,1.0
2.5999999999999943,-3.957186235563495,-0.7621578884472279,0.105,0.0,0.0,0.105,1.0,0.0,0.0,1.0
2.5,-0.39408967398806755,-2.14759893828308,0.105,0.0,0.0,0.105,1.0,0.0,0.0,1.0
2.512999999999998,-2.796533854854342,-0.39512803344065694,0.105,0.0,0.0,0.105,1.0,0.0,0.0,1.0
2.509999999999998,-2.5379905345291274,-2.175249522646304,0.105,0.0,0.0,0.105,1.0,0.0,0.0,1.0
2.5999999999999943,-2.7266470159368255,1.2198795687302932,0.105,0.0,0.0,0.105,1.0,0.0,0.0,1.0
2.5999999999999943,-2.5851488734641435,-0.8143465009349885,0.105,0.0,0.0,0.105,1.0,0.0,0.0,1.0
2.5999999999999943,-3.195459016867474,1.7600918253150546,0.105,0.0,0.0,0.105,1.0,0.0,0.0,1.0
2.700000000000003,-4.785834746320617,1.8264876153492615,0.105,0.0,0.0,0.105,1.0,0.0,0.0,1.0
2.5,-1.2980546202903156,1.4638884415665872,0.105,0.0,0.0,0.105,1.0,0.0,0.0,1.0
2.5,-2.4394695374242223,-1.2195176349265524,0.105,0.0,0.0,0.105,1.0,0.0,0.0,1.0
2.700000000000003,-3.1101248289758847,-0.7636322392711307,0.105,0.0,0.0,0.105,1.0,0.0,0.0,1.0
2.5,-2.6646525728681456,1.3314900890722356,0.105,0.0,0.0,0.105,1.0,0.0,0.0,1.0
2.3999999999999986,-4.558789043317548,1.1666283220216118,0.105,0.0,0.0,0.105,1.0,0.0,0.0,1.0
2.6000000000000014,-1.0722359697667232,0.9525821665048226,0.105,0.0,0.0,0.105,1.0,0.0,0.0,1.0
2.5009999999999977,-4.610275285422755,1.924508526760674,0.105,0.0,0.0,0.105,1.0,0.0,0.0,1.0
2.6000000000000014,-0.4347620158206057,0.47012686784148694,0.105,0.0,0.0,0.105,1.0,0.0,0.0,1.0
2.6999999999999957,-1.2757478135556959,-2.2311995854266398,0.105,0.0,0.0,0.105,1.0,0.0,0.0,1.0
2.503,-3.8828105306485243,1.9784299681173336,0.105,0.0,0.0,0.105,1.0,0.0,0.0,1.0
2.5,-4.816304879877868,-1.897952500586869,0.105,0.0,0.0,0.105,1.0,0.0,0.0,1.0
2.5999999999999943,-1.028835305496016,-1.0452211881883142,0.105,0.0,0.0,0.105,1.0,0.0,0.0,1.0
2.5,-1.4776534817815872,-0.5675588180167905,0.105,0.0,0.0,0.105,1.0,0.0,0.0,1.0
2.6000000000000014,-3.3059688690912195,1.1281338218137364,0.105,0.0,0.0,0.105,1.0,0.0,0.0,1.0
2.6000000000000014,-3.6459950589789356,-0.810205307013017,0.105,0.0,0.0,0.105,1.0,0.0,0.0,1.0
2.5019999999999953,-0.5718065692194219,1.6966371089621008,0.105,0.0,0.0,0.105,1.0,0.0,0.0,1.0
2.4000000000000057,-0.958594649950771,-1.561612311973784,0.105,0.0,0.0,0.105,1.0,0.0,0.0,1.0
