2.1999999999999957,-0.11863015845596271,-2.468830996059345,0.0,0.0,0.0,0.0,0.105,0.0,0.0,0.105,0.311,0.0452,0.0452,0.2595
2.299999999999996,-0.11459784888640835,-2.5527610408251733,0.0,0.0,0.0,0.0,0.105,0.0,0.0,0.105,0.311,0.0452,0.0452,0.2595
2.399999999999996,-0.13164403542872224,-2.6139793958495288,0.0,0.0,0.0,0.0,0.105,0.0,0.0,0.105,0.311,0.0452,0.0452,0.2595
2.4999999999999956,-0.20061953882359385,-2.6776803547344223,0.0,0.0,0.0,0.0,0.105,0.0,0.0,0.105,0.311,0.0452,0.0452,0.2595
2.5999999999999956,-0.29288091716630194,-2.6806328790432303,0.0,0.0,0.0,0.0,0.105,0.0,0.0,0.105,0.311,0.0452,0.0452,0.2595
2.6999999999999957,-0.34528255622778276,-2.6541982709810097,0.0,0.0,0.0,0.0,0.105,0.0,0.0,0.105,0.311,0.0452,0.0452,0.2595
2.799999999999996,-0.346615004319683,-2.653249475742335,0.0,0.0,0.0,0.0,0.105,0.0,0.0,0.105,0.311,0.0452,0.0452,0.2595
2.899999999999996,-0.34082061136024483,-2.6591364023073383,0.0,0.0,0.0,0.0,0.105,0.0,0.0,0.105,0.311,0.0452,0.0452,0.2595
2.9999999999999956,-0.3544729651446012,-2.6473489451336696,0.0,0.0,0.0,0.0,0.105,0.0,0.0,0.105,0.311,0.0452,0.0452,0.2595
3.0999999999999956,-0.40395744997117555,-2.6167703381076253,0.0,0.0,0.0,0.0,0.105,0.0,0.0,0.105,0.311,0.0452,0.0452,0.2595
3.1999999999999957,-0.45636116924754333,-2.593169663235117,0.0,0.0,0.0,0.0,0.105,0.0,0.0,0.105,0.311,0.0452,0.0452,0.2595
3.299999999999996,-0.5512943846024043,-2.5513117757789634,0.0,0.0,0.0,0.0,0.105,0.0,0.0,0.105,0.311,0.0452,0.0452,0.2595
3.399999999999996,-0.661307114265267,-2.516720641541705,0.0,0.0,0.0,0.0,0.105,0.0,0.0,0.105,0.311,0.0452,0.0452,0.2595
3.4999999999999956,-0.7573854619980798,-2.505110977214385,0.0,0.0,0.0,0.0,0.105,0.0,0.0,0.105,0.311,0.0452,0.0452,0.2595
3.599999999999996,-0.9135507083516613,-2.472557403186372,0.0,0.0,0.0,0.0,0.105,0.0,0.0,0.105,0.311,0.0452,0.0452,0.2595
3.6999999999999957,-1.0337366045026044,-2.401360092884779,0.0,0.0,0.0,0.0,0.105,0.0,0.0,0.105,0.311,0.0452,0.0452,0.2595
3.799999999999996,-1.1100243112148174,-2.3176630202706776,0.0,0.0,0.0,0.0,0.105,0.0,0.0,0.105,0.311,0.0452,0.0452,0.2595
3.899999999999996,-1.165226146093576,-2.222936401641771,0.0,0.0,0.0,0.0,0.105,0.0,0.0,0.105,0.311,0.0452,0.0452,0.2595
3.9999999999999956,-1.1999241306127781,-2.0833328708748846,0.0,0.0,0.0,0.0,0.105,0.0,0.0,0.105,0.311,0.0452,0.0452,0.2595
4.099999999999996,-1.207640102995212,-1.9469072177818711,0.0,0.0,0.0,0.0,0.105,0.0,0.0,0.105,0.311,0.0452,0.0452,0.2595
4.199999999999996,-1.2379377273116163,-1.815653773398945,0.0,0.0,0.0,0.0,0.105,0.0,0.0,0.105,0.311,0.0452,0.0452,0.2595
4.299999999999995,-1.2761713595637378,-1.7596776869022968,0.0,0.0,0.0,0.0,0.105,0.0,0.0,0.105,0.311,0.0452,0.0452,0.2595
4.399999999999996,-1.2636082578237082,-1.7692502428453247,0.0,0.0,0.0,0.0,0.105,0.0,0.0,0.105,0.311,0.0452,0.0452,0.2595
4.4999999999999964,-1.2464373900272283,-1.7795830404577015,0.0,0.0,0.0,0.0,0.105,0.0,0.0,0.105,0.311,0.0452,0.0452,0.2595
4.599999999999996,-1.2304006055428294,-1.7892998289171897,0.0,0.0,0.0,0.0,0.105,0.0,0.0,0.105,0.311,0.0452,0.0452,0.2595
4.699999999999996,-1.216494396574717,-1.7975857138274023,0.0,0.0,0.0,0.0,0.105,0.0,0.0,0.105,0.312606,0.045168999999999994,0.045168999999999994,0.26101
4.799999999999995,-1.216494396574717,-1.7975857138274023,0.0,0.0,0.0,0.0,0.105,0.0,0.0,0.105,0.312606,0.045168999999999994,0.045168999999999994,0.26101
4.899999999999996,-1.2734805135157654,-1.764290331625344,0.0,0.0,0.0,0.0,0.105,0.0,0.0,0.105,1.0333,0.0543,0.0543,0.9768
4.9999999999999964,-1.3304666304568138,-1.7309949494232857,0.0,0.0,0.0,0.0,0.105,0.0,0.0,0.105,1.0333,0.0543,0.0543,0.9768
5.099999999999996,-1.3874527473978622,-1.6976995672212274,0.0,0.0,0.0,0.0,0.105,0.0,0.0,0.105,1.0333,0.0543,0.0543,0.9768
5.199999999999996,-1.4444388643389106,-1.664404185019169,0.0,0.0,0.0,0.0,0.105,0.0,0.0,0.105,1.0333,0.0543,0.0543,0.9768
5.299999999999995,-1.501424981279959,-1.6311088028171108,0.0,0.0,0.0,0.0,0.105,0.0,0.0,0.105,1.0333,0.0543,0.0543,0.9768
5.399999999999996,-1.5584110982210073,-1.5978134206150525,0.0,0.0,0.0,0.0,0.105,0.0,0.0,0.105,1.0333,0.0543,0.0543,0.9768
5.4999999999999964,-1.6153972151620557,-1.5645180384129942,0.0,0.0,0.0,0.0,0.105,0.0,0.0,0.105,1.0333,0.0543,0.0543,0.9768
5.599999999999996,-1.672383332103104,-1.531222656210936,0.0,0.0,0.0,0.0,0.105,0.0,0.0,0.105,1.0333,0.0543,0.0543,0.9768
5.699999999999996,-1.7293694490441525,-1.4979272740088776,0.0,0.0,0.0,0.0,0.105,0.0,0.0,0.105,1.0333,0.0543,0.0543,0.9768
5.799999999999995,-1.7863555659852008,-1.4646318918068193,0.0,0.0,0.0,0.0,0.105,0.0,0.0,0.105,1.0333,0.0543,0.0543,0.9768
5.899999999999996,-1.8433416829262492,-1.431336509604761,0.0,0.0,0.0,0.0,0.105,0.0,0.0,0.105,1.0333,0.0543,0.0543,0.9768
5.9999999999999964,-1.9003277998672976,-1.3980411274027027,0.0,0.0,0.0,0.0,0.105,0.0,0.0,0.105,1.0333,0.0543,0.0543,0.9768
6.099999999999996,-1.957313916808346,-1.3647457452006444,0.0,0.0,0.0,0.0,0.105,0.0,0.0,0.105,1.0333,0.0543,0.0543,0.9768
6.199999999999996,-2.0143000337493944,-1.331450362998586,0.0,0.0,0.0,0.0,0.105,0.0,0.0,0.105,1.0333,0.0543,0.0543,0.9768
6.299999999999996,-2.071286150690443,-1.2981549807965278,0.0,0.0,0.0,0.0,0.105,0.0,0.0,0.105,1.0333,0.0543,0.0543,0.9768
6.399999999999996,-2.128272267631491,-1.2648595985944695,0.0,0.0,0.0,0.0,0.105,0.0,0.0,0.105,1.0333,0.0543,0.0543,0.9768
6.499999999999996,-2.1852583845725393,-1.2315642163924112,0.0,0.0,0.0,0.0,0.105,0.0,0.0,0.105,1.0333,0.0543,0.0543,0.9768
6.599999999999996,-2.242244501513588,-1.198268834190353,0.0,0.0,0.0,0.0,0.105,0.0,0.0,0.105,1.0333,0.0543,0.0543,0.9768
6.699999999999996,-2.2992306184546365,-1.1649734519882946,0.0,0.0,0.0,0.0,0.105,0.0,0.0,0.105,1.0333,0.0543,0.0543,0.9768
6.799999999999996,-2.3562167353956847,-1.1316780697862363,0.0,0.0,0.0,0.0,0.105,0.0,0.0,0.105,1.0333,0.0543,0.0543,0.9768
6.899999999999996,-2.413202852336733,-1.098382687584178,0.0,0.0,0.0,0.0,0.105,0.0,0.0,0.105,1.0333,0.0543,0.0543,0.9768
6.9999999999999964,-2.4701889692777814,-1.0650873053821197,0.0,0.0,0.0,0.0,0.105,0.0,0.0,0.105,1.0333,0.0543,0.0543,0.9768
7.099999999999996,-2.52717508621883,-1.0317919231800614,0.0,0.0,0.0,0.0,0.105,0.0,0.0,0.105,1.0333,0.0543,0.0543,0.9768
7.199999999999996,-2.584161203159878,-0.9984965409780031,0.0,0.0,0.0,0.0,0.105,0.0,0.0,0.105,1.0333,0.0543,0.0543,0.9768
7.299999999999996,-2.6411473201009263,-0.9652011587759448,0.0,0.0,0.0,0.0,0.105,0.0,0.0,0.105,1.0333,0.0543,0.0543,0.9768
7.399999999999996,-2.698133437041975,-0.9319057765738865,0.0,0.0,0.0,0.0,0.105,0.0,0.0,0.105,1.0333,0.0543,0.0543,0.9768
7.4999999999999964,-2.7551195539830236,-0.8986103943718282,0.0,0.0,0.0,0.0,0.105,0.0,0.0,0.105,1.0333,0.0543,0.0543,0.9768
7.599999999999996,-2.8121056709240717,-0.8653150121697699,0.0,0.0,0.0,0.0,0.105,0.0,0.0,0.105,1.0333,0.0543,0.0543,0.9768
7.699999999999996,-2.86909178786512,-0.8320196299677116,0.0,0.0,0.0,0.0,0.105,0.0,0.0,0.105,1.0333,0.0543,0.0543,0.9768
7.799999999999996,-2.9260779048061685,-0.7987242477656533,0.0,0.0,0.0,0.0,0.105,0.0,0.0,0.105,1.0333,0.0543,0.0543,0.9768
7.899999999999996,-2.983064021747217,-0.765428865563595,0.0,0.0,0.0,0.0,0.105,0.0,0.0,0.105,1.0333,0.0543,0.0543,0.9768
7.9999999999999964,-3.0400501386882652,-0.7321334833615367,0.0,0.0,0.0,0.0,0.105,0.0,0.0,0.105,1.0333,0.0543,0.0543,0.9768
8.099999999999996,-3.0970362556293134,-0.6988381011594784,0.0,0.0,0.0,0.0,0.105,0.0,0.0,0.105,1.0333,0.0543,0.0543,0.9768
8.199999999999996,-3.154022372570362,-0.6655427189574201,0.0,0.0,0.0,0.0,0.105,0.0,0.0,0.105,1.0333,0.0543,0.0543,0.9768
8.299999999999997,-3.2110084895114106,-0.6322473367553618,0.0,0.0,0.0,0.0,0.105,0.0,0.0,0.105,1.0333,0.0543,0.0543,0.9768
8.399999999999995,-3.2679946064524588,-0.5989519545533035,0.0,0.0,0.0,0.0,0.105,0.0,0.0,0.105,1.0333,0.0543,0.0543,0.9768
8.499999999999996,-3.324980723393507,-0.5656565723512452,0.0,0.0,0.0,0.0,0.105,0.0,0.0,0.105,1.0333,0.0543,0.0543,0.9768
8.599999999999996,-3.3819668403345555,-0.5323611901491869,0.0,0.0,0.0,0.0,0.105,0.0,0.0,0.105,1.0333,0.0543,0.0543,0.9768
8.699999999999996,-3.438952957275604,-0.4990658079471286,0.0,0.0,0.0,0.0,0.105,0.0,0.0,0.105,1.0333,0.0543,0.0543,0.9768
8.799999999999997,-3.4959390742166523,-0.4657704257450703,0.0,0.0,0.0,0.0,0.105,0.0,0.0,0.105,1.0333,0.0543,0.0543,0.9768
8.899999999999995,-3.5529251911577004,-0.432475043543012,0.0,0.0,0.0,0.0,0.105,0.0,0.0,0.105,1.0333,0.0543,0.0543,0.9768
8.999999999999996,-3.609911308098749,-0.39917966134095373,0.0,0.0,0.0,0.0,0.105,0.0,0.0,0.105,1.0333,0.0543,0.0543,0.9768
9.099999999999996,-3.6668974250397977,-0.36588427913889543,0.0,0.0,0.0,0.0,0.105,0.0,0.0,0.105,1.0333,0.0543,0.0543,0.9768
9.199999999999996,-3.723883541980846,-0.33258889693683713,0.0,0.0,0.0,0.0,0.105,0.0,0.0,0.105,1.0333,0.0543,0.0543,0.9768
0.0,0.0,0.0,0.0,0.0,0.0,0.0,0.0,0.0,0.0,0.0,0.0,0.0,0.0,0.0
2.3999999999999986,-0.11863015845596271,-2.468830996059345,0.0,0.0,0.0,0.0,0.105,0.0,0.0,0.105,0.311,0.0452,0.0452,0.2595
2.4999999999999987,-0.11459784888640835,-2.5527610408251733,0.0,0.0,0.0,0.0,0.105,0.0,0.0,0.105,0.311,0.0452,0.0452,0.2595
2.5999999999999988,-0.13164403542872224,-2.6139793958495288,0.0,0.0,0.0,0.0,0.105,0.0,0.0,0.105,0.311,0.0452,0.0452,0.2595
2.6999999999999984,-0.20061953882359385,-2.6776803547344223,0.0,0.0,0.0,0.0,0.105,0.0,0.0,0.105,0.311,0.0452,0.0452,0.2595
2.7999999999999985,-0.29288091716630194,-2.6806328790432303,0.0,0.0,0.0,0.0,0.105,0.0,0.0,0.105,0.311,0.0452,0.0452,0.2595
2.8999999999999986,-0.34528255622778276,-2.6541982709810097,0.0,0.0,0.0,0.0,0.105,0.0,0.0,0.105,0.311,0.0452,0.0452,0.2595
2.9999999999999987,-0.346615004319683,-2.653249475742335,0.0,0.0,0.0,0.0,0.105,0.0,0.0,0.105,0.311,0.0452,0.0452,0.2595
3.0999999999999988,-0.34082061136024483,-2.6591364023073383,0.0,0.0,0.0,0.0,0.105,0.0,0.0,0.105,0.311,0.0452,0.0452,0.2595
3.1999999999999984,-0.3544729651446012,-2.6473489451336696,0.0,0.0,0.0,0.0,0.105,0.0,0.0,0.105,0.311,0.0452,0.0452,0.2595
3.2999999999999985,-0.40395744997117555,-2.6167703381076253,0.0,0.0,0.0,0.0,0.105,0.0,0.0,0.105,0.311,0.0452,0.0452,0.2595
3.3999999999999986,-0.45636116924754333,-2.593169663235117,0.0,0.0,0.0,0.0,0.105,0.0,0.0,0.105,0.311,0.0452,0.0452,0.2595
3.4999999999999987,-0.5512943846024043,-2.5513117757789634,0.0,0.0,0.0,0.0,0.105,0.0,0.0,0.105,0.311,0.0452,0.0452,0.2595
3.5999999999999988,-0.661307114265267,-2.516720641541705,0.0,0.0,0.0,0.0,0.105,0.0,0.0,0.105,0.311,0.0452,0.0452,0.2595
3.6999999999999984,-0.7573854619980798,-2.505110977214385,0.0,0.0,0.0,0.0,0.105,0.0,0.0,0.105,0.311,0.0452,0.0452,0.2595
3.799999999999999,-0.9135507083516613,-2.472557403186372,0.0,0.0,0.0,0.0,0.105,0.0,0.0,0.105,0.311,0.0452,0.0452,0.2595
3.8999999999999986,-1.0337366045026044,-2.401360092884779,0.0,0.0,0.0,0.0,0.105,0.0,0.0,0.105,0.311,0.0452,0.0452,0.2595
3.9999999999999987,-1.1100243112148174,-2.3176630202706776,0.0,0.0,0.0,0.0,0.105,0.0,0.0,0.105,0.311,0.0452,0.0452,0.2595
4.099999999999999,-1.165226146093576,-2.222936401641771,0.0,0.0,0.0,0.0,0.105,0.0,0.0,0.105,0.311,0.0452,0.0452,0.2595
4.199999999999998,-1.1999241306127781,-2.0833328708748846,0.0,0.0,0.0,0.0,0.105,0.0,0.0,0.105,0.311,0.0452,0.0452,0.2595
4.299999999999999,-1.207640102995212,-1.9469072177818711,0.0,0.0,0.0,0.0,0.105,0.0,0.0,0.105,0.311,0.0452,0.0452,0.2595
4.399999999999999,-1.2379377273116163,-1.815653773398945,0.0,0.0,0.0,0.0,0.105,0.0,0.0,0.105,0.311,0.0452,0.0452,0.2595
4.499999999999998,-1.2761713595637378,-1.7596776869022968,0.0,0.0,0.0,0.0,0.105,0.0,0.0,0.105,0.311,0.0452,0.0452,0.2595
4.599999999999999,-1.2636082578237082,-1.7692502428453247,0.0,0.0,0.0,0.0,0.105,0.0,0.0,0.105,0.311,0.0452,0.0452,0.2595
4.699999999999999,-1.2464373900272283,-1.7795830404577015,0.0,0.0,0.0,0.0,0.105,0.0,0.0,0.105,0.311,0.0452,0.0452,0.2595
4.799999999999999,-1.2304006055428294,-1.7892998289171897,0.0,0.0,0.0,0.0,0.105,0.0,0.0,0.105,0.311,0.0452,0.0452,0.2595
4.899999999999999,-1.216494396574717,-1.7975857138274023,0.0,0.0,0.0,0.0,0.105,0.0,0.0,0.105,0.312606,0.045168999999999994,0.045168999999999994,0.26101
4.999999999999998,-1.216494396574717,-1.7975857138274023,0.0,0.0,0.0,0.0,0.105,0.0,0.0,0.105,0.312606,0.045168999999999994,0.045168999999999994,0.26101
5.099999999999999,-1.2734805135157654,-1.764290331625344,0.0,0.0,0.0,0.0,0.105,0.0,0.0,0.105,1.0333,0.0543,0.0543,0.9768
5.199999999999999,-1.3304666304568138,-1.7309949494232857,0.0,0.0,0.0,0.0,0.105,0.0,0.0,0.105,1.0333,0.0543,0.0543,0.9768
5.299999999999999,-1.3874527473978622,-1.6976995672212274,0.0,0.0,0.0,0.0,0.105,0.0,0.0,0.105,1.0333,0.0543,0.0543,0.9768
5.399999999999999,-1.4444388643389106,-1.664404185019169,0.0,0.0,0.0,0.0,0.105,0.0,0.0,0.105,1.0333,0.0543,0.0543,0.9768
5.499999999999998,-1.501424981279959,-1.6311088028171108,0.0,0.0,0.0,0.0,0.105,0.0,0.0,0.105,1.0333,0.0543,0.0543,0.9768
5.599999999999999,-1.5584110982210073,-1.5978134206150525,0.0,0.0,0.0,0.0,0.105,0.0,0.0,0.105,1.0333,0.0543,0.0543,0.9768
5.699999999999999,-1.6153972151620557,-1.5645180384129942,0.0,0.0,0.0,0.0,0.105,0.0,0.0,0.105,1.0333,0.0543,0.0543,0.9768
5.799999999999999,-1.672383332103104,-1.531222656210936,0.0,0.0,0.0,0.0,0.105,0.0,0.0,0.105,1.0333,0.0543,0.0543,0.9768
5.899999999999999,-1.7293694490441525,-1.4979272740088776,0.0,0.0,0.0,0.0,0.105,0.0,0.0,0.105,1.0333,0.0543,0.0543,0.9768
5.999999999999998,-1.7863555659852008,-1.4646318918068193,0.0,0.0,0.0,0.0,0.105,0.0,0.0,0.105,1.0333,0.0543,0.0543,0.9768
6.099999999999999,-1.8433416829262492,-1.431336509604761,0.0,0.0,0.0,0.0,0.105,0.0,0.0,0.105,1.0333,0.0543,0.0543,0.9768
6.199999999999999,-1.9003277998672976,-1.3980411274027027,0.0,0.0,0.0,0.0,0.105,0.0,0.0,0.105,1.0333,0.0543,0.0543,0.9768
6.299999999999999,-1.957313916808346,-1.3647457452006444,0.0,0.0,0.0,0.0,0.105,0.0,0.0,0.105,1.0333,0.0543,0.0543,0.9768
6.399999999999999,-2.0143000337493944,-1.331450362998586,0.0,0.0,0.0,0.0,0.105,0.0,0.0,0.105,1.0333,0.0543,0.0543,0.9768
6.499999999999999,-2.071286150690443,-1.2981549807965278,0.0,0.0,0.0,0.0,0.105,0.0,0.0,0.105,1.0333,0.0543,0.0543,0.9768
6.599999999999999,-2.128272267631491,-1.2648595985944695,0.0,0.0,0.0,0.0,0.105,0.0,0.0,0.105,1.0333,0.0543,0.0543,0.9768
6.699999999999998,-2.1852583845725393,-1.2315642163924112,0.0,0.0,0.0,0.0,0.105,0.0,0.0,0.105,1.0333,0.0543,0.0543,0.9768
6.799999999999999,-2.242244501513588,-1.198268834190353,0.0,0.0,0.0,0.0,0.105,0.0,0.0,0.105,1.0333,0.0543,0.0543,0.9768
6.899999999999999,-2.2992306184546365,-1.1649734519882946,0.0,0.0,0.0,0.0,0.105,0.0,0.0,0.105,1.0333,0.0543,0.0543,0.9768
6.999999999999999,-2.3562167353956847,-1.1316780697862363,0.0,0.0,0.0,0.0,0.105,0.0,0.0,0.105,1.0333,0.0543,0.0543,0.9768
7.099999999999999,-2.413202852336733,-1.098382687584178,0.0,0.0,0.0,0.0,0.105,0.0,0.0,0.105,1.0333,0.0543,0.0543,0.9768
7.199999999999999,-2.4701889692777814,-1.0650873053821197,0.0,0.0,0.0,0.0,0.105,0.0,0.0,0.105,1.0333,0.0543,0.0543,0.9768
7.299999999999999,-2.52717508621883,-1.0317919231800614,0.0,0.0,0.0,0.0,0.105,0.0,0.0,0.105,1.0333,0.0543,0.0543,0.9768
7.399999999999999,-2.584161203159878,-0.9984965409780031,0.0,0.0,0.0,0.0,0.105,0.0,0.0,0.105,1.0333,0.0543,0.0543,0.9768
7.499999999999999,-2.6411473201009263,-0.9652011587759448,0.0,0.0,0.0,0.0,0.105,0.0,0.0,0.105,1.0333,0.0543,0.0543,0.9768
7.599999999999999,-2.698133437041975,-0.9319057765738865,0.0,0.0,0.0,0.0,0.105,0.0,0.0,0.105,1.0333,0.0543,0.0543,0.9768
7.699999999999999,-2.7551195539830236,-0.8986103943718282,0.0,0.0,0.0,0.0,0.105,0.0,0.0,0.105,1.0333,0.0543,0.0543,0.9768
7.799999999999999,-2.8121056709240717,-0.8653150121697699,0.0,0.0,0.0,0.0,0.105,0.0,0.0,0.105,1.0333,0.0543,0.0543,0.9768
7.899999999999999,-2.86909178786512,-0.8320196299677116,0.0,0.0,0.0,0.0,0.105,0.0,0.0,0.105,1.0333,0.0543,0.0543,0.9768
7.999999999999999,-2.9260779048061685,-0.7987242477656533,0.0,0.0,0.0,0.0,0.105,0.0,0.0,0.105,1.0333,0.0543,0.0543,0.9768
8.099999999999998,-2.983064021747217,-0.765428865563595,0.0,0.0,0.0,0.0,0.105,0.0,0.0,0.105,1.0333,0.0543,0.0543,0.9768
8.2,-3.0400501386882652,-0.7321334833615367,0.0,0.0,0.0,0.0,0.105,0.0,0.0,0.105,1.0333,0.0543,0.0543,0.9768
8.299999999999999,-3.0970362556293134,-0.6988381011594784,0.0,0.0,0.0,0.0,0.105,0.0,0.0,0.105,1.0333,0.0543,0.0543,0.9768
8.399999999999999,-3.154022372570362,-0.6655427189574201,0.0,0.0,0.0,0.0,0.105,0.0,0.0,0.105,1.0333,0.0543,0.0543,0.9768
8.5,-3.2110084895114106,-0.6322473367553618,0.0,0.0,0.0,0.0,0.105,0.0,0.0,0.105,1.0333,0.0543,0.0543,0.9768
8.599999999999998,-3.2679946064524588,-0.5989519545533035,0.0,0.0,0.0,0.0,0.105,0.0,0.0,0.105,1.0333,0.0543,0.0543,0.9768
8.7,-3.324980723393507,-0.5656565723512452,0.0,0.0,0.0,0.0,0.105,0.0,0.0,0.105,1.0333,0.0543,0.0543,0.9768
8.799999999999999,-3.3819668403345555,-0.5323611901491869,0.0,0.0,0.0,0.0,0.105,0.0,0.0,0.105,1.0333,0.0543,0.0543,0.9768
8.899999999999999,-3.438952957275604,-0.4990658079471286,0.0,0.0,0.0,0.0,0.105,0.0,0.0,0.105,1.0333,0.0543,0.0543,0.9768
9.0,-3.4959390742166523,-0.4657704257450703,0.0,0.0,0.0,0.0,0.105,0.0,0.0,0.105,1.0333,0.0543,0.0543,0.9768
9.099999999999998,-3.5529251911577004,-0.432475043543012,0.0,0.0,0.0,0.0,0.105,0.0,0.0,0.105,1.0333,0.0543,0.0543,0.9768
9.2,-3.609911308098749,-0.39917966134095373,0.0,0.0,0.0,0.0,0.105,0.0,0.0,0.105,1.0333,0.0543,0.0543,0.9768
9.299999999999999,-3.6668974250397977,-0.36588427913889543,0.0,0.0,0.0,0.0,0.105,0.0,0.0,0.105,1.0333,0.0543,0.0543,0.9768
9.399999999999999,-3.723883541980846,-0.33258889693683713,0.0,0.0,0.0,0.0,0.105,0.0,0.0,0.105,1.0333,0.0543,0.0543,0.9768
0.0,0.0,0.0,0.0,0.0,0.0,0.0,0.0,0.0,0.0,0.0,0.0,0.0,0.0,0.0
2.200000000000003,-0.11863015845596271,-2.468830996059345,0.0,0.0,0.0,0.0,0.105,0.0,0.0,0.105,0.311,0.0452,0.0452,0.2595
2.300000000000003,-0.11459784888640835,-2.5527610408251733,0.0,0.0,0.0,0.0,0.105,0.0,0.0,0.105,0.311,0.0452,0.0452,0.2595
2.400000000000003,-0.13164403542872224,-2.6139793958495288,0.0,0.0,0.0,0.0,0.105,0.0,0.0,0.105,0.311,0.0452,0.0452,0.2595
2.5000000000000027,-0.20061953882359385,-2.6776803547344223,0.0,0.0,0.0,0.0,0.105,0.0,0.0,0.105,0.311,0.0452,0.0452,0.2595
2.6000000000000028,-0.29288091716630194,-2.6806328790432303,0.0,0.0,0.0,0.0,0.105,0.0,0.0,0.105,0.311,0.0452,0.0452,0.2595
2.700000000000003,-0.34528255622778276,-2.6541982709810097,0.0,0.0,0.0,0.0,0.105,0.0,0.0,0.105,0.311,0.0452,0.0452,0.2595
2.800000000000003,-0.346615004319683,-2.653249475742335,0.0,0.0,0.0,0.0,0.105,0.0,0.0,0.105,0.311,0.0452,0.0452,0.2595
2.900000000000003,-0.34082061136024483,-2.6591364023073383,0.0,0.0,0.0,0.0,0.105,0.0,0.0,0.105,0.311,0.0452,0.0452,0.2595
3.0000000000000027,-0.3544729651446012,-2.6473489451336696,0.0,0.0,0.0,0.0,0.105,0.0,0.0,0.105,0.311,0.0452,0.0452,0.2595
3.1000000000000028,-0.40395744997117555,-2.6167703381076253,0.0,0.0,0.0,0.0,0.105,0.0,0.0,0.105,0.311,0.0452,0.0452,0.2595
3.200000000000003,-0.45636116924754333,-2.593169663235117,0.0,0.0,0.0,0.0,0.105,0.0,0.0,0.105,0.311,0.0452,0.0452,0.2595
3.300000000000003,-0.5512943846024043,-2.5513117757789634,0.0,0.0,0.0,0.0,0.105,0.0,0.0,0.105,0.311,0.0452,0.0452,0.2595
3.400000000000003,-0.661307114265267,-2.516720641541705,0.0,0.0,0.0,0.0,0.105,0.0,0.0,0.105,0.311,0.0452,0.0452,0.2595
3.5000000000000027,-0.7573854619980798,-2.505110977214385,0.0,0.0,0.0,0.0,0.105,0.0,0.0,0.105,0.311,0.0452,0.0452,0.2595
3.600000000000003,-0.9135507083516613,-2.472557403186372,0.0,0.0,0.0,0.0,0.105,0.0,0.0,0.105,0.311,0.0452,0.0452,0.2595
3.700000000000003,-1.0337366045026044,-2.401360092884779,0.0,0.0,0.0,0.0,0.105,0.0,0.0,0.105,0.311,0.0452,0.0452,0.2595
3.800000000000003,-1.1100243112148174,-2.3176630202706776,0.0,0.0,0.0,0.0,0.105,0.0,0.0,0.105,0.311,0.0452,0.0452,0.2595
3.900000000000003,-1.165226146093576,-2.222936401641771,0.0,0.0,0.0,0.0,0.105,0.0,0.0,0.105,0.311,0.0452,0.0452,0.2595
4.000000000000003,-1.1999241306127781,-2.0833328708748846,0.0,0.0,0.0,0.0,0.105,0.0,0.0,0.105,0.311,0.0452,0.0452,0.2595
4.100000000000003,-1.207640102995212,-1.9469072177818711,0.0,0.0,0.0,0.0,0.105,0.0,0.0,0.105,0.311,0.0452,0.0452,0.2595
4.200000000000003,-1.2379377273116163,-1.815653773398945,0.0,0.0,0.0,0.0,0.105,0.0,0.0,0.105,0.311,0.0452,0.0452,0.2595
4.3000000000000025,-1.2761713595637378,-1.7596776869022968,0.0,0.0,0.0,0.0,0.105,0.0,0.0,0.105,0.311,0.0452,0.0452,0.2595
4.400000000000003,-1.2636082578237082,-1.7692502428453247,0.0,0.0,0.0,0.0,0.105,0.0,0.0,0.105,0.311,0.0452,0.0452,0.2595
4.5000000000000036,-1.2464373900272283,-1.7795830404577015,0.0,0.0,0.0,0.0,0.105,0.0,0.0,0.105,0.311,0.0452,0.0452,0.2595
4.600000000000003,-1.2304006055428294,-1.7892998289171897,0.0,0.0,0.0,0.0,0.105,0.0,0.0,0.105,0.311,0.0452,0.0452,0.2595
4.700000000000003,-1.216494396574717,-1.7975857138274023,0.0,0.0,0.0,0.0,0.105,0.0,0.0,0.105,0.312606,0.045168999999999994,0.045168999999999994,0.26101
4.8000000000000025,-1.216494396574717,-1.7975857138274023,0.0,0.0,0.0,0.0,0.105,0.0,0.0,0.105,0.312606,0.045168999999999994,0.045168999999999994,0.26101
4.900000000000003,-1.2734805135157654,-1.764290331625344,0.0,0.0,0.0,0.0,0.105,0.0,0.0,0.105,1.0333,0.0543,0.0543,0.9768
5.0000000000000036,-1.3304666304568138,-1.7309949494232857,0.0,0.0,0.0,0.0,0.105,0.0,0.0,0.105,1.0333,0.0543,0.0543,0.9768
5.100000000000003,-1.3874527473978622,-1.6976995672212274,0.0,0.0,0.0,0.0,0.105,0.0,0.0,0.105,1.0333,0.0543,0.0543,0.9768
5.200000000000003,-1.4444388643389106,-1.664404185019169,0.0,0.0,0.0,0.0,0.105,0.0,0.0,0.105,1.0333,0.0543,0.0543,0.9768
5.3000000000000025,-1.501424981279959,-1.6311088028171108,0.0,0.0,0.0,0.0,0.105,0.0,0.0,0.105,1.0333,0.0543,0.0543,0.9768
5.400000000000003,-1.5584110982210073,-1.5978134206150525,0.0,0.0,0.0,0.0,0.105,0.0,0.0,0.105,1.0333,0.0543,0.0543,0.9768
5.5000000000000036,-1.6153972151620557,-1.5645180384129942,0.0,0.0,0.0,0.0,0.105,0.0,0.0,0.105,1.0333,0.0543,0.0543,0.9768
5.600000000000003,-1.672383332103104,-1.531222656210936,0.0,0.0,0.0,0.0,0.105,0.0,0.0,0.105,1.0333,0.0543,0.0543,0.9768
5.700000000000003,-1.7293694490441525,-1.4979272740088776,0.0,0.0,0.0,0.0,0.105,0.0,0.0,0.105,1.0333,0.0543,0.0543,0.9768
5.8000000000000025,-1.7863555659852008,-1.4646318918068193,0.0,0.0,0.0,0.0,0.105,0.0,0.0,0.105,1.0333,0.0543,0.0543,0.9768
5.900000000000003,-1.8433416829262492,-1.431336509604761,0.0,0.0,0.0,0.0,0.105,0.0,0.0,0.105,1.0333,0.0543,0.0543,0.9768
6.0000000000000036,-1.9003277998672976,-1.3980411274027027,0.0,0.0,0.0,0.0,0.105,0.0,0.0,0.105,1.0333,0.0543,0.0543,0.9768
6.100000000000003,-1.957313916808346,-1.3647457452006444,0.0,0.0,0.0,0.0,0.105,0.0,0.0,0.105,1.0333,0.0543,0.0543,0.9768
6.200000000000003,-2.0143000337493944,-1.331450362998586,0.0,0.0,0.0,0.0,0.105,0.0,0.0,0.105,1.0333,0.0543,0.0543,0.9768
6.300000000000003,-2.071286150690443,-1.2981549807965278,0.0,0.0,0.0,0.0,0.105,0.0,0.0,0.105,1.0333,0.0543,0.0543,0.9768
6.400000000000003,-2.128272267631491,-1.2648595985944695,0.0,0.0,0.0,0.0,0.105,0.0,0.0,0.105,1.0333,0.0543,0.0543,0.9768
6.500000000000003,-2.1852583845725393,-1.2315642163924112,0.0,0.0,0.0,0.0,0.105,0.0,0.0,0.105,1.0333,0.0543,0.0543,0.9768
6.600000000000003,-2.242244501513588,-1.198268834190353,0.0,0.0,0.0,0.0,0.105,0.0,0.0,0.105,1.0333,0.0543,0.0543,0.9768
6.700000000000003,-2.2992306184546365,-1.1649734519882946,0.0,0.0,0.0,0.0,0.105,0.0,0.0,0.105,1.0333,0.0543,0.0543,0.9768
6.800000000000003,-2.3562167353956847,-1.1316780697862363,0.0,0.0,0.0,0.0,0.105,0.0,0.0,0.105,1.0333,0.0543,0.0543,0.9768
6.900000000000003,-2.413202852336733,-1.098382687584178,0.0,0.0,0.0,0.0,0.105,0.0,0.0,0.105,1.0333,0.0543,0.0543,0.9768
7.0000000000000036,-2.4701889692777814,-1.0650873053821197,0.0,0.0,0.0,0.0,0.105,0.0,0.0,0.105,1.0333,0.0543,0.0543,0.9768
7.100000000000003,-2.52717508621883,-1.0317919231800614,0.0,0.0,0.0,0.0,0.105,0.0,0.0,0.105,1.0333,0.0543,0.0543,0.9768
7.200000000000003,-2.584161203159878,-0.9984965409780031,0.0,0.0,0.0,0.0,0.105,0.0,0.0,0.105,1.0333,0.0543,0.0543,0.9768
7.300000000000003,-2.6411473201009263,-0.9652011587759448,0.0,0.0,0.0,0.0,0.105,0.0,0.0,0.105,1.0333,0.0543,0.0543,0.9768
7.400000000000003,-2.698133437041975,-0.9319057765738865,0.0,0.0,0.0,0.0,0.105,0.0,0.0,0.105,1.0333,0.0543,0.0543,0.9768
7.5000000000000036,-2.7551195539830236,-0.8986103943718282,0.0,0.0,0.0,0.0,0.105,0.0,0.0,0.105,1.0333,0.0543,0.0543,0.9768
7.600000000000003,-2.8121056709240717,-0.8653150121697699,0.0,0.0,0.0,0.0,0.105,0.0,0.0,0.105,1.0333,0.0543,0.0543,0.9768
7.700000000000003,-2.86909178786512,-0.8320196299677116,0.0,0.0,0.0,0.0,0.105,0.0,0.0,0.105,1.0333,0.0543,0.0543,0.9768
7.800000000000003,-2.9260779048061685,-0.7987242477656533,0.0,0.0,0.0,0.0,0.105,0.0,0.0,0.105,1.0333,0.0543,0.0543,0.9768
7.900000000000003,-2.983064021747217,-0.765428865563595,0.0,0.0,0.0,0.0,0.105,0.0,0.0,0.105,1.0333,0.0543,0.0543,0.9768
8.000000000000004,-3.0400501386882652,-0.7321334833615367,0.0,0.0,0.0,0.0,0.105,0.0,0.0,0.105,1.0333,0.0543,0.0543,0.9768
8.100000000000003,-3.0970362556293134,-0.6988381011594784,0.0,0.0,0.0,0.0,0.105,0.0,0.0,0.105,1.0333,0.0543,0.0543,0.9768
8.200000000000003,-3.154022372570362,-0.6655427189574201,0.0,0.0,0.0,0.0,0.105,0.0,0.0,0.105,1.0333,0.0543,0.0543,0.9768
8.300000000000004,-3.2110084895114106,-0.6322473367553618,0.0,0.0,0.0,0.0,0.105,0.0,0.0,0.105,1.0333,0.0543,0.0543,0.9768
8.400000000000002,-3.2679946064524588,-0.5989519545533035,0.0,0.0,0.0,0.0,0.105,0.0,0.0,0.105,1.0333,0.0543,0.0543,0.9768
8.500000000000004,-3.324980723393507,-0.5656565723512452,0.0,0.0,0.0,0.0,0.105,0.0,0.0,0.105,1.0333,0.0543,0.0543,0.9768
8.600000000000003,-3.3819668403345555,-0.5323611901491869,0.0,0.0,0.0,0.0,0.105,0.0,0.0,0.105,1.0333,0.0543,0.0543,0.9768
8.700000000000003,-3.438952957275604,-0.4990658079471286,0.0,0.0,0.0,0.0,0.105,0.0,0.0,0.105,1.0333,0.0543,0.0543,0.9768
8.800000000000004,-3.4959390742166523,-0.4657704257450703,0.0,0.0,0.0,0.0,0.105,0.0,0.0,0.105,1.0333,0.0543,0.0543,0.9768
8.900000000000002,-3.5529251911577004,-0.432475043543012,0.0,0.0,0.0,0.0,0.105,0.0,0.0,0.105,1.0333,0.0543,0.0543,0.9768
9.000000000000004,-3.609911308098749,-0.39917966134095373,0.0,0.0,0.0,0.0,0.105,0.0,0.0,0.105,1.0333,0.0543,0.0543,0.9768
9.100000000000003,-3.6668974250397977,-0.36588427913889543,0.0,0.0,0.0,0.0,0.105,0.0,0.0,0.105,1.0333,0.0543,0.0543,0.9768
9.200000000000003,-3.723883541980846,-0.33258889693683713,0.0,0.0,0.0,0.0,0.105,0.0,0.0,0.105,1.0333,0.0543,0.0543,0.9768
0.0,0.0,0.0,0.0,0.0,0.0,0.0,0.0,0.0,0.0,0.0,0.0,0.0,0.0,0.0
2.299999999999997,-0.11863015845596271,-2.468830996059345,0.0,0.0,0.0,0.0,0.105,0.0,0.0,0.105,0.311,0.0452,0.0452,0.2595
2.3999999999999972,-0.11459784888640835,-2.5527610408251733,0.0,0.0,0.0,0.0,0.105,0.0,0.0,0.105,0.311,0.0452,0.0452,0.2595
2.4999999999999973,-0.13164403542872224,-2.6139793958495288,0.0,0.0,0.0,0.0,0.105,0.0,0.0,0.105,0.311,0.0452,0.0452,0.2595
2.599999999999997,-0.20061953882359385,-2.6776803547344223,0.0,0.0,0.0,0.0,0.105,0.0,0.0,0.105,0.311,0.0452,0.0452,0.2595
2.699999999999997,-0.29288091716630194,-2.6806328790432303,0.0,0.0,0.0,0.0,0.105,0.0,0.0,0.105,0.311,0.0452,0.0452,0.2595
2.799999999999997,-0.34528255622778276,-2.6541982709810097,0.0,0.0,0.0,0.0,0.105,0.0,0.0,0.105,0.311,0.0452,0.0452,0.2595
2.8999999999999972,-0.346615004319683,-2.653249475742335,0.0,0.0,0.0,0.0,0.105,0.0,0.0,0.105,0.311,0.0452,0.0452,0.2595
2.9999999999999973,-0.34082061136024483,-2.6591364023073383,0.0,0.0,0.0,0.0,0.105,0.0,0.0,0.105,0.311,0.0452,0.0452,0.2595
3.099999999999997,-0.3544729651446012,-2.6473489451336696,0.0,0.0,0.0,0.0,0.105,0.0,0.0,0.105,0.311,0.0452,0.0452,0.2595
3.199999999999997,-0.40395744997117555,-2.6167703381076253,0.0,0.0,0.0,0.0,0.105,0.0,0.0,0.105,0.311,0.0452,0.0452,0.2595
3.299999999999997,-0.45636116924754333,-2.593169663235117,0.0,0.0,0.0,0.0,0.105,0.0,0.0,0.105,0.311,0.0452,0.0452,0.2595
3.3999999999999972,-0.5512943846024043,-2.5513117757789634,0.0,0.0,0.0,0.0,0.105,0.0,0.0,0.105,0.311,0.0452,0.0452,0.2595
3.4999999999999973,-0.661307114265267,-2.516720641541705,0.0,0.0,0.0,0.0,0.105,0.0,0.0,0.105,0.311,0.0452,0.0452,0.2595
3.599999999999997,-0.7573854619980798,-2.505110977214385,0.0,0.0,0.0,0.0,0.105,0.0,0.0,0.105,0.311,0.0452,0.0452,0.2595
3.6999999999999975,-0.9135507083516613,-2.472557403186372,0.0,0.0,0.0,0.0,0.105,0.0,0.0,0.105,0.311,0.0452,0.0452,0.2595
3.799999999999997,-1.0337366045026044,-2.401360092884779,0.0,0.0,0.0,0.0,0.105,0.0,0.0,0.105,0.311,0.0452,0.0452,0.2595
3.8999999999999972,-1.1100243112148174,-2.3176630202706776,0.0,0.0,0.0,0.0,0.105,0.0,0.0,0.105,0.311,0.0452,0.0452,0.2595
3.9999999999999973,-1.165226146093576,-2.222936401641771,0.0,0.0,0.0,0.0,0.105,0.0,0.0,0.105,0.311,0.0452,0.0452,0.2595
4.099999999999997,-1.1999241306127781,-2.0833328708748846,0.0,0.0,0.0,0.0,0.105,0.0,0.0,0.105,0.311,0.0452,0.0452,0.2595
4.1999999999999975,-1.207640102995212,-1.9469072177818711,0.0,0.0,0.0,0.0,0.105,0.0,0.0,0.105,0.311,0.0452,0.0452,0.2595
4.299999999999997,-1.2379377273116163,-1.815653773398945,0.0,0.0,0.0,0.0,0.105,0.0,0.0,0.105,0.311,0.0452,0.0452,0.2595
4.399999999999997,-1.2761713595637378,-1.7596776869022968,0.0,0.0,0.0,0.0,0.105,0.0,0.0,0.105,0.311,0.0452,0.0452,0.2595
4.499999999999997,-1.2636082578237082,-1.7692502428453247,0.0,0.0,0.0,0.0,0.105,0.0,0.0,0.105,0.311,0.0452,0.0452,0.2595
4.599999999999998,-1.2464373900272283,-1.7795830404577015,0.0,0.0,0.0,0.0,0.105,0.0,0.0,0.105,0.311,0.0452,0.0452,0.2595
4.6999999999999975,-1.2304006055428294,-1.7892998289171897,0.0,0.0,0.0,0.0,0.105,0.0,0.0,0.105,0.311,0.0452,0.0452,0.2595
4.799999999999997,-1.216494396574717,-1.7975857138274023,0.0,0.0,0.0,0.0,0.105,0.0,0.0,0.105,0.312606,0.045168999999999994,0.045168999999999994,0.26101
4.899999999999997,-1.216494396574717,-1.7975857138274023,0.0,0.0,0.0,0.0,0.105,0.0,0.0,0.105,0.312606,0.045168999999999994,0.045168999999999994,0.26101
4.999999999999997,-1.2734805135157654,-1.764290331625344,0.0,0.0,0.0,0.0,0.105,0.0,0.0,0.105,1.0333,0.0543,0.0543,0.9768
5.099999999999998,-1.3304666304568138,-1.7309949494232857,0.0,0.0,0.0,0.0,0.105,0.0,0.0,0.105,1.0333,0.0543,0.0543,0.9768
5.1999999999999975,-1.3874527473978622,-1.6976995672212274,0.0,0.0,0.0,0.0,0.105,0.0,0.0,0.105,1.0333,0.0543,0.0543,0.9768
5.299999999999997,-1.4444388643389106,-1.664404185019169,0.0,0.0,0.0,0.0,0.105,0.0,0.0,0.105,1.0333,0.0543,0.0543,0.9768
5.399999999999997,-1.501424981279959,-1.6311088028171108,0.0,0.0,0.0,0.0,0.105,0.0,0.0,0.105,1.0333,0.0543,0.0543,0.9768
5.499999999999997,-1.5584110982210073,-1.5978134206150525,0.0,0.0,0.0,0.0,0.105,0.0,0.0,0.105,1.0333,0.0543,0.0543,0.9768
5.599999999999998,-1.6153972151620557,-1.5645180384129942,0.0,0.0,0.0,0.0,0.105,0.0,0.0,0.105,1.0333,0.0543,0.0543,0.9768
5.6999999999999975,-1.672383332103104,-1.531222656210936,0.0,0.0,0.0,0.0,0.105,0.0,0.0,0.105,1.0333,0.0543,0.0543,0.9768
5.799999999999997,-1.7293694490441525,-1.4979272740088776,0.0,0.0,0.0,0.0,0.105,0.0,0.0,0.105,1.0333,0.0543,0.0543,0.9768
5.899999999999997,-1.7863555659852008,-1.4646318918068193,0.0,0.0,0.0,0.0,0.105,0.0,0.0,0.105,1.0333,0.0543,0.0543,0.9768
5.999999999999997,-1.8433416829262492,-1.431336509604761,0.0,0.0,0.0,0.0,0.105,0.0,0.0,0.105,1.0333,0.0543,0.0543,0.9768
6.099999999999998,-1.9003277998672976,-1.3980411274027027,0.0,0.0,0.0,0.0,0.105,0.0,0.0,0.105,1.0333,0.0543,0.0543,0.9768
6.1999999999999975,-1.957313916808346,-1.3647457452006444,0.0,0.0,0.0,0.0,0.105,0.0,0.0,0.105,1.0333,0.0543,0.0543,0.9768
6.299999999999997,-2.0143000337493944,-1.331450362998586,0.0,0.0,0.0,0.0,0.105,0.0,0.0,0.105,1.0333,0.0543,0.0543,0.9768
6.399999999999998,-2.071286150690443,-1.2981549807965278,0.0,0.0,0.0,0.0,0.105,0.0,0.0,0.105,1.0333,0.0543,0.0543,0.9768
6.499999999999997,-2.128272267631491,-1.2648595985944695,0.0,0.0,0.0,0.0,0.105,0.0,0.0,0.105,1.0333,0.0543,0.0543,0.9768
6.599999999999997,-2.1852583845725393,-1.2315642163924112,0.0,0.0,0.0,0.0,0.105,0.0,0.0,0.105,1.0333,0.0543,0.0543,0.9768
6.6999999999999975,-2.242244501513588,-1.198268834190353,0.0,0.0,0.0,0.0,0.105,0.0,0.0,0.105,1.0333,0.0543,0.0543,0.9768
6.799999999999997,-2.2992306184546365,-1.1649734519882946,0.0,0.0,0.0,0.0,0.105,0.0,0.0,0.105,1.0333,0.0543,0.0543,0.9768
6.899999999999998,-2.3562167353956847,-1.1316780697862363,0.0,0.0,0.0,0.0,0.105,0.0,0.0,0.105,1.0333,0.0543,0.0543,0.9768
6.999999999999997,-2.413202852336733,-1.098382687584178,0.0,0.0,0.0,0.0,0.105,0.0,0.0,0.105,1.0333,0.0543,0.0543,0.9768
7.099999999999998,-2.4701889692777814,-1.0650873053821197,0.0,0.0,0.0,0.0,0.105,0.0,0.0,0.105,1.0333,0.0543,0.0543,0.9768
7.1999999999999975,-2.52717508621883,-1.0317919231800614,0.0,0.0,0.0,0.0,0.105,0.0,0.0,0.105,1.0333,0.0543,0.0543,0.9768
7.299999999999997,-2.584161203159878,-0.9984965409780031,0.0,0.0,0.0,0.0,0.105,0.0,0.0,0.105,1.0333,0.0543,0.0543,0.9768
7.399999999999998,-2.6411473201009263,-0.9652011587759448,0.0,0.0,0.0,0.0,0.105,0.0,0.0,0.105,1.0333,0.0543,0.0543,0.9768
7.499999999999997,-2.698133437041975,-0.9319057765738865,0.0,0.0,0.0,0.0,0.105,0.0,0.0,0.105,1.0333,0.0543,0.0543,0.9768
7.599999999999998,-2.7551195539830236,-0.8986103943718282,0.0,0.0,0.0,0.0,0.105,0.0,0.0,0.105,1.0333,0.0543,0.0543,0.9768
7.6999999999999975,-2.8121056709240717,-0.8653150121697699,0.0,0.0,0.0,0.0,0.105,0.0,0.0,0.105,1.0333,0.0543,0.0543,0.9768
7.799999999999997,-2.86909178786512,-0.8320196299677116,0.0,0.0,0.0,0.0,0.105,0.0,0.0,0.105,1.0333,0.0543,0.0543,0.9768
7.899999999999998,-2.9260779048061685,-0.7987242477656533,0.0,0.0,0.0,0.0,0.105,0.0,0.0,0.105,1.0333,0.0543,0.0543,0.9768
7.999999999999997,-2.983064021747217,-0.765428865563595,0.0,0.0,0.0,0.0,0.105,0.0,0.0,0.105,1.0333,0.0543,0.0543,0.9768
8.099999999999998,-3.0400501386882652,-0.7321334833615367,0.0,0.0,0.0,0.0,0.105,0.0,0.0,0.105,1.0333,0.0543,0.0543,0.9768
8.199999999999998,-3.0970362556293134,-0.6988381011594784,0.0,0.0,0.0,0.0,0.105,0.0,0.0,0.105,1.0333,0.0543,0.0543,0.9768
8.299999999999997,-3.154022372570362,-0.6655427189574201,0.0,0.0,0.0,0.0,0.105,0.0,0.0,0.105,1.0333,0.0543,0.0543,0.9768
8.399999999999999,-3.2110084895114106,-0.6322473367553618,0.0,0.0,0.0,0.0,0.105,0.0,0.0,0.105,1.0333,0.0543,0.0543,0.9768
8.499999999999996,-3.2679946064524588,-0.5989519545533035,0.0,0.0,0.0,0.0,0.105,0.0,0.0,0.105,1.0333,0.0543,0.0543,0.9768
8.599999999999998,-3.324980723393507,-0.5656565723512452,0.0,0.0,0.0,0.0,0.105,0.0,0.0,0.105,1.0333,0.0543,0.0543,0.9768
8.699999999999998,-3.3819668403345555,-0.5323611901491869,0.0,0.0,0.0,0.0,0.105,0.0,0.0,0.105,1.0333,0.0543,0.0543,0.9768
8.799999999999997,-3.438952957275604,-0.4990658079471286,0.0,0.0,0.0,0.0,0.105,0.0,0.0,0.105,1.0333,0.0543,0.0543,0.9768
8.899999999999999,-3.4959390742166523,-0.4657704257450703,0.0,0.0,0.0,0.0,0.105,0.0,0.0,0.105,1.0333,0.0543,0.0543,0.9768
8.999999999999996,-3.5529251911577004,-0.432475043543012,0.0,0.0,0.0,0.0,0.105,0.0,0.0,0.105,1.0333,0.0543,0.0543,0.9768
9.099999999999998,-3.609911308098749,-0.39917966134095373,0.0,0.0,0.0,0.0,0.105,0.0,0.0,0.105,1.0333,0.0543,0.0543,0.9768
9.199999999999998,-3.6668974250397977,-0.36588427913889543,0.0,0.0,0.0,0.0,0.105,0.0,0.0,0.105,1.0333,0.0543,0.0543,0.9768
9.299999999999997,-3.723883541980846,-0.33258889693683713,0.0,0.0,0.0,0.0,0.105,0.0,0.0,0.105,1.0333,0.0543,0.0543,0.9768
0.0,0.0,0.0,0.0,0.0,0.0,0.0,0.0,0.0,0.0,0.0,0.0,0.0,0.0,0.0
2.401999999999994,-0.11863014084098913,-2.468830988984982,0.0,0.0,0.0,0.0,0.105,0.0,0.0,0.105,0.311,0.0452,0.0452,0.2595
2.501999999999994,-0.114597809506786,-2.5527610127742175,0.0,0.0,0.0,0.0,0.105,0.0,0.0,0.105,0.311,0.0452,0.0452,0.2595
2.601999999999994,-0.1316439799298293,-2.6139793629868695,0.0,0.0,0.0,0.0,0.105,0.0,0.0,0.105,0.311,0.0452,0.0452,0.2595
2.7019999999999937,-0.2006194665358042,-2.677680326916666,0.0,0.0,0.0,0.0,0.105,0.0,0.0,0.105,0.311,0.0452,0.0452,0.2595
2.801999999999994,-0.29288084931368175,-2.6806328603164973,0.0,0.0,0.0,0.0,0.105,0.0,0.0,0.105,0.311,0.0452,0.0452,0.2595
2.901999999999994,-0.345282497174968,-2.6541982514040745,0.0,0.0,0.0,0.0,0.105,0.0,0.0,0.105,0.311,0.0452,0.0452,0.2595
3.001999999999994,-0.34661497707863986,-2.653249429684977,0.0,0.0,0.0,0.0,0.105,0.0,0.0,0.105,0.311,0.0452,0.0452,0.2595
3.101999999999994,-0.34082058422403777,-2.6591363561137396,0.0,0.0,0.0,0.0,0.105,0.0,0.0,0.105,0.311,0.0452,0.0452,0.2595
3.2019999999999937,-0.35447296777603504,-2.6473488729225996,0.0,0.0,0.0,0.0,0.105,0.0,0.0,0.105,0.311,0.0452,0.0452,0.2595
3.301999999999994,-0.4039574467117339,-2.6167702665470407,0.0,0.0,0.0,0.0,0.105,0.0,0.0,0.105,0.311,0.0452,0.0452,0.2595
3.401999999999994,-0.45636116166388985,-2.593169591646495,0.0,0.0,0.0,0.0,0.105,0.0,0.0,0.105,0.311,0.0452,0.0452,0.2595
3.501999999999994,-0.5512943656081986,-2.5513117145328583,0.0,0.0,0.0,0.0,0.105,0.0,0.0,0.105,0.311,0.0452,0.0452,0.2595
3.601999999999994,-0.6613071175918731,-2.516720601483383,0.0,0.0,0.0,0.0,0.105,0.0,0.0,0.105,0.311,0.0452,0.0452,0.2595
3.7019999999999937,-0.7573855082561749,-2.505110959564991,0.0,0.0,0.0,0.0,0.105,0.0,0.0,0.105,0.311,0.0452,0.0452,0.2595
3.8019999999999943,-0.9135510434488986,-2.4725572750006326,0.0,0.0,0.0,0.0,0.105,0.0,0.0,0.105,0.311,0.0452,0.0452,0.2595
3.901999999999994,-1.0337373544383492,-2.4013594803129132,0.0,0.0,0.0,0.0,0.105,0.0,0.0,0.105,0.311,0.0452,0.0452,0.2595
4.001999999999994,-1.1100247669220975,-2.3176624138690562,0.0,0.0,0.0,0.0,0.105,0.0,0.0,0.105,0.311,0.0452,0.0452,0.2595
4.101999999999994,-1.1652263375911798,-2.2229359369619845,0.0,0.0,0.0,0.0,0.105,0.0,0.0,0.105,0.311,0.0452,0.0452,0.2595
4.201999999999994,-1.1999241390213498,-2.083332812905437,0.0,0.0,0.0,0.0,0.105,0.0,0.0,0.105,0.311,0.0452,0.0452,0.2595
4.301999999999994,-1.2076400898286204,-1.9469073901559586,0.0,0.0,0.0,0.0,0.105,0.0,0.0,0.105,0.311,0.0452,0.0452,0.2595
4.401999999999994,-1.2379376616304953,-1.8156538820499715,0.0,0.0,0.0,0.0,0.105,0.0,0.0,0.105,0.311,0.0452,0.0452,0.2595
4.501999999999994,-1.2761713187974093,-1.7596777110208224,0.0,0.0,0.0,0.0,0.105,0.0,0.0,0.105,0.311,0.0452,0.0452,0.2595
4.601999999999994,-1.2636082268167352,-1.7692502611337506,0.0,0.0,0.0,0.0,0.105,0.0,0.0,0.105,0.311,0.0452,0.0452,0.2595
4.701999999999995,-1.246437371776215,-1.7795830514886604,0.0,0.0,0.0,0.0,0.105,0.0,0.0,0.105,0.311,0.0452,0.0452,0.2595
4.801999999999994,-1.2304005960800226,-1.7892998345314506,0.0,0.0,0.0,0.0,0.105,0.0,0.0,0.105,0.311,0.0452,0.0452,0.2595
4.901999999999994,-1.216494396574717,-1.7975857138274023,0.0,0.0,0.0,0.0,0.105,0.0,0.0,0.105,0.312606,0.045168999999999994,0.045168999999999994,0.26101
5.001999999999994,-1.216494396574717,-1.7975857138274023,0.0,0.0,0.0,0.0,0.105,0.0,0.0,0.105,0.312606,0.045168999999999994,0.045168999999999994,0.26101
5.101999999999994,-1.2734805135157654,-1.764290331625344,0.0,0.0,0.0,0.0,0.105,0.0,0.0,0.105,1.0333,0.0543,0.0543,0.9768
5.201999999999995,-1.3304666304568138,-1.7309949494232857,0.0,0.0,0.0,0.0,0.105,0.0,0.0,0.105,1.0333,0.0543,0.0543,0.9768
5.301999999999994,-1.3874527473978622,-1.6976995672212274,0.0,0.0,0.0,0.0,0.105,0.0,0.0,0.105,1.0333,0.0543,0.0543,0.9768
5.401999999999994,-1.4444388643389106,-1.664404185019169,0.0,0.0,0.0,0.0,0.105,0.0,0.0,0.105,1.0333,0.0543,0.0543,0.9768
5.501999999999994,-1.501424981279959,-1.6311088028171108,0.0,0.0,0.0,0.0,0.105,0.0,0.0,0.105,1.0333,0.0543,0.0543,0.9768
5.601999999999994,-1.5584110982210073,-1.5978134206150525,0.0,0.0,0.0,0.0,0.105,0.0,0.0,0.105,1.0333,0.0543,0.0543,0.9768
5.701999999999995,-1.6153972151620557,-1.5645180384129942,0.0,0.0,0.0,0.0,0.105,0.0,0.0,0.105,1.0333,0.0543,0.0543,0.9768
5.801999999999994,-1.672383332103104,-1.531222656210936,0.0,0.0,0.0,0.0,0.105,0.0,0.0,0.105,1.0333,0.0543,0.0543,0.9768
5.901999999999994,-1.7293694490441525,-1.4979272740088776,0.0,0.0,0.0,0.0,0.105,0.0,0.0,0.105,1.0333,0.0543,0.0543,0.9768
6.001999999999994,-1.7863555659852008,-1.4646318918068193,0.0,0.0,0.0,0.0,0.105,0.0,0.0,0.105,1.0333,0.0543,0.0543,0.9768
6.101999999999994,-1.8433416829262492,-1.431336509604761,0.0,0.0,0.0,0.0,0.105,0.0,0.0,0.105,1.0333,0.0543,0.0543,0.9768
6.201999999999995,-1.9003277998672976,-1.3980411274027027,0.0,0.0,0.0,0.0,0.105,0.0,0.0,0.105,1.0333,0.0543,0.0543,0.9768
6.301999999999994,-1.957313916808346,-1.3647457452006444,0.0,0.0,0.0,0.0,0.105,0.0,0.0,0.105,1.0333,0.0543,0.0543,0.9768
6.401999999999994,-2.0143000337493944,-1.331450362998586,0.0,0.0,0.0,0.0,0.105,0.0,0.0,0.105,1.0333,0.0543,0.0543,0.9768
6.5019999999999945,-2.071286150690443,-1.2981549807965278,0.0,0.0,0.0,0.0,0.105,0.0,0.0,0.105,1.0333,0.0543,0.0543,0.9768
6.601999999999994,-2.128272267631491,-1.2648595985944695,0.0,0.0,0.0,0.0,0.105,0.0,0.0,0.105,1.0333,0.0543,0.0543,0.9768
6.701999999999994,-2.1852583845725393,-1.2315642163924112,0.0,0.0,0.0,0.0,0.105,0.0,0.0,0.105,1.0333,0.0543,0.0543,0.9768
6.801999999999994,-2.242244501513588,-1.198268834190353,0.0,0.0,0.0,0.0,0.105,0.0,0.0,0.105,1.0333,0.0543,0.0543,0.9768
6.901999999999994,-2.2992306184546365,-1.1649734519882946,0.0,0.0,0.0,0.0,0.105,0.0,0.0,0.105,1.0333,0.0543,0.0543,0.9768
7.0019999999999945,-2.3562167353956847,-1.1316780697862363,0.0,0.0,0.0,0.0,0.105,0.0,0.0,0.105,1.0333,0.0543,0.0543,0.9768
7.101999999999994,-2.413202852336733,-1.098382687584178,0.0,0.0,0.0,0.0,0.105,0.0,0.0,0.105,1.0333,0.0543,0.0543,0.9768
7.201999999999995,-2.4701889692777814,-1.0650873053821197,0.0,0.0,0.0,0.0,0.105,0.0,0.0,0.105,1.0333,0.0543,0.0543,0.9768
7.301999999999994,-2.52717508621883,-1.0317919231800614,0.0,0.0,0.0,0.0,0.105,0.0,0.0,0.105,1.0333,0.0543,0.0543,0.9768
7.401999999999994,-2.584161203159878,-0.9984965409780031,0.0,0.0,0.0,0.0,0.105,0.0,0.0,0.105,1.0333,0.0543,0.0543,0.9768
7.5019999999999945,-2.6411473201009263,-0.9652011587759448,0.0,0.0,0.0,0.0,0.105,0.0,0.0,0.105,1.0333,0.0543,0.0543,0.9768
7.601999999999994,-2.698133437041975,-0.9319057765738865,0.0,0.0,0.0,0.0,0.105,0.0,0.0,0.105,1.0333,0.0543,0.0543,0.9768
7.701999999999995,-2.7551195539830236,-0.8986103943718282,0.0,0.0,0.0,0.0,0.105,0.0,0.0,0.105,1.0333,0.0543,0.0543,0.9768
7.801999999999994,-2.8121056709240717,-0.8653150121697699,0.0,0.0,0.0,0.0,0.105,0.0,0.0,0.105,1.0333,0.0543,0.0543,0.9768
7.901999999999994,-2.86909178786512,-0.8320196299677116,0.0,0.0,0.0,0.0,0.105,0.0,0.0,0.105,1.0333,0.0543,0.0543,0.9768
8.001999999999995,-2.9260779048061685,-0.7987242477656533,0.0,0.0,0.0,0.0,0.105,0.0,0.0,0.105,1.0333,0.0543,0.0543,0.9768
8.101999999999993,-2.983064021747217,-0.765428865563595,0.0,0.0,0.0,0.0,0.105,0.0,0.0,0.105,1.0333,0.0543,0.0543,0.9768
8.201999999999995,-3.0400501386882652,-0.7321334833615367,0.0,0.0,0.0,0.0,0.105,0.0,0.0,0.105,1.0333,0.0543,0.0543,0.9768
8.301999999999994,-3.0970362556293134,-0.6988381011594784,0.0,0.0,0.0,0.0,0.105,0.0,0.0,0.105,1.0333,0.0543,0.0543,0.9768
8.401999999999994,-3.154022372570362,-0.6655427189574201,0.0,0.0,0.0,0.0,0.105,0.0,0.0,0.105,1.0333,0.0543,0.0543,0.9768
8.501999999999995,-3.2110084895114106,-0.6322473367553618,0.0,0.0,0.0,0.0,0.105,0.0,0.0,0.105,1.0333,0.0543,0.0543,0.9768
8.601999999999993,-3.2679946064524588,-0.5989519545533035,0.0,0.0,0.0,0.0,0.105,0.0,0.0,0.105,1.0333,0.0543,0.0543,0.9768
8.701999999999995,-3.324980723393507,-0.5656565723512452,0.0,0.0,0.0,0.0,0.105,0.0,0.0,0.105,1.0333,0.0543,0.0543,0.9768
8.801999999999994,-3.3819668403345555,-0.5323611901491869,0.0,0.0,0.0,0.0,0.105,0.0,0.0,0.105,1.0333,0.0543,0.0543,0.9768
8.901999999999994,-3.438952957275604,-0.4990658079471286,0.0,0.0,0.0,0.0,0.105,0.0,0.0,0.105,1.0333,0.0543,0.0543,0.9768
9.001999999999995,-3.4959390742166523,-0.4657704257450703,0.0,0.0,0.0,0.0,0.105,0.0,0.0,0.105,1.0333,0.0543,0.0543,0.9768
9.101999999999993,-3.5529251911577004,-0.432475043543012,0.0,0.0,0.0,0.0,0.105,0.0,0.0,0.105,1.0333,0.0543,0.0543,0.9768
9.201999999999995,-3.609911308098749,-0.39917966134095373,0.0,0.0,0.0,0.0,0.105,0.0,0.0,0.105,1.0333,0.0543,0.0543,0.9768
9.301999999999994,-3.6668974250397977,-0.36588427913889543,0.0,0.0,0.0,0.0,0.105,0.0,0.0,0.105,1.0333,0.0543,0.0543,0.9768
9.401999999999994,-3.723883541980846,-0.33258889693683713,0.0,0.0,0.0,0.0,0.105,0.0,0.0,0.105,1.0333,0.0543,0.0543,0.9768
0.0,0.0,0.0,0.0,0.0,0.0,0.0,0.0,0.0,0.0,0.0,0.0,0.0,0.0,0.0
2.301000000000002,-0.11863019421957235,-2.468831010422373,0.0,0.0,0.0,0.0,0.105,0.0,0.0,0.105,0.311,0.0452,0.0452,0.2595
2.401000000000002,-0.11459792120483453,-2.5527612253649825,0.0,0.0,0.0,0.0,0.105,0.0,0.0,0.105,0.311,0.0452,0.0452,0.2595
2.501000000000002,-0.1316441504019337,-2.6139796488382423,0.0,0.0,0.0,0.0,0.105,0.0,0.0,0.105,0.311,0.0452,0.0452,0.2595
2.6010000000000018,-0.20061977056705793,-2.677680690526985,0.0,0.0,0.0,0.0,0.105,0.0,0.0,0.105,0.311,0.0452,0.0452,0.2595
2.701000000000002,-0.2928811894461834,-2.680633198795974,0.0,0.0,0.0,0.0,0.105,0.0,0.0,0.105,0.311,0.0452,0.0452,0.2595
2.801000000000002,-0.3452828008041589,-2.6541985901049148,0.0,0.0,0.0,0.0,0.105,0.0,0.0,0.105,0.311,0.0452,0.0452,0.2595
2.901000000000002,-0.3466150585533464,-2.6532499527585176,0.0,0.0,0.0,0.0,0.105,0.0,0.0,0.105,0.311,0.0452,0.0452,0.2595
3.001000000000002,-0.34082066615714823,-2.659136878368842,0.0,0.0,0.0,0.0,0.105,0.0,0.0,0.105,0.311,0.0452,0.0452,0.2595
3.1010000000000018,-0.35447283586685807,-2.6473495825498183,0.0,0.0,0.0,0.0,0.105,0.0,0.0,0.105,0.311,0.0452,0.0452,0.2595
3.201000000000002,-0.4039573881827637,-2.616770962484758,0.0,0.0,0.0,0.0,0.105,0.0,0.0,0.105,0.311,0.0452,0.0452,0.2595
3.301000000000002,-0.4563611587727033,-2.593170285054246,0.0,0.0,0.0,0.0,0.105,0.0,0.0,0.105,0.311,0.0452,0.0452,0.2595
3.401000000000002,-0.5512945089377796,-2.5513123005000153,0.0,0.0,0.0,0.0,0.105,0.0,0.0,0.105,0.311,0.0452,0.0452,0.2595
3.501000000000002,-0.6613070572736749,-2.516720988463474,0.0,0.0,0.0,0.0,0.105,0.0,0.0,0.105,0.311,0.0452,0.0452,0.2595
3.6010000000000018,-0.7573850491303913,-2.5051111324904616,0.0,0.0,0.0,0.0,0.105,0.0,0.0,0.105,0.311,0.0452,0.0452,0.2595
3.7010000000000023,-0.9135477611160455,-2.4725585315961083,0.0,0.0,0.0,0.0,0.105,0.0,0.0,0.105,0.311,0.0452,0.0452,0.2595
3.801000000000002,-1.0337300188203637,-2.401365471223789,0.0,0.0,0.0,0.0,0.105,0.0,0.0,0.105,0.311,0.0452,0.0452,0.2595
3.901000000000002,-1.110020311903771,-2.317668342959884,0.0,0.0,0.0,0.0,0.105,0.0,0.0,0.105,0.311,0.0452,0.0452,0.2595
4.001000000000002,-1.1652244625557016,-2.222940487840277,0.0,0.0,0.0,0.0,0.105,0.0,0.0,0.105,0.311,0.0452,0.0452,0.2595
4.101000000000002,-1.199924054398094,-2.0833333988247453,0.0,0.0,0.0,0.0,0.105,0.0,0.0,0.105,0.311,0.0452,0.0452,0.2595
4.201000000000002,-1.207640218963775,-1.94690571356112,0.0,0.0,0.0,0.0,0.105,0.0,0.0,0.105,0.311,0.0452,0.0452,0.2595
4.301000000000002,-1.237938297801252,-1.8156528293544187,0.0,0.0,0.0,0.0,0.105,0.0,0.0,0.105,0.311,0.0452,0.0452,0.2595
4.401000000000002,-1.2761717131103423,-1.759677471379132,0.0,0.0,0.0,0.0,0.105,0.0,0.0,0.105,0.311,0.0452,0.0452,0.2595
4.501000000000002,-1.2636085278950222,-1.7692500785408172,0.0,0.0,0.0,0.0,0.105,0.0,0.0,0.105,0.311,0.0452,0.0452,0.2595
4.601000000000003,-1.2464375505845129,-1.7795829408764274,0.0,0.0,0.0,0.0,0.105,0.0,0.0,0.105,0.311,0.0452,0.0452,0.2595
4.701000000000002,-1.230400691257754,-1.7892997774483568,0.0,0.0,0.0,0.0,0.105,0.0,0.0,0.105,0.311,0.0452,0.0452,0.2595
4.801000000000002,-1.216494396574717,-1.7975857138274023,0.0,0.0,0.0,0.0,0.105,0.0,0.0,0.105,0.312606,0.045168999999999994,0.045168999999999994,0.26101
4.901000000000002,-1.216494396574717,-1.7975857138274023,0.0,0.0,0.0,0.0,0.105,0.0,0.0,0.105,0.312606,0.045168999999999994,0.045168999999999994,0.26101
5.001000000000002,-1.2734805135157654,-1.764290331625344,0.0,0.0,0.0,0.0,0.105,0.0,0.0,0.105,1.0333,0.0543,0.0543,0.9768
5.101000000000003,-1.3304666304568138,-1.7309949494232857,0.0,0.0,0.0,0.0,0.105,0.0,0.0,0.105,1.0333,0.0543,0.0543,0.9768
5.201000000000002,-1.3874527473978622,-1.6976995672212274,0.0,0.0,0.0,0.0,0.105,0.0,0.0,0.105,1.0333,0.0543,0.0543,0.9768
5.301000000000002,-1.4444388643389106,-1.664404185019169,0.0,0.0,0.0,0.0,0.105,0.0,0.0,0.105,1.0333,0.0543,0.0543,0.9768
5.401000000000002,-1.501424981279959,-1.6311088028171108,0.0,0.0,0.0,0.0,0.105,0.0,0.0,0.105,1.0333,0.0543,0.0543,0.9768
5.501000000000002,-1.5584110982210073,-1.5978134206150525,0.0,0.0,0.0,0.0,0.105,0.0,0.0,0.105,1.0333,0.0543,0.0543,0.9768
5.601000000000003,-1.6153972151620557,-1.5645180384129942,0.0,0.0,0.0,0.0,0.105,0.0,0.0,0.105,1.0333,0.0543,0.0543,0.9768
5.701000000000002,-1.672383332103104,-1.531222656210936,0.0,0.0,0.0,0.0,0.105,0.0,0.0,0.105,1.0333,0.0543,0.0543,0.9768
5.801000000000002,-1.7293694490441525,-1.4979272740088776,0.0,0.0,0.0,0.0,0.105,0.0,0.0,0.105,1.0333,0.0543,0.0543,0.9768
5.901000000000002,-1.7863555659852008,-1.4646318918068193,0.0,0.0,0.0,0.0,0.105,0.0,0.0,0.105,1.0333,0.0543,0.0543,0.9768
6.001000000000002,-1.8433416829262492,-1.431336509604761,0.0,0.0,0.0,0.0,0.105,0.0,0.0,0.105,1.0333,0.0543,0.0543,0.9768
6.101000000000003,-1.9003277998672976,-1.3980411274027027,0.0,0.0,0.0,0.0,0.105,0.0,0.0,0.105,1.0333,0.0543,0.0543,0.9768
6.201000000000002,-1.957313916808346,-1.3647457452006444,0.0,0.0,0.0,0.0,0.105,0.0,0.0,0.105,1.0333,0.0543,0.0543,0.9768
6.301000000000002,-2.0143000337493944,-1.331450362998586,0.0,0.0,0.0,0.0,0.105,0.0,0.0,0.105,1.0333,0.0543,0.0543,0.9768
6.4010000000000025,-2.071286150690443,-1.2981549807965278,0.0,0.0,0.0,0.0,0.105,0.0,0.0,0.105,1.0333,0.0543,0.0543,0.9768
6.501000000000002,-2.128272267631491,-1.2648595985944695,0.0,0.0,0.0,0.0,0.105,0.0,0.0,0.105,1.0333,0.0543,0.0543,0.9768
6.601000000000002,-2.1852583845725393,-1.2315642163924112,0.0,0.0,0.0,0.0,0.105,0.0,0.0,0.105,1.0333,0.0543,0.0543,0.9768
6.701000000000002,-2.242244501513588,-1.198268834190353,0.0,0.0,0.0,0.0,0.105,0.0,0.0,0.105,1.0333,0.0543,0.0543,0.9768
6.801000000000002,-2.2992306184546365,-1.1649734519882946,0.0,0.0,0.0,0.0,0.105,0.0,0.0,0.105,1.0333,0.0543,0.0543,0.9768
6.9010000000000025,-2.3562167353956847,-1.1316780697862363,0.0,0.0,0.0,0.0,0.105,0.0,0.0,0.105,1.0333,0.0543,0.0543,0.9768
7.001000000000002,-2.413202852336733,-1.098382687584178,0.0,0.0,0.0,0.0,0.105,0.0,0.0,0.105,1.0333,0.0543,0.0543,0.9768
7.101000000000003,-2.4701889692777814,-1.0650873053821197,0.0,0.0,0.0,0.0,0.105,0.0,0.0,0.105,1.0333,0.0543,0.0543,0.9768
7.201000000000002,-2.52717508621883,-1.0317919231800614,0.0,0.0,0.0,0.0,0.105,0.0,0.0,0.105,1.0333,0.0543,0.0543,0.9768
7.301000000000002,-2.584161203159878,-0.9984965409780031,0.0,0.0,0.0,0.0,0.105,0.0,0.0,0.105,1.0333,0.0543,0.0543,0.9768
7.4010000000000025,-2.6411473201009263,-0.9652011587759448,0.0,0.0,0.0,0.0,0.105,0.0,0.0,0.105,1.0333,0.0543,0.0543,0.9768
7.501000000000002,-2.698133437041975,-0.9319057765738865,0.0,0.0,0.0,0.0,0.105,0.0,0.0,0.105,1.0333,0.0543,0.0543,0.9768
7.601000000000003,-2.7551195539830236,-0.8986103943718282,0.0,0.0,0.0,0.0,0.105,0.0,0.0,0.105,1.0333,0.0543,0.0543,0.9768
7.701000000000002,-2.8121056709240717,-0.8653150121697699,0.0,0.0,0.0,0.0,0.105,0.0,0.0,0.105,1.0333,0.0543,0.0543,0.9768
7.801000000000002,-2.86909178786512,-0.8320196299677116,0.0,0.0,0.0,0.0,0.105,0.0,0.0,0.105,1.0333,0.0543,0.0543,0.9768
7.9010000000000025,-2.9260779048061685,-0.7987242477656533,0.0,0.0,0.0,0.0,0.105,0.0,0.0,0.105,1.0333,0.0543,0.0543,0.9768
8.001000000000001,-2.983064021747217,-0.765428865563595,0.0,0.0,0.0,0.0,0.105,0.0,0.0,0.105,1.0333,0.0543,0.0543,0.9768
8.101000000000003,-3.0400501386882652,-0.7321334833615367,0.0,0.0,0.0,0.0,0.105,0.0,0.0,0.105,1.0333,0.0543,0.0543,0.9768
8.201000000000002,-3.0970362556293134,-0.6988381011594784,0.0,0.0,0.0,0.0,0.105,0.0,0.0,0.105,1.0333,0.0543,0.0543,0.9768
8.301000000000002,-3.154022372570362,-0.6655427189574201,0.0,0.0,0.0,0.0,0.105,0.0,0.0,0.105,1.0333,0.0543,0.0543,0.9768
8.401000000000003,-3.2110084895114106,-0.6322473367553618,0.0,0.0,0.0,0.0,0.105,0.0,0.0,0.105,1.0333,0.0543,0.0543,0.9768
8.501000000000001,-3.2679946064524588,-0.5989519545533035,0.0,0.0,0.0,0.0,0.105,0.0,0.0,0.105,1.0333,0.0543,0.0543,0.9768
8.601000000000003,-3.324980723393507,-0.5656565723512452,0.0,0.0,0.0,0.0,0.105,0.0,0.0,0.105,1.0333,0.0543,0.0543,0.9768
8.701000000000002,-3.3819668403345555,-0.5323611901491869,0.0,0.0,0.0,0.0,0.105,0.0,0.0,0.105,1.0333,0.0543,0.0543,0.9768
8.801000000000002,-3.438952957275604,-0.4990658079471286,0.0,0.0,0.0,0.0,0.105,0.0,0.0,0.105,1.0333,0.0543,0.0543,0.9768
8.901000000000003,-3.4959390742166523,-0.4657704257450703,0.0,0.0,0.0,0.0,0.105,0.0,0.0,0.105,1.0333,0.0543,0.0543,0.9768
9.001000000000001,-3.5529251911577004,-0.432475043543012,0.0,0.0,0.0,0.0,0.105,0.0,0.0,0.105,1.0333,0.0543,0.0543,0.9768
9.101000000000003,-3.609911308098749,-0.39917966134095373,0.0,0.0,0.0,0.0,0.105,0.0,0.0,0.105,1.0333,0.0543,0.0543,0.9768
9.201000000000002,-3.6668974250397977,-0.36588427913889543,0.0,0.0,0.0,0.0,0.105,0.0,0.0,0.105,1.0333,0.0543,0.0543,0.9768
9.301000000000002,-3.723883541980846,-0.33258889693683713,0.0,0.0,0.0,0.0,0.105,0.0,0.0,0.105,1.0333,0.0543,0.0543,0.9768
0.0,0.0,0.0,0.0,0.0,0.0,0.0,0.0,0.0,0.0,0.0,0.0,0.0,0.0,0.0
2.5060000000000002,-0.11863005169792576,-2.468830953184044,0.0,0.0,0.0,0.0,0.105,0.0,0.0,0.105,0.311,0.0452,0.0452,0.2595
2.6060000000000003,-0.11459762033025682,-2.5527606999969095,0.0,0.0,0.0,0.0,0.105,0.0,0.0,0.105,0.311,0.0452,0.0452,0.2595
2.7060000000000004,-0.1316436956471994,-2.6139789472713604,0.0,0.0,0.0,0.0,0.105,0.0,0.0,0.105,0.311,0.0452,0.0452,0.2595
2.806,-0.2006189863448132,-2.6776798126841066,0.0,0.0,0.0,0.0,0.105,0.0,0.0,0.105,0.311,0.0452,0.0452,0.2595
2.906,-0.29288032715282825,-2.6806323891922954,0.0,0.0,0.0,0.0,0.105,0.0,0.0,0.105,0.311,0.0452,0.0452,0.2595
3.0060000000000002,-0.34528203210959785,-2.6541977795991443,0.0,0.0,0.0,0.0,0.105,0.0,0.0,0.105,0.311,0.0452,0.0452,0.2595
3.1060000000000003,-0.346614842417022,-2.65324868359386,0.0,0.0,0.0,0.0,0.105,0.0,0.0,0.105,0.311,0.0452,0.0452,0.2595
3.2060000000000004,-0.3408204491161196,-2.659135610844359,0.0,0.0,0.0,0.0,0.105,0.0,0.0,0.105,0.311,0.0452,0.0452,0.2595
3.306,-0.3544731469963102,-2.6473478523859373,0.0,0.0,0.0,0.0,0.105,0.0,0.0,0.105,0.311,0.0452,0.0452,0.2595
3.406,-0.40395752101325016,-2.6167692654423256,0.0,0.0,0.0,0.0,0.105,0.0,0.0,0.105,0.311,0.0452,0.0452,0.2595
3.5060000000000002,-0.45636115660109344,-2.593168593997259,0.0,0.0,0.0,0.0,0.105,0.0,0.0,0.105,0.311,0.0452,0.0452,0.2595
3.6060000000000003,-0.551294150141245,-2.5513108715032184,0.0,0.0,0.0,0.0,0.105,0.0,0.0,0.105,0.311,0.0452,0.0452,0.2595
3.7060000000000004,-0.6613071963828429,-2.5167200445959623,0.0,0.0,0.0,0.0,0.105,0.0,0.0,0.105,0.311,0.0452,0.0452,0.2595
3.806,-0.757386162338779,-2.505110711152595,0.0,0.0,0.0,0.0,0.105,0.0,0.0,0.105,0.311,0.0452,0.0452,0.2595
3.9060000000000006,-0.913555752549087,-2.472555472458215,0.0,0.0,0.0,0.0,0.105,0.0,0.0,0.105,0.311,0.0452,0.0452,0.2595
4.006,-1.0337478846099526,-2.401350880163944,0.0,0.0,0.0,0.0,0.105,0.0,0.0,0.105,0.311,0.0452,0.0452,0.2595
4.106,-1.1100311624134371,-2.3176539016256443,0.0,0.0,0.0,0.0,0.105,0.0,0.0,0.105,0.311,0.0452,0.0452,0.2595
4.206,-1.165229029456691,-2.222929402956236,0.0,0.0,0.0,0.0,0.105,0.0,0.0,0.105,0.311,0.0452,0.0452,0.2595
4.306,-1.1999242613231142,-2.083331966719768,0.0,0.0,0.0,0.0,0.105,0.0,0.0,0.105,0.311,0.0452,0.0452,0.2595
4.406000000000001,-1.2076399051037265,-1.9469097932365707,0.0,0.0,0.0,0.0,0.105,0.0,0.0,0.105,0.311,0.0452,0.0452,0.2595
4.506,-1.2379367485748465,-1.8156553925620664,0.0,0.0,0.0,0.0,0.105,0.0,0.0,0.105,0.311,0.0452,0.0452,0.2595
4.606,-1.2761707529606867,-1.7596780544757946,0.0,0.0,0.0,0.0,0.105,0.0,0.0,0.105,0.311,0.0452,0.0452,0.2595
4.706,-1.2636077949769755,-1.7692505226443316,0.0,0.0,0.0,0.0,0.105,0.0,0.0,0.105,0.311,0.0452,0.0452,0.2595
4.806000000000001,-1.24643711556988,-1.779583209792058,0.0,0.0,0.0,0.0,0.105,0.0,0.0,0.105,0.311,0.0452,0.0452,0.2595
4.906000000000001,-1.2304004598701421,-1.7892999161666892,0.0,0.0,0.0,0.0,0.105,0.0,0.0,0.105,0.311,0.0452,0.0452,0.2595
5.006,-1.216494396574717,-1.7975857138274023,0.0,0.0,0.0,0.0,0.105,0.0,0.0,0.105,0.312606,0.045168999999999994,0.045168999999999994,0.26101
5.106,-1.216494396574717,-1.7975857138274023,0.0,0.0,0.0,0.0,0.105,0.0,0.0,0.105,0.312606,0.045168999999999994,0.045168999999999994,0.26101
5.206,-1.2734805135157654,-1.764290331625344,0.0,0.0,0.0,0.0,0.105,0.0,0.0,0.105,1.0333,0.0543,0.0543,0.9768
5.306000000000001,-1.3304666304568138,-1.7309949494232857,0.0,0.0,0.0,0.0,0.105,0.0,0.0,0.105,1.0333,0.0543,0.0543,0.9768
5.406000000000001,-1.3874527473978622,-1.6976995672212274,0.0,0.0,0.0,0.0,0.105,0.0,0.0,0.105,1.0333,0.0543,0.0543,0.9768
5.506,-1.4444388643389106,-1.664404185019169,0.0,0.0,0.0,0.0,0.105,0.0,0.0,0.105,1.0333,0.0543,0.0543,0.9768
5.606,-1.501424981279959,-1.6311088028171108,0.0,0.0,0.0,0.0,0.105,0.0,0.0,0.105,1.0333,0.0543,0.0543,0.9768
5.706,-1.5584110982210073,-1.5978134206150525,0.0,0.0,0.0,0.0,0.105,0.0,0.0,0.105,1.0333,0.0543,0.0543,0.9768
5.806000000000001,-1.6153972151620557,-1.5645180384129942,0.0,0.0,0.0,0.0,0.105,0.0,0.0,0.105,1.0333,0.0543,0.0543,0.9768
5.906000000000001,-1.672383332103104,-1.531222656210936,0.0,0.0,0.0,0.0,0.105,0.0,0.0,0.105,1.0333,0.0543,0.0543,0.9768
6.006,-1.7293694490441525,-1.4979272740088776,0.0,0.0,0.0,0.0,0.105,0.0,0.0,0.105,1.0333,0.0543,0.0543,0.9768
6.106,-1.7863555659852008,-1.4646318918068193,0.0,0.0,0.0,0.0,0.105,0.0,0.0,0.105,1.0333,0.0543,0.0543,0.9768
6.206,-1.8433416829262492,-1.431336509604761,0.0,0.0,0.0,0.0,0.105,0.0,0.0,0.105,1.0333,0.0543,0.0543,0.9768
6.306000000000001,-1.9003277998672976,-1.3980411274027027,0.0,0.0,0.0,0.0,0.105,0.0,0.0,0.105,1.0333,0.0543,0.0543,0.9768
6.406000000000001,-1.957313916808346,-1.3647457452006444,0.0,0.0,0.0,0.0,0.105,0.0,0.0,0.105,1.0333,0.0543,0.0543,0.9768
6.506,-2.0143000337493944,-1.331450362998586,0.0,0.0,0.0,0.0,0.105,0.0,0.0,0.105,1.0333,0.0543,0.0543,0.9768
6.606000000000001,-2.071286150690443,-1.2981549807965278,0.0,0.0,0.0,0.0,0.105,0.0,0.0,0.105,1.0333,0.0543,0.0543,0.9768
6.706,-2.128272267631491,-1.2648595985944695,0.0,0.0,0.0,0.0,0.105,0.0,0.0,0.105,1.0333,0.0543,0.0543,0.9768
6.806,-2.1852583845725393,-1.2315642163924112,0.0,0.0,0.0,0.0,0.105,0.0,0.0,0.105,1.0333,0.0543,0.0543,0.9768
6.906000000000001,-2.242244501513588,-1.198268834190353,0.0,0.0,0.0,0.0,0.105,0.0,0.0,0.105,1.0333,0.0543,0.0543,0.9768
7.006,-2.2992306184546365,-1.1649734519882946,0.0,0.0,0.0,0.0,0.105,0.0,0.0,0.105,1.0333,0.0543,0.0543,0.9768
7.106000000000001,-2.3562167353956847,-1.1316780697862363,0.0,0.0,0.0,0.0,0.105,0.0,0.0,0.105,1.0333,0.0543,0.0543,0.9768
7.206,-2.413202852336733,-1.098382687584178,0.0,0.0,0.0,0.0,0.105,0.0,0.0,0.105,1.0333,0.0543,0.0543,0.9768
7.306000000000001,-2.4701889692777814,-1.0650873053821197,0.0,0.0,0.0,0.0,0.105,0.0,0.0,0.105,1.0333,0.0543,0.0543,0.9768
7.406000000000001,-2.52717508621883,-1.0317919231800614,0.0,0.0,0.0,0.0,0.105,0.0,0.0,0.105,1.0333,0.0543,0.0543,0.9768
7.506,-2.584161203159878,-0.9984965409780031,0.0,0.0,0.0,0.0,0.105,0.0,0.0,0.105,1.0333,0.0543,0.0543,0.9768
7.606000000000001,-2.6411473201009263,-0.9652011587759448,0.0,0.0,0.0,0.0,0.105,0.0,0.0,0.105,1.0333,0.0543,0.0543,0.9768
7.706,-2.698133437041975,-0.9319057765738865,0.0,0.0,0.0,0.0,0.105,0.0,0.0,0.105,1.0333,0.0543,0.0543,0.9768
7.806000000000001,-2.7551195539830236,-0.8986103943718282,0.0,0.0,0.0,0.0,0.105,0.0,0.0,0.105,1.0333,0.0543,0.0543,0.9768
7.906000000000001,-2.8121056709240717,-0.8653150121697699,0.0,0.0,0.0,0.0,0.105,0.0,0.0,0.105,1.0333,0.0543,0.0543,0.9768
8.006,-2.86909178786512,-0.8320196299677116,0.0,0.0,0.0,0.0,0.105,0.0,0.0,0.105,1.0333,0.0543,0.0543,0.9768
8.106000000000002,-2.9260779048061685,-0.7987242477656533,0.0,0.0,0.0,0.0,0.105,0.0,0.0,0.105,1.0333,0.0543,0.0543,0.9768
8.206,-2.983064021747217,-0.765428865563595,0.0,0.0,0.0,0.0,0.105,0.0,0.0,0.105,1.0333,0.0543,0.0543,0.9768
8.306000000000001,-3.0400501386882652,-0.7321334833615367,0.0,0.0,0.0,0.0,0.105,0.0,0.0,0.105,1.0333,0.0543,0.0543,0.9768
8.406,-3.0970362556293134,-0.6988381011594784,0.0,0.0,0.0,0.0,0.105,0.0,0.0,0.105,1.0333,0.0543,0.0543,0.9768
8.506,-3.154022372570362,-0.6655427189574201,0.0,0.0,0.0,0.0,0.105,0.0,0.0,0.105,1.0333,0.0543,0.0543,0.9768
8.606000000000002,-3.2110084895114106,-0.6322473367553618,0.0,0.0,0.0,0.0,0.105,0.0,0.0,0.105,1.0333,0.0543,0.0543,0.9768
8.706,-3.2679946064524588,-0.5989519545533035,0.0,0.0,0.0,0.0,0.105,0.0,0.0,0.105,1.0333,0.0543,0.0543,0.9768
8.806000000000001,-3.324980723393507,-0.5656565723512452,0.0,0.0,0.0,0.0,0.105,0.0,0.0,0.105,1.0333,0.0543,0.0543,0.9768
8.906,-3.3819668403345555,-0.5323611901491869,0.0,0.0,0.0,0.0,0.105,0.0,0.0,0.105,1.0333,0.0543,0.0543,0.9768
9.006,-3.438952957275604,-0.4990658079471286,0.0,0.0,0.0,0.0,0.105,0.0,0.0,0.105,1.0333,0.0543,0.0543,0.9768
9.106000000000002,-3.4959390742166523,-0.4657704257450703,0.0,0.0,0.0,0.0,0.105,0.0,0.0,0.105,1.0333,0.0543,0.0543,0.9768
9.206,-3.5529251911577004,-0.432475043543012,0.0,0.0,0.0,0.0,0.105,0.0,0.0,0.105,1.0333,0.0543,0.0543,0.9768
9.306000000000001,-3.609911308098749,-0.39917966134095373,0.0,0.0,0.0,0.0,0.105,0.0,0.0,0.105,1.0333,0.0543,0.0543,0.9768
9.406,-3.6668974250397977,-0.36588427913889543,0.0,0.0,0.0,0.0,0.105,0.0,0.0,0.105,1.0333,0.0543,0.0543,0.9768
9.506,-3.723883541980846,-0.33258889693683713,0.0,0.0,0.0,0.0,0.105,0.0,0.0,0.105,1.0333,0.0543,0.0543,0.9768
0.0,0.0,0.0,0.0,0.0,0.0,0.0,0.0,0.0,0.0,0.0,0.0,0.0,0.0,0.0
2.3999999999999986,-0.11863008746203374,-2.468830967547368,0.0,0.0,0.0,0.0,0.105,0.0,0.0,0.105,0.311,0.0452,0.0452,0.2595
2.4999999999999987,-0.11459769931078118,-2.552760775440319,0.0,0.0,0.0,0.0,0.105,0.0,0.0,0.105,0.311,0.0452,0.0452,0.2595
2.5999999999999988,-0.13164380906144543,-2.6139790409590504,0.0,0.0,0.0,0.0,0.105,0.0,0.0,0.105,0.311,0.0452,0.0452,0.2595
2.6999999999999984,-0.2006191459550742,-2.6776799089139667,0.0,0.0,0.0,0.0,0.105,0.0,0.0,0.105,0.311,0.0452,0.0452,0.2595
2.7999999999999985,-0.29288048321195176,-2.680632466897514,0.0,0.0,0.0,0.0,0.105,0.0,0.0,0.105,0.311,0.0452,0.0452,0.2595
2.8999999999999986,-0.34528216900596087,-2.654197858494115,0.0,0.0,0.0,0.0,0.105,0.0,0.0,0.105,0.311,0.0452,0.0452,0.2595
2.9999999999999987,-0.34661489601557677,-2.653248831738602,0.0,0.0,0.0,0.0,0.105,0.0,0.0,0.105,0.311,0.0452,0.0452,0.2595
3.0999999999999988,-0.340820502594324,-2.6591357591568805,0.0,0.0,0.0,0.0,0.105,0.0,0.0,0.105,0.311,0.0452,0.0452,0.2595
3.1999999999999984,-0.3544731227574103,-2.647348068611816,0.0,0.0,0.0,0.0,0.105,0.0,0.0,0.105,0.311,0.0452,0.0452,0.2595
3.2999999999999985,-0.40395751676274855,-2.6167694785457507,0.0,0.0,0.0,0.0,0.105,0.0,0.0,0.105,0.311,0.0452,0.0452,0.2595
3.3999999999999986,-0.4563611669825054,-2.593168806893731,0.0,0.0,0.0,0.0,0.105,0.0,0.0,0.105,0.311,0.0452,0.0452,0.2595
3.4999999999999987,-0.5512942003711387,-2.55131105228887,0.0,0.0,0.0,0.0,0.105,0.0,0.0,0.105,0.311,0.0452,0.0452,0.2595
3.5999999999999988,-0.6613071825176458,-2.5167201634070397,0.0,0.0,0.0,0.0,0.105,0.0,0.0,0.105,0.311,0.0452,0.0452,0.2595
3.6999999999999984,-0.7573860263286551,-2.5051107636814938,0.0,0.0,0.0,0.0,0.105,0.0,0.0,0.105,0.311,0.0452,0.0452,0.2595
3.799999999999999,-0.9135547500709207,-2.4725558561613554,0.0,0.0,0.0,0.0,0.105,0.0,0.0,0.105,0.311,0.0452,0.0452,0.2595
3.8999999999999986,-1.0337456407738697,-2.4013527128088623,0.0,0.0,0.0,0.0,0.105,0.0,0.0,0.105,0.311,0.0452,0.0452,0.2595
3.9999999999999987,-1.110029800945651,-2.3176557137597666,0.0,0.0,0.0,0.0,0.105,0.0,0.0,0.105,0.311,0.0452,0.0452,0.2595
4.099999999999999,-1.1652284572666758,-2.2229307924159922,0.0,0.0,0.0,0.0,0.105,0.0,0.0,0.105,0.311,0.0452,0.0452,0.2595
4.199999999999998,-1.1999242356575108,-2.083332142943316,0.0,0.0,0.0,0.0,0.105,0.0,0.0,0.105,0.311,0.0452,0.0452,0.2595
4.299999999999999,-1.2076399441552632,-1.9469092781647828,0.0,0.0,0.0,0.0,0.105,0.0,0.0,0.105,0.311,0.0452,0.0452,0.2595
4.399999999999999,-1.2379369438907344,-1.815655068904278,0.0,0.0,0.0,0.0,0.105,0.0,0.0,0.105,0.311,0.0452,0.0452,0.2595
4.499999999999998,-1.2761708736768913,-1.759677981956002,0.0,0.0,0.0,0.0,0.105,0.0,0.0,0.105,0.311,0.0452,0.0452,0.2595
4.599999999999999,-1.2636078869667955,-1.7692504675376521,0.0,0.0,0.0,0.0,0.105,0.0,0.0,0.105,0.311,0.0452,0.0452,0.2595
4.699999999999999,-1.2464371697768122,-1.7795831766131016,0.0,0.0,0.0,0.0,0.105,0.0,0.0,0.105,0.311,0.0452,0.0452,0.2595
4.799999999999999,-1.230400488455351,-1.7892998991177183,0.0,0.0,0.0,0.0,0.105,0.0,0.0,0.105,0.311,0.0452,0.0452,0.2595
4.899999999999999,-1.216494396574717,-1.7975857138274023,0.0,0.0,0.0,0.0,0.105,0.0,0.0,0.105,0.312606,0.045168999999999994,0.045168999999999994,0.26101
4.999999999999998,-1.216494396574717,-1.7975857138274023,0.0,0.0,0.0,0.0,0.105,0.0,0.0,0.105,0.312606,0.045168999999999994,0.045168999999999994,0.26101
5.099999999999999,-1.2734805135157654,-1.764290331625344,0.0,0.0,0.0,0.0,0.105,0.0,0.0,0.105,1.0333,0.0543,0.0543,0.9768
5.199999999999999,-1.3304666304568138,-1.7309949494232857,0.0,0.0,0.0,0.0,0.105,0.0,0.0,0.105,1.0333,0.0543,0.0543,0.9768
5.299999999999999,-1.3874527473978622,-1.6976995672212274,0.0,0.0,0.0,0.0,0.105,0.0,0.0,0.105,1.0333,0.0543,0.0543,0.9768
5.399999999999999,-1.4444388643389106,-1.664404185019169,0.0,0.0,0.0,0.0,0.105,0.0,0.0,0.105,1.0333,0.0543,0.0543,0.9768
5.499999999999998,-1.501424981279959,-1.6311088028171108,0.0,0.0,0.0,0.0,0.105,0.0,0.0,0.105,1.0333,0.0543,0.0543,0.9768
5.599999999999999,-1.5584110982210073,-1.5978134206150525,0.0,0.0,0.0,0.0,0.105,0.0,0.0,0.105,1.0333,0.0543,0.0543,0.9768
5.699999999999999,-1.6153972151620557,-1.5645180384129942,0.0,0.0,0.0,0.0,0.105,0.0,0.0,0.105,1.0333,0.0543,0.0543,0.9768
5.799999999999999,-1.672383332103104,-1.531222656210936,0.0,0.0,0.0,0.0,0.105,0.0,0.0,0.105,1.0333,0.0543,0.0543,0.9768
5.899999999999999,-1.7293694490441525,-1.4979272740088776,0.0,0.0,0.0,0.0,0.105,0.0,0.0,0.105,1.0333,0.0543,0.0543,0.9768
5.999999999999998,-1.7863555659852008,-1.4646318918068193,0.0,0.0,0.0,0.0,0.105,0.0,0.0,0.105,1.0333,0.0543,0.0543,0.9768
6.099999999999999,-1.8433416829262492,-1.431336509604761,0.0,0.0,0.0,0.0,0.105,0.0,0.0,0.105,1.0333,0.0543,0.0543,0.9768
6.199999999999999,-1.9003277998672976,-1.3980411274027027,0.0,0.0,0.0,0.0,0.105,0.0,0.0,0.105,1.0333,0.0543,0.0543,0.9768
6.299999999999999,-1.957313916808346,-1.3647457452006444,0.0,0.0,0.0,0.0,0.105,0.0,0.0,0.105,1.0333,0.0543,0.0543,0.9768
6.399999999999999,-2.0143000337493944,-1.331450362998586,0.0,0.0,0.0,0.0,0.105,0.0,0.0,0.105,1.0333,0.0543,0.0543,0.9768
6.499999999999999,-2.071286150690443,-1.2981549807965278,0.0,0.0,0.0,0.0,0.105,0.0,0.0,0.105,1.0333,0.0543,0.0543,0.9768
6.599999999999999,-2.128272267631491,-1.2648595985944695,0.0,0.0,0.0,0.0,0.105,0.0,0.0,0.105,1.0333,0.0543,0.0543,0.9768
6.699999999999998,-2.1852583845725393,-1.2315642163924112,0.0,0.0,0.0,0.0,0.105,0.0,0.0,0.105,1.0333,0.0543,0.0543,0.9768
6.799999999999999,-2.242244501513588,-1.198268834190353,0.0,0.0,0.0,0.0,0.105,0.0,0.0,0.105,1.0333,0.0543,0.0543,0.9768
6.899999999999999,-2.2992306184546365,-1.1649734519882946,0.0,0.0,0.0,0.0,0.105,0.0,0.0,0.105,1.0333,0.0543,0.0543,0.9768
6.999999999999999,-2.3562167353956847,-1.1316780697862363,0.0,0.0,0.0,0.0,0.105,0.0,0.0,0.105,1.0333,0.0543,0.0543,0.9768
7.099999999999999,-2.413202852336733,-1.098382687584178,0.0,0.0,0.0,0.0,0.105,0.0,0.0,0.105,1.0333,0.0543,0.0543,0.9768
7.199999999999999,-2.4701889692777814,-1.0650873053821197,0.0,0.0,0.0,0.0,0.105,0.0,0.0,0.105,1.0333,0.0543,0.0543,0.9768
7.299999999999999,-2.52717508621883,-1.0317919231800614,0.0,0.0,0.0,0.0,0.105,0.0,0.0,0.105,1.0333,0.0543,0.0543,0.9768
7.399999999999999,-2.584161203159878,-0.9984965409780031,0.0,0.0,0.0,0.0,0.105,0.0,0.0,0.105,1.0333,0.0543,0.0543,0.9768
7.499999999999999,-2.6411473201009263,-0.9652011587759448,0.0,0.0,0.0,0.0,0.105,0.0,0.0,0.105,1.0333,0.0543,0.0543,0.9768
7.599999999999999,-2.698133437041975,-0.9319057765738865,0.0,0.0,0.0,0.0,0.105,0.0,0.0,0.105,1.0333,0.0543,0.0543,0.9768
7.699999999999999,-2.7551195539830236,-0.8986103943718282,0.0,0.0,0.0,0.0,0.105,0.0,0.0,0.105,1.0333,0.0543,0.0543,0.9768
7.799999999999999,-2.8121056709240717,-0.8653150121697699,0.0,0.0,0.0,0.0,0.105,0.0,0.0,0.105,1.0333,0.0543,0.0543,0.9768
7.899999999999999,-2.86909178786512,-0.8320196299677116,0.0,0.0,0.0,0.0,0.105,0.0,0.0,0.105,1.0333,0.0543,0.0543,0.9768
7.999999999999999,-2.9260779048061685,-0.7987242477656533,0.0,0.0,0.0,0.0,0.105,0.0,0.0,0.105,1.0333,0.0543,0.0543,0.9768
8.099999999999998,-2.983064021747217,-0.765428865563595,0.0,0.0,0.0,0.0,0.105,0.0,0.0,0.105,1.0333,0.0543,0.0543,0.9768
8.2,-3.0400501386882652,-0.7321334833615367,0.0,0.0,0.0,0.0,0.105,0.0,0.0,0.105,1.0333,0.0543,0.0543,0.9768
8.299999999999999,-3.0970362556293134,-0.6988381011594784,0.0,0.0,0.0,0.0,0.105,0.0,0.0,0.105,1.0333,0.0543,0.0543,0.9768
8.399999999999999,-3.154022372570362,-0.6655427189574201,0.0,0.0,0.0,0.0,0.105,0.0,0.0,0.105,1.0333,0.0543,0.0543,0.9768
8.5,-3.2110084895114106,-0.6322473367553618,0.0,0.0,0.0,0.0,0.105,0.0,0.0,0.105,1.0333,0.0543,0.0543,0.9768
8.599999999999998,-3.2679946064524588,-0.5989519545533035,0.0,0.0,0.0,0.0,0.105,0.0,0.0,0.105,1.0333,0.0543,0.0543,0.9768
8.7,-3.324980723393507,-0.5656565723512452,0.0,0.0,0.0,0.0,0.105,0.0,0.0,0.105,1.0333,0.0543,0.0543,0.9768
8.799999999999999,-3.3819668403345555,-0.5323611901491869,0.0,0.0,0.0,0.0,0.105,0.0,0.0,0.105,1.0333,0.0543,0.0543,0.9768
8.899999999999999,-3.438952957275604,-0.4990658079471286,0.0,0.0,0.0,0.0,0.105,0.0,0.0,0.105,1.0333,0.0543,0.0543,0.9768
9.0,-3.4959390742166523,-0.4657704257450703,0.0,0.0,0.0,0.0,0.105,0.0,0.0,0.105,1.0333,0.0543,0.0543,0.9768
9.099999999999998,-3.5529251911577004,-0.432475043543012,0.0,0.0,0.0,0.0,0.105,0.0,0.0,0.105,1.0333,0.0543,0.0543,0.9768
9.2,-3.609911308098749,-0.39917966134095373,0.0,0.0,0.0,0.0,0.105,0.0,0.0,0.105,1.0333,0.0543,0.0543,0.9768
9.299999999999999,-3.6668974250397977,-0.36588427913889543,0.0,0.0,0.0,0.0,0.105,0.0,0.0,0.105,1.0333,0.0543,0.0543,0.9768
9.399999999999999,-3.723883541980846,-0.33258889693683713,0.0,0.0,0.0,0.0,0.105,0.0,0.0,0.105,1.0333,0.0543,0.0543,0.9768
0.0,0.0,0.0,0.0,0.0,0.0,0.0,0.0,0.0,0.0,0.0,0.0,0.0,0.0,0.0
