2.200000000000003,-0.11863015845596271,-2.468830996059345,0.0,0.0,0.0,0.0,0.105,0.0,0.0,0.105,0.311,0.0452,0.0452,0.2595
2.300000000000003,-0.11467668956213643,-2.549503176464384,0.0,0.0,0.0,0.0,0.105,0.0,0.0,0.105,0.311,0.0452,0.0452,0.2595
2.400000000000003,-0.1323973125784287,-2.612679870792946,0.0,0.0,0.0,0.0,0.105,0.0,0.0,0.105,0.311,0.0452,0.0452,0.2595
2.5000000000000027,-0.2038151633613851,-2.678628672250451,0.0,0.0,0.0,0.0,0.105,0.0,0.0,0.105,0.311,0.0452,0.0452,0.2595
2.6000000000000028,-0.3039087567469753,-2.6824360006675048,0.0,0.0,0.0,0.0,0.105,0.0,0.0,0.105,0.311,0.0452,0.0452,0.2595
2.700000000000003,-0.3844089812988579,-2.6375071454089283,0.0,0.0,0.0,0.0,0.105,0.0,0.0,0.105,0.311,0.0452,0.0452,0.2595
2.800000000000003,-0.3781242851221626,-2.6435154585937597,0.0,0.0,0.0,0.0,0.105,0.0,0.0,0.105,0.311,0.0452,0.0452,0.2595
2.900000000000003,-0.4256630716620077,-2.608647509776527,0.0,0.0,0.0,0.0,0.105,0.0,0.0,0.105,0.311,0.0452,0.0452,0.2595
3.0000000000000027,-0.47030897607446953,-2.586427760382852,0.0,0.0,0.0,0.0,0.105,0.0,0.0,0.105,0.311,0.0452,0.0452,0.2595
3.1000000000000028,-0.5617251212782524,-2.5472449636570715,0.0,0.0,0.0,0.0,0.105,0.0,0.0,0.105,0.311,0.0452,0.0452,0.2595
3.200000000000003,-0.7378830886300828,-2.506107878178923,0.0,0.0,0.0,0.0,0.105,0.0,0.0,0.105,0.311,0.0452,0.0452,0.2595
3.300000000000003,-0.9370006517952444,-2.4576195691745757,0.0,0.0,0.0,0.0,0.105,0.0,0.0,0.105,0.311,0.0452,0.0452,0.2595
3.400000000000003,-1.077934914035328,-2.3561118826498078,0.0,0.0,0.0,0.0,0.105,0.0,0.0,0.105,0.311,0.0452,0.0452,0.2595
3.5000000000000027,-1.1619641692808504,-2.218623209394055,0.0,0.0,0.0,0.0,0.105,0.0,0.0,0.105,0.311,0.0452,0.0452,0.2595
3.600000000000003,-1.2087414508529502,-2.0330456600826703,0.0,0.0,0.0,0.0,0.105,0.0,0.0,0.105,0.311,0.0452,0.0452,0.2595
3.700000000000003,-1.2635425696630231,-1.8380962293263028,0.0,0.0,0.0,0.0,0.105,0.0,0.0,0.105,0.311,0.0452,0.0452,0.2595
3.800000000000003,-1.2957555326365606,-1.7745875944401268,0.0,0.0,0.0,0.0,0.105,0.0,0.0,0.105,0.311,0.0452,0.0452,0.2595
3.900000000000003,-1.3278883712208434,-1.7293994355872293,0.0,0.0,0.0,0.0,0.105,0.0,0.0,0.105,0.311,0.0452,0.0452,0.2595
4.000000000000003,-1.3182745823942332,-1.737290149883692,0.0,0.0,0.0,0.0,0.105,0.0,0.0,0.105,0.311,0.0452,0.0452,0.2595
4.100000000000003,-1.2836352792331933,-1.7575068922786463,0.0,0.0,0.0,0.0,0.105,0.0,0.0,0.105,0.311,0.0452,0.0452,0.2595
4.200000000000003,-1.2510570713937728,-1.7758331286005247,0.0,0.0,0.0,0.0,0.105,0.0,0.0,0.105,0.311,0.0452,0.0452,0.2595
4.3000000000000025,-1.2339856267272116,-1.7868462451009766,0.0,0.0,0.0,0.0,0.105,0.0,0.0,0.105,0.311,0.0452,0.0452,0.2595
4.400000000000003,-1.216494396574717,-1.7975857138274023,0.0,0.0,0.0,0.0,0.105,0.0,0.0,0.105,0.312606,0.045168999999999994,0.045168999999999994,0.26101
4.5000000000000036,-1.216494396574717,-1.7975857138274023,0.0,0.0,0.0,0.0,0.105,0.0,0.0,0.105,0.312606,0.045168999999999994,0.045168999999999994,0.26101
4.600000000000003,-1.2734805135157654,-1.764290331625344,0.0,0.0,0.0,0.0,0.105,0.0,0.0,0.105,1.0333,0.0543,0.0543,0.9768
4.700000000000003,-1.3304666304568138,-1.7309949494232857,0.0,0.0,0.0,0.0,0.105,0.0,0.0,0.105,1.0333,0.0543,0.0543,0.9768
4.8000000000000025,-1.3874527473978622,-1.6976995672212274,0.0,0.0,0.0,0.0,0.105,0.0,0.0,0.105,1.0333,0.0543,0.0543,0.9768
4.900000000000003,-1.4444388643389106,-1.664404185019169,0.0,0.0,0.0,0.0,0.105,0.0,0.0,0.105,1.0333,0.0543,0.0543,0.9768
5.0000000000000036,-1.501424981279959,-1.6311088028171108,0.0,0.0,0.0,0.0,0.105,0.0,0.0,0.105,1.0333,0.0543,0.0543,0.9768
5.100000000000003,-1.5584110982210073,-1.5978134206150525,0.0,0.0,0.0,0.0,0.105,0.0,0.0,0.105,1.0333,0.0543,0.0543,0.9768
5.200000000000003,-1.6153972151620557,-1.5645180384129942,0.0,0.0,0.0,0.0,0.105,0.0,0.0,0.105,1.0333,0.0543,0.0543,0.9768
5.3000000000000025,-1.672383332103104,-1.531222656210936,0.0,0.0,0.0,0.0,0.105,0.0,0.0,0.105,1.0333,0.0543,0.0543,0.9768
5.400000000000003,-1.7293694490441525,-1.4979272740088776,0.0,0.0,0.0,0.0,0.105,0.0,0.0,0.105,1.0333,0.0543,0.0543,0.9768
5.5000000000000036,-1.7863555659852008,-1.4646318918068193,0.0,0.0,0.0,0.0,0.105,0.0,0.0,0.105,1.0333,0.0543,0.0543,0.9768
5.600000000000003,-1.8433416829262492,-1.431336509604761,0.0,0.0,0.0,0.0,0.105,0.0,0.0,0.105,1.0333,0.0543,0.0543,0.9768
5.700000000000003,-1.9003277998672976,-1.3980411274027027,0.0,0.0,0.0,0.0,0.105,0.0,0.0,0.105,1.0333,0.0543,0.0543,0.9768
5.8000000000000025,-1.957313916808346,-1.3647457452006444,0.0,0.0,0.0,0.0,0.105,0.0,0.0,0.105,1.0333,0.0543,0.0543,0.9768
5.900000000000003,-2.0143000337493944,-1.331450362998586,0.0,0.0,0.0,0.0,0.105,0.0,0.0,0.105,1.0333,0.0543,0.0543,0.9768
6.0000000000000036,-2.071286150690443,-1.2981549807965278,0.0,0.0,0.0,0.0,0.105,0.0,0.0,0.105,1.0333,0.0543,0.0543,0.9768
6.100000000000003,-2.128272267631491,-1.2648595985944695,0.0,0.0,0.0,0.0,0.105,0.0,0.0,0.105,1.0333,0.0543,0.0543,0.9768
6.200000000000003,-2.1852583845725393,-1.2315642163924112,0.0,0.0,0.0,0.0,0.105,0.0,0.0,0.105,1.0333,0.0543,0.0543,0.9768
6.300000000000003,-2.242244501513588,-1.198268834190353,0.0,0.0,0.0,0.0,0.105,0.0,0.0,0.105,1.0333,0.0543,0.0543,0.9768
6.400000000000003,-2.2992306184546365,-1.1649734519882946,0.0,0.0,0.0,0.0,0.105,0.0,0.0,0.105,1.0333,0.0543,0.0543,0.9768
6.500000000000003,-2.3562167353956847,-1.1316780697862363,0.0,0.0,0.0,0.0,0.105,0.0,0.0,0.105,1.0333,0.0543,0.0543,0.9768
6.600000000000003,-2.413202852336733,-1.098382687584178,0.0,0.0,0.0,0.0,0.105,0.0,0.0,0.105,1.0333,0.0543,0.0543,0.9768
6.700000000000003,-2.4701889692777814,-1.0650873053821197,0.0,0.0,0.0,0.0,0.105,0.0,0.0,0.105,1.0333,0.0543,0.0543,0.9768
6.800000000000003,-2.52717508621883,-1.0317919231800614,0.0,0.0,0.0,0.0,0.105,0.0,0.0,0.105,1.0333,0.0543,0.0543,0.9768
6.900000000000003,-2.584161203159878,-0.9984965409780031,0.0,0.0,0.0,0.0,0.105,0.0,0.0,0.105,1.0333,0.0543,0.0543,0.9768
7.0000000000000036,-2.6411473201009263,-0.9652011587759448,0.0,0.0,0.0,0.0,0.105,0.0,0.0,0.105,1.0333,0.0543,0.0543,0.9768
7.100000000000003,-2.698133437041975,-0.9319057765738865,0.0,0.0,0.0,0.0,0.105,0.0,0.0,0.105,1.0333,0.0543,0.0543,0.9768
7.200000000000003,-2.7551195539830236,-0.8986103943718282,0.0,0.0,0.0,0.0,0.105,0.0,0.0,0.105,1.0333,0.0543,0.0543,0.9768
7.300000000000003,-2.8121056709240717,-0.8653150121697699,0.0,0.0,0.0,0.0,0.105,0.0,0.0,0.105,1.0333,0.0543,0.0543,0.9768
7.400000000000003,-2.86909178786512,-0.8320196299677116,0.0,0.0,0.0,0.0,0.105,0.0,0.0,0.105,1.0333,0.0543,0.0543,0.9768
7.5000000000000036,-2.9260779048061685,-0.7987242477656533,0.0,0.0,0.0,0.0,0.105,0.0,0.0,0.105,1.0333,0.0543,0.0543,0.9768
7.600000000000003,-2.983064021747217,-0.765428865563595,0.0,0.0,0.0,0.0,0.105,0.0,0.0,0.105,1.0333,0.0543,0.0543,0.9768
7.700000000000003,-3.0400501386882652,-0.7321334833615367,0.0,0.0,0.0,0.0,0.105,0.0,0.0,0.105,1.0333,0.0543,0.0543,0.9768
7.800000000000003,-3.0970362556293134,-0.6988381011594784,0.0,0.0,0.0,0.0,0.105,0.0,0.0,0.105,1.0333,0.0543,0.0543,0.9768
7.900000000000003,-3.154022372570362,-0.6655427189574201,0.0,0.0,0.0,0.0,0.105,0.0,0.0,0.105,1.0333,0.0543,0.0543,0.9768
8.000000000000004,-3.2110084895114106,-0.6322473367553618,0.0,0.0,0.0,0.0,0.105,0.0,0.0,0.105,1.0333,0.0543,0.0543,0.9768
8.100000000000003,-3.2679946064524588,-0.5989519545533035,0.0,0.0,0.0,0.0,0.105,0.0,0.0,0.105,1.0333,0.0543,0.0543,0.9768
8.200000000000003,-3.324980723393507,-0.5656565723512452,0.0,0.0,0.0,0.0,0.105,0.0,0.0,0.105,1.0333,0.0543,0.0543,0.9768
8.300000000000004,-3.3819668403345555,-0.5323611901491869,0.0,0.0,0.0,0.0,0.105,0.0,0.0,0.105,1.0333,0.0543,0.0543,0.9768
8.400000000000002,-3.438952957275604,-0.4990658079471286,0.0,0.0,0.0,0.0,0.105,0.0,0.0,0.105,1.0333,0.0543,0.0543,0.9768
8.500000000000004,-3.4959390742166523,-0.4657704257450703,0.0,0.0,0.0,0.0,0.105,0.0,0.0,0.105,1.0333,0.0543,0.0543,0.9768
8.600000000000003,-3.5529251911577004,-0.432475043543012,0.0,0.0,0.0,0.0,0.105,0.0,0.0,0.105,1.0333,0.0543,0.0543,0.9768
8.700000000000003,-3.609911308098749,-0.39917966134095373,0.0,0.0,0.0,0.0,0.105,0.0,0.0,0.105,1.0333,0.0543,0.0543,0.9768
8.800000000000004,-3.6668974250397977,-0.36588427913889543,0.0,0.0,0.0,0.0,0.105,0.0,0.0,0.105,1.0333,0.0543,0.0543,0.9768
8.900000000000002,-3.723883541980846,-0.33258889693683713,0.0,0.0,0.0,0.0,0.105,0.0,0.0,0.105,1.0333,0.0543,0.0543,0.9768
0.0,0.0,0.0,0.0,0.0,0.0,0.0,0.0,0.0,0.0,0.0,0.0,0.0,0.0,0.0
2.5,-0.11863024759778208,-2.4688310318595446,0.0,0.0,0.0,0.0,0.105,0.0,0.0,0.105,0.311,0.0452,0.0452,0.2595
2.6,-0.11467688844573291,-2.549503281763315,0.0,0.0,0.0,0.0,0.105,0.0,0.0,0.105,0.311,0.0452,0.0452,0.2595
2.7,-0.13239759109253402,-2.612679960630156,0.0,0.0,0.0,0.0,0.105,0.0,0.0,0.105,0.311,0.0452,0.0452,0.2595
2.8,-0.20381545460492548,-2.6786286482048025,0.0,0.0,0.0,0.0,0.105,0.0,0.0,0.105,0.311,0.0452,0.0452,0.2595
2.9,-0.30390893239870054,-2.6824359174452184,0.0,0.0,0.0,0.0,0.105,0.0,0.0,0.105,0.311,0.0452,0.0452,0.2595
3.0,-0.3844090585247891,-2.6375070936061706,0.0,0.0,0.0,0.0,0.105,0.0,0.0,0.105,0.311,0.0452,0.0452,0.2595
3.1,-0.37812434440174186,-2.6435154240763796,0.0,0.0,0.0,0.0,0.105,0.0,0.0,0.105,0.311,0.0452,0.0452,0.2595
3.2,-0.42566307046258794,-2.6086475187104963,0.0,0.0,0.0,0.0,0.105,0.0,0.0,0.105,0.311,0.0452,0.0452,0.2595
3.3,-0.47030897807451116,-2.58642776794794,0.0,0.0,0.0,0.0,0.105,0.0,0.0,0.105,0.311,0.0452,0.0452,0.2595
3.4,-0.5617251318724473,-2.547244964899619,0.0,0.0,0.0,0.0,0.105,0.0,0.0,0.105,0.311,0.0452,0.0452,0.2595
3.5,-0.7378830939521364,-2.5061078782747206,0.0,0.0,0.0,0.0,0.105,0.0,0.0,0.105,0.311,0.0452,0.0452,0.2595
3.6,-0.9370006496057441,-2.4576195705802526,0.0,0.0,0.0,0.0,0.105,0.0,0.0,0.105,0.311,0.0452,0.0452,0.2595
3.7,-1.0779349138956407,-2.3561118831220123,0.0,0.0,0.0,0.0,0.105,0.0,0.0,0.105,0.311,0.0452,0.0452,0.2595
3.8,-1.1619641624744055,-2.2186232280570466,0.0,0.0,0.0,0.0,0.105,0.0,0.0,0.105,0.311,0.0452,0.0452,0.2595
3.9000000000000004,-1.2087414444316196,-2.0330457025747437,0.0,0.0,0.0,0.0,0.105,0.0,0.0,0.105,0.311,0.0452,0.0452,0.2595
4.0,-1.2635425631237704,-1.8380962703052446,0.0,0.0,0.0,0.0,0.105,0.0,0.0,0.105,0.311,0.0452,0.0452,0.2595
4.1,-1.295755528710764,-1.7745876191734786,0.0,0.0,0.0,0.0,0.105,0.0,0.0,0.105,0.311,0.0452,0.0452,0.2595
4.2,-1.327888377881299,-1.7293994360488043,0.0,0.0,0.0,0.0,0.105,0.0,0.0,0.105,0.311,0.0452,0.0452,0.2595
4.3,-1.3182745961745217,-1.7372901451004974,0.0,0.0,0.0,0.0,0.105,0.0,0.0,0.105,0.311,0.0452,0.0452,0.2595
4.4,-1.2836352900560115,-1.7575068883956368,0.0,0.0,0.0,0.0,0.105,0.0,0.0,0.105,0.311,0.0452,0.0452,0.2595
4.5,-1.2510570736094648,-1.775833127531115,0.0,0.0,0.0,0.0,0.105,0.0,0.0,0.105,0.311,0.0452,0.0452,0.2595
4.6,-1.233985626967169,-1.786846244923658,0.0,0.0,0.0,0.0,0.105,0.0,0.0,0.105,0.311,0.0452,0.0452,0.2595
4.7,-1.216494396574717,-1.7975857138274023,0.0,0.0,0.0,0.0,0.105,0.0,0.0,0.105,0.312606,0.045168999999999994,0.045168999999999994,0.26101
4.800000000000001,-1.216494396574717,-1.7975857138274023,0.0,0.0,0.0,0.0,0.105,0.0,0.0,0.105,0.312606,0.045168999999999994,0.045168999999999994,0.26101
4.9,-1.2734805135157654,-1.764290331625344,0.0,0.0,0.0,0.0,0.105,0.0,0.0,0.105,1.0333,0.0543,0.0543,0.9768
5.0,-1.3304666304568138,-1.7309949494232857,0.0,0.0,0.0,0.0,0.105,0.0,0.0,0.105,1.0333,0.0543,0.0543,0.9768
5.1,-1.3874527473978622,-1.6976995672212274,0.0,0.0,0.0,0.0,0.105,0.0,0.0,0.105,1.0333,0.0543,0.0543,0.9768
5.2,-1.4444388643389106,-1.664404185019169,0.0,0.0,0.0,0.0,0.105,0.0,0.0,0.105,1.0333,0.0543,0.0543,0.9768
5.300000000000001,-1.501424981279959,-1.6311088028171108,0.0,0.0,0.0,0.0,0.105,0.0,0.0,0.105,1.0333,0.0543,0.0543,0.9768
5.4,-1.5584110982210073,-1.5978134206150525,0.0,0.0,0.0,0.0,0.105,0.0,0.0,0.105,1.0333,0.0543,0.0543,0.9768
5.5,-1.6153972151620557,-1.5645180384129942,0.0,0.0,0.0,0.0,0.105,0.0,0.0,0.105,1.0333,0.0543,0.0543,0.9768
5.6,-1.672383332103104,-1.531222656210936,0.0,0.0,0.0,0.0,0.105,0.0,0.0,0.105,1.0333,0.0543,0.0543,0.9768
5.7,-1.7293694490441525,-1.4979272740088776,0.0,0.0,0.0,0.0,0.105,0.0,0.0,0.105,1.0333,0.0543,0.0543,0.9768
5.800000000000001,-1.7863555659852008,-1.4646318918068193,0.0,0.0,0.0,0.0,0.105,0.0,0.0,0.105,1.0333,0.0543,0.0543,0.9768
5.9,-1.8433416829262492,-1.431336509604761,0.0,0.0,0.0,0.0,0.105,0.0,0.0,0.105,1.0333,0.0543,0.0543,0.9768
6.0,-1.9003277998672976,-1.3980411274027027,0.0,0.0,0.0,0.0,0.105,0.0,0.0,0.105,1.0333,0.0543,0.0543,0.9768
6.1,-1.957313916808346,-1.3647457452006444,0.0,0.0,0.0,0.0,0.105,0.0,0.0,0.105,1.0333,0.0543,0.0543,0.9768
6.2,-2.0143000337493944,-1.331450362998586,0.0,0.0,0.0,0.0,0.105,0.0,0.0,0.105,1.0333,0.0543,0.0543,0.9768
6.300000000000001,-2.071286150690443,-1.2981549807965278,0.0,0.0,0.0,0.0,0.105,0.0,0.0,0.105,1.0333,0.0543,0.0543,0.9768
6.4,-2.128272267631491,-1.2648595985944695,0.0,0.0,0.0,0.0,0.105,0.0,0.0,0.105,1.0333,0.0543,0.0543,0.9768
6.5,-2.1852583845725393,-1.2315642163924112,0.0,0.0,0.0,0.0,0.105,0.0,0.0,0.105,1.0333,0.0543,0.0543,0.9768
6.6000000000000005,-2.242244501513588,-1.198268834190353,0.0,0.0,0.0,0.0,0.105,0.0,0.0,0.105,1.0333,0.0543,0.0543,0.9768
6.7,-2.2992306184546365,-1.1649734519882946,0.0,0.0,0.0,0.0,0.105,0.0,0.0,0.105,1.0333,0.0543,0.0543,0.9768
6.8,-2.3562167353956847,-1.1316780697862363,0.0,0.0,0.0,0.0,0.105,0.0,0.0,0.105,1.0333,0.0543,0.0543,0.9768
6.9,-2.413202852336733,-1.098382687584178,0.0,0.0,0.0,0.0,0.105,0.0,0.0,0.105,1.0333,0.0543,0.0543,0.9768
7.0,-2.4701889692777814,-1.0650873053821197,0.0,0.0,0.0,0.0,0.105,0.0,0.0,0.105,1.0333,0.0543,0.0543,0.9768
7.1000000000000005,-2.52717508621883,-1.0317919231800614,0.0,0.0,0.0,0.0,0.105,0.0,0.0,0.105,1.0333,0.0543,0.0543,0.9768
7.2,-2.584161203159878,-0.9984965409780031,0.0,0.0,0.0,0.0,0.105,0.0,0.0,0.105,1.0333,0.0543,0.0543,0.9768
7.300000000000001,-2.6411473201009263,-0.9652011587759448,0.0,0.0,0.0,0.0,0.105,0.0,0.0,0.105,1.0333,0.0543,0.0543,0.9768
7.4,-2.698133437041975,-0.9319057765738865,0.0,0.0,0.0,0.0,0.105,0.0,0.0,0.105,1.0333,0.0543,0.0543,0.9768
7.5,-2.7551195539830236,-0.8986103943718282,0.0,0.0,0.0,0.0,0.105,0.0,0.0,0.105,1.0333,0.0543,0.0543,0.9768
7.6000000000000005,-2.8121056709240717,-0.8653150121697699,0.0,0.0,0.0,0.0,0.105,0.0,0.0,0.105,1.0333,0.0543,0.0543,0.9768
7.7,-2.86909178786512,-0.8320196299677116,0.0,0.0,0.0,0.0,0.105,0.0,0.0,0.105,1.0333,0.0543,0.0543,0.9768
7.800000000000001,-2.9260779048061685,-0.7987242477656533,0.0,0.0,0.0,0.0,0.105,0.0,0.0,0.105,1.0333,0.0543,0.0543,0.9768
7.9,-2.983064021747217,-0.765428865563595,0.0,0.0,0.0,0.0,0.105,0.0,0.0,0.105,1.0333,0.0543,0.0543,0.9768
8.0,-3.0400501386882652,-0.7321334833615367,0.0,0.0,0.0,0.0,0.105,0.0,0.0,0.105,1.0333,0.0543,0.0543,0.9768
8.100000000000001,-3.0970362556293134,-0.6988381011594784,0.0,0.0,0.0,0.0,0.105,0.0,0.0,0.105,1.0333,0.0543,0.0543,0.9768
8.2,-3.154022372570362,-0.6655427189574201,0.0,0.0,0.0,0.0,0.105,0.0,0.0,0.105,1.0333,0.0543,0.0543,0.9768
8.3,-3.2110084895114106,-0.6322473367553618,0.0,0.0,0.0,0.0,0.105,0.0,0.0,0.105,1.0333,0.0543,0.0543,0.9768
8.4,-3.2679946064524588,-0.5989519545533035,0.0,0.0,0.0,0.0,0.105,0.0,0.0,0.105,1.0333,0.0543,0.0543,0.9768
8.5,-3.324980723393507,-0.5656565723512452,0.0,0.0,0.0,0.0,0.105,0.0,0.0,0.105,1.0333,0.0543,0.0543,0.9768
8.600000000000001,-3.3819668403345555,-0.5323611901491869,0.0,0.0,0.0,0.0,0.105,0.0,0.0,0.105,1.0333,0.0543,0.0543,0.9768
8.7,-3.438952957275604,-0.4990658079471286,0.0,0.0,0.0,0.0,0.105,0.0,0.0,0.105,1.0333,0.0543,0.0543,0.9768
8.8,-3.4959390742166523,-0.4657704257450703,0.0,0.0,0.0,0.0,0.105,0.0,0.0,0.105,1.0333,0.0543,0.0543,0.9768
8.9,-3.5529251911577004,-0.432475043543012,0.0,0.0,0.0,0.0,0.105,0.0,0.0,0.105,1.0333,0.0543,0.0543,0.9768
9.0,-3.609911308098749,-0.39917966134095373,0.0,0.0,0.0,0.0,0.105,0.0,0.0,0.105,1.0333,0.0543,0.0543,0.9768
9.100000000000001,-3.6668974250397977,-0.36588427913889543,0.0,0.0,0.0,0.0,0.105,0.0,0.0,0.105,1.0333,0.0543,0.0543,0.9768
9.2,-3.723883541980846,-0.33258889693683713,0.0,0.0,0.0,0.0,0.105,0.0,0.0,0.105,1.0333,0.0543,0.0543,0.9768
0.0,0.0,0.0,0.0,0.0,0.0,0.0,0.0,0.0,0.0,0.0,0.0,0.0,0.0,0.0
2.1999999999999957,-0.11863024759778208,-2.4688310318595446,0.0,0.0,0.0,0.0,0.105,0.0,0.0,0.105,0.311,0.0452,0.0452,0.2595
2.299999999999996,-0.11467688844573291,-2.549503281763315,0.0,0.0,0.0,0.0,0.105,0.0,0.0,0.105,0.311,0.0452,0.0452,0.2595
2.399999999999996,-0.13239759109253402,-2.612679960630156,0.0,0.0,0.0,0.0,0.105,0.0,0.0,0.105,0.311,0.0452,0.0452,0.2595
2.4999999999999956,-0.20381545460492548,-2.6786286482048025,0.0,0.0,0.0,0.0,0.105,0.0,0.0,0.105,0.311,0.0452,0.0452,0.2595
2.5999999999999956,-0.30390893239870054,-2.6824359174452184,0.0,0.0,0.0,0.0,0.105,0.0,0.0,0.105,0.311,0.0452,0.0452,0.2595
2.6999999999999957,-0.3844090585247891,-2.6375070936061706,0.0,0.0,0.0,0.0,0.105,0.0,0.0,0.105,0.311,0.0452,0.0452,0.2595
2.799999999999996,-0.37812434440174186,-2.6435154240763796,0.0,0.0,0.0,0.0,0.105,0.0,0.0,0.105,0.311,0.0452,0.0452,0.2595
2.899999999999996,-0.42566307046258794,-2.6086475187104963,0.0,0.0,0.0,0.0,0.105,0.0,0.0,0.105,0.311,0.0452,0.0452,0.2595
2.9999999999999956,-0.47030897807451116,-2.58642776794794,0.0,0.0,0.0,0.0,0.105,0.0,0.0,0.105,0.311,0.0452,0.0452,0.2595
3.0999999999999956,-0.5617251318724473,-2.547244964899619,0.0,0.0,0.0,0.0,0.105,0.0,0.0,0.105,0.311,0.0452,0.0452,0.2595
3.1999999999999957,-0.7378830939521364,-2.5061078782747206,0.0,0.0,0.0,0.0,0.105,0.0,0.0,0.105,0.311,0.0452,0.0452,0.2595
3.299999999999996,-0.9370006496057441,-2.4576195705802526,0.0,0.0,0.0,0.0,0.105,0.0,0.0,0.105,0.311,0.0452,0.0452,0.2595
3.399999999999996,-1.0779349138956407,-2.3561118831220123,0.0,0.0,0.0,0.0,0.105,0.0,0.0,0.105,0.311,0.0452,0.0452,0.2595
3.4999999999999956,-1.1619641624744055,-2.2186232280570466,0.0,0.0,0.0,0.0,0.105,0.0,0.0,0.105,0.311,0.0452,0.0452,0.2595
3.599999999999996,-1.2087414444316196,-2.0330457025747437,0.0,0.0,0.0,0.0,0.105,0.0,0.0,0.105,0.311,0.0452,0.0452,0.2595
3.6999999999999957,-1.2635425631237704,-1.8380962703052446,0.0,0.0,0.0,0.0,0.105,0.0,0.0,0.105,0.311,0.0452,0.0452,0.2595
3.799999999999996,-1.295755528710764,-1.7745876191734786,0.0,0.0,0.0,0.0,0.105,0.0,0.0,0.105,0.311,0.0452,0.0452,0.2595
3.899999999999996,-1.327888377881299,-1.7293994360488043,0.0,0.0,0.0,0.0,0.105,0.0,0.0,0.105,0.311,0.0452,0.0452,0.2595
3.9999999999999956,-1.3182745961745217,-1.7372901451004974,0.0,0.0,0.0,0.0,0.105,0.0,0.0,0.105,0.311,0.0452,0.0452,0.2595
4.099999999999996,-1.2836352900560115,-1.7575068883956368,0.0,0.0,0.0,0.0,0.105,0.0,0.0,0.105,0.311,0.0452,0.0452,0.2595
4.199999999999996,-1.2510570736094648,-1.775833127531115,0.0,0.0,0.0,0.0,0.105,0.0,0.0,0.105,0.311,0.0452,0.0452,0.2595
4.299999999999995,-1.233985626967169,-1.786846244923658,0.0,0.0,0.0,0.0,0.105,0.0,0.0,0.105,0.311,0.0452,0.0452,0.2595
4.399999999999996,-1.216494396574717,-1.7975857138274023,0.0,0.0,0.0,0.0,0.105,0.0,0.0,0.105,0.312606,0.045168999999999994,0.045168999999999994,0.26101
4.4999999999999964,-1.216494396574717,-1.7975857138274023,0.0,0.0,0.0,0.0,0.105,0.0,0.0,0.105,0.312606,0.045168999999999994,0.045168999999999994,0.26101
4.599999999999996,-1.2734805135157654,-1.764290331625344,0.0,0.0,0.0,0.0,0.105,0.0,0.0,0.105,1.0333,0.0543,0.0543,0.9768
4.699999999999996,-1.3304666304568138,-1.7309949494232857,0.0,0.0,0.0,0.0,0.105,0.0,0.0,0.105,1.0333,0.0543,0.0543,0.9768
4.799999999999995,-1.3874527473978622,-1.6976995672212274,0.0,0.0,0.0,0.0,0.105,0.0,0.0,0.105,1.0333,0.0543,0.0543,0.9768
4.899999999999996,-1.4444388643389106,-1.664404185019169,0.0,0.0,0.0,0.0,0.105,0.0,0.0,0.105,1.0333,0.0543,0.0543,0.9768
4.9999999999999964,-1.501424981279959,-1.6311088028171108,0.0,0.0,0.0,0.0,0.105,0.0,0.0,0.105,1.0333,0.0543,0.0543,0.9768
5.099999999999996,-1.5584110982210073,-1.5978134206150525,0.0,0.0,0.0,0.0,0.105,0.0,0.0,0.105,1.0333,0.0543,0.0543,0.9768
5.199999999999996,-1.6153972151620557,-1.5645180384129942,0.0,0.0,0.0,0.0,0.105,0.0,0.0,0.105,1.0333,0.0543,0.0543,0.9768
5.299999999999995,-1.672383332103104,-1.531222656210936,0.0,0.0,0.0,0.0,0.105,0.0,0.0,0.105,1.0333,0.0543,0.0543,0.9768
5.399999999999996,-1.7293694490441525,-1.4979272740088776,0.0,0.0,0.0,0.0,0.105,0.0,0.0,0.105,1.0333,0.0543,0.0543,0.9768
5.4999999999999964,-1.7863555659852008,-1.4646318918068193,0.0,0.0,0.0,0.0,0.105,0.0,0.0,0.105,1.0333,0.0543,0.0543,0.9768
5.599999999999996,-1.8433416829262492,-1.431336509604761,0.0,0.0,0.0,0.0,0.105,0.0,0.0,0.105,1.0333,0.0543,0.0543,0.9768
5.699999999999996,-1.9003277998672976,-1.3980411274027027,0.0,0.0,0.0,0.0,0.105,0.0,0.0,0.105,1.0333,0.0543,0.0543,0.9768
5.799999999999995,-1.957313916808346,-1.3647457452006444,0.0,0.0,0.0,0.0,0.105,0.0,0.0,0.105,1.0333,0.0543,0.0543,0.9768
5.899999999999996,-2.0143000337493944,-1.331450362998586,0.0,0.0,0.0,0.0,0.105,0.0,0.0,0.105,1.0333,0.0543,0.0543,0.9768
5.9999999999999964,-2.071286150690443,-1.2981549807965278,0.0,0.0,0.0,0.0,0.105,0.0,0.0,0.105,1.0333,0.0543,0.0543,0.9768
6.099999999999996,-2.128272267631491,-1.2648595985944695,0.0,0.0,0.0,0.0,0.105,0.0,0.0,0.105,1.0333,0.0543,0.0543,0.9768
6.199999999999996,-2.1852583845725393,-1.2315642163924112,0.0,0.0,0.0,0.0,0.105,0.0,0.0,0.105,1.0333,0.0543,0.0543,0.9768
6.299999999999996,-2.242244501513588,-1.198268834190353,0.0,0.0,0.0,0.0,0.105,0.0,0.0,0.105,1.0333,0.0543,0.0543,0.9768
6.399999999999996,-2.2992306184546365,-1.1649734519882946,0.0,0.0,0.0,0.0,0.105,0.0,0.0,0.105,1.0333,0.0543,0.0543,0.9768
6.499999999999996,-2.3562167353956847,-1.1316780697862363,0.0,0.0,0.0,0.0,0.105,0.0,0.0,0.105,1.0333,0.0543,0.0543,0.9768
6.599999999999996,-2.413202852336733,-1.098382687584178,0.0,0.0,0.0,0.0,0.105,0.0,0.0,0.105,1.0333,0.0543,0.0543,0.9768
6.699999999999996,-2.4701889692777814,-1.0650873053821197,0.0,0.0,0.0,0.0,0.105,0.0,0.0,0.105,1.0333,0.0543,0.0543,0.9768
6.799999999999996,-2.52717508621883,-1.0317919231800614,0.0,0.0,0.0,0.0,0.105,0.0,0.0,0.105,1.0333,0.0543,0.0543,0.9768
6.899999999999996,-2.584161203159878,-0.9984965409780031,0.0,0.0,0.0,0.0,0.105,0.0,0.0,0.105,1.0333,0.0543,0.0543,0.9768
6.9999999999999964,-2.6411473201009263,-0.9652011587759448,0.0,0.0,0.0,0.0,0.105,0.0,0.0,0.105,1.0333,0.0543,0.0543,0.9768
7.099999999999996,-2.698133437041975,-0.9319057765738865,0.0,0.0,0.0,0.0,0.105,0.0,0.0,0.105,1.0333,0.0543,0.0543,0.9768
7.199999999999996,-2.7551195539830236,-0.8986103943718282,0.0,0.0,0.0,0.0,0.105,0.0,0.0,0.105,1.0333,0.0543,0.0543,0.9768
7.299999999999996,-2.8121056709240717,-0.8653150121697699,0.0,0.0,0.0,0.0,0.105,0.0,0.0,0.105,1.0333,0.0543,0.0543,0.9768
7.399999999999996,-2.86909178786512,-0.8320196299677116,0.0,0.0,0.0,0.0,0.105,0.0,0.0,0.105,1.0333,0.0543,0.0543,0.9768
7.4999999999999964,-2.9260779048061685,-0.7987242477656533,0.0,0.0,0.0,0.0,0.105,0.0,0.0,0.105,1.0333,0.0543,0.0543,0.9768
7.599999999999996,-2.983064021747217,-0.765428865563595,0.0,0.0,0.0,0.0,0.105,0.0,0.0,0.105,1.0333,0.0543,0.0543,0.9768
7.699999999999996,-3.0400501386882652,-0.7321334833615367,0.0,0.0,0.0,0.0,0.105,0.0,0.0,0.105,1.0333,0.0543,0.0543,0.9768
7.799999999999996,-3.0970362556293134,-0.6988381011594784,0.0,0.0,0.0,0.0,0.105,0.0,0.0,0.105,1.0333,0.0543,0.0543,0.9768
7.899999999999996,-3.154022372570362,-0.6655427189574201,0.0,0.0,0.0,0.0,0.105,0.0,0.0,0.105,1.0333,0.0543,0.0543,0.9768
7.9999999999999964,-3.2110084895114106,-0.6322473367553618,0.0,0.0,0.0,0.0,0.105,0.0,0.0,0.105,1.0333,0.0543,0.0543,0.9768
8.099999999999996,-3.2679946064524588,-0.5989519545533035,0.0,0.0,0.0,0.0,0.105,0.0,0.0,0.105,1.0333,0.0543,0.0543,0.9768
8.199999999999996,-3.324980723393507,-0.5656565723512452,0.0,0.0,0.0,0.0,0.105,0.0,0.0,0.105,1.0333,0.0543,0.0543,0.9768
8.299999999999997,-3.3819668403345555,-0.5323611901491869,0.0,0.0,0.0,0.0,0.105,0.0,0.0,0.105,1.0333,0.0543,0.0543,0.9768
8.399999999999995,-3.438952957275604,-0.4990658079471286,0.0,0.0,0.0,0.0,0.105,0.0,0.0,0.105,1.0333,0.0543,0.0543,0.9768
8.499999999999996,-3.4959390742166523,-0.4657704257450703,0.0,0.0,0.0,0.0,0.105,0.0,0.0,0.105,1.0333,0.0543,0.0543,0.9768
8.599999999999996,-3.5529251911577004,-0.432475043543012,0.0,0.0,0.0,0.0,0.105,0.0,0.0,0.105,1.0333,0.0543,0.0543,0.9768
8.699999999999996,-3.609911308098749,-0.39917966134095373,0.0,0.0,0.0,0.0,0.105,0.0,0.0,0.105,1.0333,0.0543,0.0543,0.9768
8.799999999999997,-3.6668974250397977,-0.36588427913889543,0.0,0.0,0.0,0.0,0.105,0.0,0.0,0.105,1.0333,0.0543,0.0543,0.9768
8.899999999999995,-3.723883541980846,-0.33258889693683713,0.0,0.0,0.0,0.0,0.105,0.0,0.0,0.105,1.0333,0.0543,0.0543,0.9768
0.0,0.0,0.0,0.0,0.0,0.0,0.0,0.0,0.0,0.0,0.0,0.0,0.0,0.0,0.0
2.3999999999999986,-0.11863017660468116,-2.4688310033480585,0.0,0.0,0.0,0.0,0.105,0.0,0.0,0.105,0.311,0.0452,0.0452,0.2595
2.4999999999999987,-0.11467673015574069,-2.5495031965327666,0.0,0.0,0.0,0.0,0.105,0.0,0.0,0.105,0.311,0.0452,0.0452,0.2595
2.5999999999999988,-0.13239736928123472,-2.6126798873373995,0.0,0.0,0.0,0.0,0.105,0.0,0.0,0.105,0.311,0.0452,0.0452,0.2595
2.6999999999999984,-0.20381522303925292,-2.678628666126467,0.0,0.0,0.0,0.0,0.105,0.0,0.0,0.105,0.311,0.0452,0.0452,0.2595
2.7999999999999985,-0.3039087938461991,-2.6824359828769433,0.0,0.0,0.0,0.0,0.105,0.0,0.0,0.105,0.311,0.0452,0.0452,0.2595
2.8999999999999986,-0.3844089990811726,-2.6375071341173704,0.0,0.0,0.0,0.0,0.105,0.0,0.0,0.105,0.311,0.0452,0.0452,0.2595
2.9999999999999987,-0.37812429900150896,-2.643515451021826,0.0,0.0,0.0,0.0,0.105,0.0,0.0,0.105,0.311,0.0452,0.0452,0.2595
3.0999999999999988,-0.42566307279476207,-2.608647511320368,0.0,0.0,0.0,0.0,0.105,0.0,0.0,0.105,0.311,0.0452,0.0452,0.2595
3.1999999999999984,-0.47030897797509286,-2.586427761490598,0.0,0.0,0.0,0.0,0.105,0.0,0.0,0.105,0.311,0.0452,0.0452,0.2595
3.2999999999999985,-0.5617251263544746,-2.5472449633955505,0.0,0.0,0.0,0.0,0.105,0.0,0.0,0.105,0.311,0.0452,0.0452,0.2595
3.3999999999999986,-0.7378830894967583,-2.506107878375254,0.0,0.0,0.0,0.0,0.105,0.0,0.0,0.105,0.311,0.0452,0.0452,0.2595
3.4999999999999987,-0.9370006787232963,-2.4576195549693853,0.0,0.0,0.0,0.0,0.105,0.0,0.0,0.105,0.311,0.0452,0.0452,0.2595
3.5999999999999988,-1.0779349523012012,-2.356111840131989,0.0,0.0,0.0,0.0,0.105,0.0,0.0,0.105,0.311,0.0452,0.0452,0.2595
3.6999999999999984,-1.1619641798425457,-2.2186231897000392,0.0,0.0,0.0,0.0,0.105,0.0,0.0,0.105,0.311,0.0452,0.0452,0.2595
3.799999999999999,-1.2087414513610022,-2.033045678432288,0.0,0.0,0.0,0.0,0.105,0.0,0.0,0.105,0.311,0.0452,0.0452,0.2595
3.8999999999999986,-1.2635425723651186,-1.838096243573906,0.0,0.0,0.0,0.0,0.105,0.0,0.0,0.105,0.311,0.0452,0.0452,0.2595
3.9999999999999987,-1.295755537671003,-1.7745875998601894,0.0,0.0,0.0,0.0,0.105,0.0,0.0,0.105,0.311,0.0452,0.0452,0.2595
4.099999999999999,-1.327888380599366,-1.7293994309899414,0.0,0.0,0.0,0.0,0.105,0.0,0.0,0.105,0.311,0.0452,0.0452,0.2595
4.199999999999998,-1.3182745927789918,-1.7372901447746352,0.0,0.0,0.0,0.0,0.105,0.0,0.0,0.105,0.311,0.0452,0.0452,0.2595
4.299999999999999,-1.283635285845444,-1.757506888985134,0.0,0.0,0.0,0.0,0.105,0.0,0.0,0.105,0.311,0.0452,0.0452,0.2595
4.399999999999999,-1.2510570734500044,-1.7758331272888428,0.0,0.0,0.0,0.0,0.105,0.0,0.0,0.105,0.311,0.0452,0.0452,0.2595
4.499999999999998,-1.233985627692878,-1.7868462444526543,0.0,0.0,0.0,0.0,0.105,0.0,0.0,0.105,0.311,0.0452,0.0452,0.2595
4.599999999999999,-1.216494396574717,-1.7975857138274023,0.0,0.0,0.0,0.0,0.105,0.0,0.0,0.105,0.312606,0.045168999999999994,0.045168999999999994,0.26101
4.699999999999999,-1.216494396574717,-1.7975857138274023,0.0,0.0,0.0,0.0,0.105,0.0,0.0,0.105,0.312606,0.045168999999999994,0.045168999999999994,0.26101
4.799999999999999,-1.2734805135157654,-1.764290331625344,0.0,0.0,0.0,0.0,0.105,0.0,0.0,0.105,1.0333,0.0543,0.0543,0.9768
4.899999999999999,-1.3304666304568138,-1.7309949494232857,0.0,0.0,0.0,0.0,0.105,0.0,0.0,0.105,1.0333,0.0543,0.0543,0.9768
4.999999999999998,-1.3874527473978622,-1.6976995672212274,0.0,0.0,0.0,0.0,0.105,0.0,0.0,0.105,1.0333,0.0543,0.0543,0.9768
5.099999999999999,-1.4444388643389106,-1.664404185019169,0.0,0.0,0.0,0.0,0.105,0.0,0.0,0.105,1.0333,0.0543,0.0543,0.9768
5.199999999999999,-1.501424981279959,-1.6311088028171108,0.0,0.0,0.0,0.0,0.105,0.0,0.0,0.105,1.0333,0.0543,0.0543,0.9768
5.299999999999999,-1.5584110982210073,-1.5978134206150525,0.0,0.0,0.0,0.0,0.105,0.0,0.0,0.105,1.0333,0.0543,0.0543,0.9768
5.399999999999999,-1.6153972151620557,-1.5645180384129942,0.0,0.0,0.0,0.0,0.105,0.0,0.0,0.105,1.0333,0.0543,0.0543,0.9768
5.499999999999998,-1.672383332103104,-1.531222656210936,0.0,0.0,0.0,0.0,0.105,0.0,0.0,0.105,1.0333,0.0543,0.0543,0.9768
5.599999999999999,-1.7293694490441525,-1.4979272740088776,0.0,0.0,0.0,0.0,0.105,0.0,0.0,0.105,1.0333,0.0543,0.0543,0.9768
5.699999999999999,-1.7863555659852008,-1.4646318918068193,0.0,0.0,0.0,0.0,0.105,0.0,0.0,0.105,1.0333,0.0543,0.0543,0.9768
5.799999999999999,-1.8433416829262492,-1.431336509604761,0.0,0.0,0.0,0.0,0.105,0.0,0.0,0.105,1.0333,0.0543,0.0543,0.9768
5.899999999999999,-1.9003277998672976,-1.3980411274027027,0.0,0.0,0.0,0.0,0.105,0.0,0.0,0.105,1.0333,0.0543,0.0543,0.9768
5.999999999999998,-1.957313916808346,-1.3647457452006444,0.0,0.0,0.0,0.0,0.105,0.0,0.0,0.105,1.0333,0.0543,0.0543,0.9768
6.099999999999999,-2.0143000337493944,-1.331450362998586,0.0,0.0,0.0,0.0,0.105,0.0,0.0,0.105,1.0333,0.0543,0.0543,0.9768
6.199999999999999,-2.071286150690443,-1.2981549807965278,0.0,0.0,0.0,0.0,0.105,0.0,0.0,0.105,1.0333,0.0543,0.0543,0.9768
6.299999999999999,-2.128272267631491,-1.2648595985944695,0.0,0.0,0.0,0.0,0.105,0.0,0.0,0.105,1.0333,0.0543,0.0543,0.9768
6.399999999999999,-2.1852583845725393,-1.2315642163924112,0.0,0.0,0.0,0.0,0.105,0.0,0.0,0.105,1.0333,0.0543,0.0543,0.9768
6.499999999999999,-2.242244501513588,-1.198268834190353,0.0,0.0,0.0,0.0,0.105,0.0,0.0,0.105,1.0333,0.0543,0.0543,0.9768
6.599999999999999,-2.2992306184546365,-1.1649734519882946,0.0,0.0,0.0,0.0,0.105,0.0,0.0,0.105,1.0333,0.0543,0.0543,0.9768
6.699999999999998,-2.3562167353956847,-1.1316780697862363,0.0,0.0,0.0,0.0,0.105,0.0,0.0,0.105,1.0333,0.0543,0.0543,0.9768
6.799999999999999,-2.413202852336733,-1.098382687584178,0.0,0.0,0.0,0.0,0.105,0.0,0.0,0.105,1.0333,0.0543,0.0543,0.9768
6.899999999999999,-2.4701889692777814,-1.0650873053821197,0.0,0.0,0.0,0.0,0.105,0.0,0.0,0.105,1.0333,0.0543,0.0543,0.9768
6.999999999999999,-2.52717508621883,-1.0317919231800614,0.0,0.0,0.0,0.0,0.105,0.0,0.0,0.105,1.0333,0.0543,0.0543,0.9768
7.099999999999999,-2.584161203159878,-0.9984965409780031,0.0,0.0,0.0,0.0,0.105,0.0,0.0,0.105,1.0333,0.0543,0.0543,0.9768
7.199999999999999,-2.6411473201009263,-0.9652011587759448,0.0,0.0,0.0,0.0,0.105,0.0,0.0,0.105,1.0333,0.0543,0.0543,0.9768
7.299999999999999,-2.698133437041975,-0.9319057765738865,0.0,0.0,0.0,0.0,0.105,0.0,0.0,0.105,1.0333,0.0543,0.0543,0.9768
7.399999999999999,-2.7551195539830236,-0.8986103943718282,0.0,0.0,0.0,0.0,0.105,0.0,0.0,0.105,1.0333,0.0543,0.0543,0.9768
7.499999999999999,-2.8121056709240717,-0.8653150121697699,0.0,0.0,0.0,0.0,0.105,0.0,0.0,0.105,1.0333,0.0543,0.0543,0.9768
7.599999999999999,-2.86909178786512,-0.8320196299677116,0.0,0.0,0.0,0.0,0.105,0.0,0.0,0.105,1.0333,0.0543,0.0543,0.9768
7.699999999999999,-2.9260779048061685,-0.7987242477656533,0.0,0.0,0.0,0.0,0.105,0.0,0.0,0.105,1.0333,0.0543,0.0543,0.9768
7.799999999999999,-2.983064021747217,-0.765428865563595,0.0,0.0,0.0,0.0,0.105,0.0,0.0,0.105,1.0333,0.0543,0.0543,0.9768
7.899999999999999,-3.0400501386882652,-0.7321334833615367,0.0,0.0,0.0,0.0,0.105,0.0,0.0,0.105,1.0333,0.0543,0.0543,0.9768
7.999999999999999,-3.0970362556293134,-0.6988381011594784,0.0,0.0,0.0,0.0,0.105,0.0,0.0,0.105,1.0333,0.0543,0.0543,0.9768
8.099999999999998,-3.154022372570362,-0.6655427189574201,0.0,0.0,0.0,0.0,0.105,0.0,0.0,0.105,1.0333,0.0543,0.0543,0.9768
8.2,-3.2110084895114106,-0.6322473367553618,0.0,0.0,0.0,0.0,0.105,0.0,0.0,0.105,1.0333,0.0543,0.0543,0.9768
8.299999999999999,-3.2679946064524588,-0.5989519545533035,0.0,0.0,0.0,0.0,0.105,0.0,0.0,0.105,1.0333,0.0543,0.0543,0.9768
8.399999999999999,-3.324980723393507,-0.5656565723512452,0.0,0.0,0.0,0.0,0.105,0.0,0.0,0.105,1.0333,0.0543,0.0543,0.9768
8.5,-3.3819668403345555,-0.5323611901491869,0.0,0.0,0.0,0.0,0.105,0.0,0.0,0.105,1.0333,0.0543,0.0543,0.9768
8.599999999999998,-3.438952957275604,-0.4990658079471286,0.0,0.0,0.0,0.0,0.105,0.0,0.0,0.105,1.0333,0.0543,0.0543,0.9768
8.7,-3.4959390742166523,-0.4657704257450703,0.0,0.0,0.0,0.0,0.105,0.0,0.0,0.105,1.0333,0.0543,0.0543,0.9768
8.799999999999999,-3.5529251911577004,-0.432475043543012,0.0,0.0,0.0,0.0,0.105,0.0,0.0,0.105,1.0333,0.0543,0.0543,0.9768
8.899999999999999,-3.609911308098749,-0.39917966134095373,0.0,0.0,0.0,0.0,0.105,0.0,0.0,0.105,1.0333,0.0543,0.0543,0.9768
9.0,-3.6668974250397977,-0.36588427913889543,0.0,0.0,0.0,0.0,0.105,0.0,0.0,0.105,1.0333,0.0543,0.0543,0.9768
9.099999999999998,-3.723883541980846,-0.33258889693683713,0.0,0.0,0.0,0.0,0.105,0.0,0.0,0.105,1.0333,0.0543,0.0543,0.9768
0.0,0.0,0.0,0.0,0.0,0.0,0.0,0.0,0.0,0.0,0.0,0.0,0.0,0.0,0.0
2.5009999999999977,-0.11863021183442286,-2.4688310174966643,0.0,0.0,0.0,0.0,0.105,0.0,0.0,0.105,0.311,0.0452,0.0452,0.2595
2.6009999999999978,-0.11467680846668474,-2.549503241128562,0.0,0.0,0.0,0.0,0.105,0.0,0.0,0.105,0.311,0.0452,0.0452,0.2595
2.700999999999998,-0.13239747918963513,-2.612679926772549,0.0,0.0,0.0,0.0,0.105,0.0,0.0,0.105,0.311,0.0452,0.0452,0.2595
2.8009999999999975,-0.20381533644903763,-2.678628659161269,0.0,0.0,0.0,0.0,0.105,0.0,0.0,0.105,0.311,0.0452,0.0452,0.2595
2.9009999999999976,-0.3039088586417131,-2.682435952194155,0.0,0.0,0.0,0.0,0.105,0.0,0.0,0.105,0.311,0.0452,0.0452,0.2595
3.0009999999999977,-0.3844090240352701,-2.6375071159430004,0.0,0.0,0.0,0.0,0.105,0.0,0.0,0.105,0.311,0.0452,0.0452,0.2595
3.1009999999999978,-0.3781243176076288,-2.6435154389921967,0.0,0.0,0.0,0.0,0.105,0.0,0.0,0.105,0.311,0.0452,0.0452,0.2595
3.200999999999998,-0.42566307154709204,-2.608647513692488,0.0,0.0,0.0,0.0,0.105,0.0,0.0,0.105,0.311,0.0452,0.0452,0.2595
3.3009999999999975,-0.470308977509928,-2.586427763772215,0.0,0.0,0.0,0.0,0.105,0.0,0.0,0.105,0.311,0.0452,0.0452,0.2595
3.4009999999999976,-0.5617251255758637,-2.547244964060562,0.0,0.0,0.0,0.0,0.105,0.0,0.0,0.105,0.311,0.0452,0.0452,0.2595
3.5009999999999977,-0.7378830920788435,-2.5061078781096215,0.0,0.0,0.0,0.0,0.105,0.0,0.0,0.105,0.311,0.0452,0.0452,0.2595
3.6009999999999978,-0.9370006131899402,-2.457619589569032,0.0,0.0,0.0,0.0,0.105,0.0,0.0,0.105,0.311,0.0452,0.0452,0.2595
3.700999999999998,-1.0779348629520693,-2.356111939093681,0.0,0.0,0.0,0.0,0.105,0.0,0.0,0.105,0.311,0.0452,0.0452,0.2595
3.8009999999999975,-1.1619641477226945,-2.218623257569547,0.0,0.0,0.0,0.0,0.105,0.0,0.0,0.105,0.311,0.0452,0.0452,0.2595
3.900999999999998,-1.2087414448360485,-2.033045692253709,0.0,0.0,0.0,0.0,0.105,0.0,0.0,0.105,0.311,0.0452,0.0452,0.2595
4.000999999999998,-1.2635425593429044,-1.8380962715223153,0.0,0.0,0.0,0.0,0.105,0.0,0.0,0.105,0.311,0.0452,0.0452,0.2595
4.100999999999997,-1.2957555277609853,-1.7745876153999072,0.0,0.0,0.0,0.0,0.105,0.0,0.0,0.105,0.311,0.0452,0.0452,0.2595
4.200999999999998,-1.3278883747572927,-1.72939943655218,0.0,0.0,0.0,0.0,0.105,0.0,0.0,0.105,0.311,0.0452,0.0452,0.2595
4.3009999999999975,-1.3182745918003056,-1.737290146552269,0.0,0.0,0.0,0.0,0.105,0.0,0.0,0.105,0.311,0.0452,0.0452,0.2595
4.400999999999998,-1.2836352868285517,-1.757506889786846,0.0,0.0,0.0,0.0,0.105,0.0,0.0,0.105,0.311,0.0452,0.0452,0.2595
4.500999999999998,-1.2510570730539068,-1.775833128010942,0.0,0.0,0.0,0.0,0.105,0.0,0.0,0.105,0.311,0.0452,0.0452,0.2595
4.600999999999997,-1.233985627064843,-1.7868462449585294,0.0,0.0,0.0,0.0,0.105,0.0,0.0,0.105,0.311,0.0452,0.0452,0.2595
4.700999999999998,-1.216494396574717,-1.7975857138274023,0.0,0.0,0.0,0.0,0.105,0.0,0.0,0.105,0.312606,0.045168999999999994,0.045168999999999994,0.26101
4.800999999999998,-1.216494396574717,-1.7975857138274023,0.0,0.0,0.0,0.0,0.105,0.0,0.0,0.105,0.312606,0.045168999999999994,0.045168999999999994,0.26101
4.900999999999998,-1.2734805135157654,-1.764290331625344,0.0,0.0,0.0,0.0,0.105,0.0,0.0,0.105,1.0333,0.0543,0.0543,0.9768
5.000999999999998,-1.3304666304568138,-1.7309949494232857,0.0,0.0,0.0,0.0,0.105,0.0,0.0,0.105,1.0333,0.0543,0.0543,0.9768
5.100999999999997,-1.3874527473978622,-1.6976995672212274,0.0,0.0,0.0,0.0,0.105,0.0,0.0,0.105,1.0333,0.0543,0.0543,0.9768
5.200999999999998,-1.4444388643389106,-1.664404185019169,0.0,0.0,0.0,0.0,0.105,0.0,0.0,0.105,1.0333,0.0543,0.0543,0.9768
5.300999999999998,-1.501424981279959,-1.6311088028171108,0.0,0.0,0.0,0.0,0.105,0.0,0.0,0.105,1.0333,0.0543,0.0543,0.9768
5.400999999999998,-1.5584110982210073,-1.5978134206150525,0.0,0.0,0.0,0.0,0.105,0.0,0.0,0.105,1.0333,0.0543,0.0543,0.9768
5.500999999999998,-1.6153972151620557,-1.5645180384129942,0.0,0.0,0.0,0.0,0.105,0.0,0.0,0.105,1.0333,0.0543,0.0543,0.9768
5.600999999999997,-1.672383332103104,-1.531222656210936,0.0,0.0,0.0,0.0,0.105,0.0,0.0,0.105,1.0333,0.0543,0.0543,0.9768
5.700999999999998,-1.7293694490441525,-1.4979272740088776,0.0,0.0,0.0,0.0,0.105,0.0,0.0,0.105,1.0333,0.0543,0.0543,0.9768
5.800999999999998,-1.7863555659852008,-1.4646318918068193,0.0,0.0,0.0,0.0,0.105,0.0,0.0,0.105,1.0333,0.0543,0.0543,0.9768
5.900999999999998,-1.8433416829262492,-1.431336509604761,0.0,0.0,0.0,0.0,0.105,0.0,0.0,0.105,1.0333,0.0543,0.0543,0.9768
6.000999999999998,-1.9003277998672976,-1.3980411274027027,0.0,0.0,0.0,0.0,0.105,0.0,0.0,0.105,1.0333,0.0543,0.0543,0.9768
6.100999999999997,-1.957313916808346,-1.3647457452006444,0.0,0.0,0.0,0.0,0.105,0.0,0.0,0.105,1.0333,0.0543,0.0543,0.9768
6.200999999999998,-2.0143000337493944,-1.331450362998586,0.0,0.0,0.0,0.0,0.105,0.0,0.0,0.105,1.0333,0.0543,0.0543,0.9768
6.300999999999998,-2.071286150690443,-1.2981549807965278,0.0,0.0,0.0,0.0,0.105,0.0,0.0,0.105,1.0333,0.0543,0.0543,0.9768
6.400999999999998,-2.128272267631491,-1.2648595985944695,0.0,0.0,0.0,0.0,0.105,0.0,0.0,0.105,1.0333,0.0543,0.0543,0.9768
6.500999999999998,-2.1852583845725393,-1.2315642163924112,0.0,0.0,0.0,0.0,0.105,0.0,0.0,0.105,1.0333,0.0543,0.0543,0.9768
6.600999999999998,-2.242244501513588,-1.198268834190353,0.0,0.0,0.0,0.0,0.105,0.0,0.0,0.105,1.0333,0.0543,0.0543,0.9768
6.700999999999998,-2.2992306184546365,-1.1649734519882946,0.0,0.0,0.0,0.0,0.105,0.0,0.0,0.105,1.0333,0.0543,0.0543,0.9768
6.8009999999999975,-2.3562167353956847,-1.1316780697862363,0.0,0.0,0.0,0.0,0.105,0.0,0.0,0.105,1.0333,0.0543,0.0543,0.9768
6.900999999999998,-2.413202852336733,-1.098382687584178,0.0,0.0,0.0,0.0,0.105,0.0,0.0,0.105,1.0333,0.0543,0.0543,0.9768
7.000999999999998,-2.4701889692777814,-1.0650873053821197,0.0,0.0,0.0,0.0,0.105,0.0,0.0,0.105,1.0333,0.0543,0.0543,0.9768
7.100999999999998,-2.52717508621883,-1.0317919231800614,0.0,0.0,0.0,0.0,0.105,0.0,0.0,0.105,1.0333,0.0543,0.0543,0.9768
7.200999999999998,-2.584161203159878,-0.9984965409780031,0.0,0.0,0.0,0.0,0.105,0.0,0.0,0.105,1.0333,0.0543,0.0543,0.9768
7.300999999999998,-2.6411473201009263,-0.9652011587759448,0.0,0.0,0.0,0.0,0.105,0.0,0.0,0.105,1.0333,0.0543,0.0543,0.9768
7.400999999999998,-2.698133437041975,-0.9319057765738865,0.0,0.0,0.0,0.0,0.105,0.0,0.0,0.105,1.0333,0.0543,0.0543,0.9768
7.500999999999998,-2.7551195539830236,-0.8986103943718282,0.0,0.0,0.0,0.0,0.105,0.0,0.0,0.105,1.0333,0.0543,0.0543,0.9768
7.600999999999998,-2.8121056709240717,-0.8653150121697699,0.0,0.0,0.0,0.0,0.105,0.0,0.0,0.105,1.0333,0.0543,0.0543,0.9768
7.700999999999998,-2.86909178786512,-0.8320196299677116,0.0,0.0,0.0,0.0,0.105,0.0,0.0,0.105,1.0333,0.0543,0.0543,0.9768
7.800999999999998,-2.9260779048061685,-0.7987242477656533,0.0,0.0,0.0,0.0,0.105,0.0,0.0,0.105,1.0333,0.0543,0.0543,0.9768
7.900999999999998,-2.983064021747217,-0.765428865563595,0.0,0.0,0.0,0.0,0.105,0.0,0.0,0.105,1.0333,0.0543,0.0543,0.9768
8.000999999999998,-3.0400501386882652,-0.7321334833615367,0.0,0.0,0.0,0.0,0.105,0.0,0.0,0.105,1.0333,0.0543,0.0543,0.9768
8.100999999999999,-3.0970362556293134,-0.6988381011594784,0.0,0.0,0.0,0.0,0.105,0.0,0.0,0.105,1.0333,0.0543,0.0543,0.9768
8.200999999999997,-3.154022372570362,-0.6655427189574201,0.0,0.0,0.0,0.0,0.105,0.0,0.0,0.105,1.0333,0.0543,0.0543,0.9768
8.300999999999998,-3.2110084895114106,-0.6322473367553618,0.0,0.0,0.0,0.0,0.105,0.0,0.0,0.105,1.0333,0.0543,0.0543,0.9768
8.400999999999998,-3.2679946064524588,-0.5989519545533035,0.0,0.0,0.0,0.0,0.105,0.0,0.0,0.105,1.0333,0.0543,0.0543,0.9768
8.500999999999998,-3.324980723393507,-0.5656565723512452,0.0,0.0,0.0,0.0,0.105,0.0,0.0,0.105,1.0333,0.0543,0.0543,0.9768
8.600999999999999,-3.3819668403345555,-0.5323611901491869,0.0,0.0,0.0,0.0,0.105,0.0,0.0,0.105,1.0333,0.0543,0.0543,0.9768
8.700999999999997,-3.438952957275604,-0.4990658079471286,0.0,0.0,0.0,0.0,0.105,0.0,0.0,0.105,1.0333,0.0543,0.0543,0.9768
8.800999999999998,-3.4959390742166523,-0.4657704257450703,0.0,0.0,0.0,0.0,0.105,0.0,0.0,0.105,1.0333,0.0543,0.0543,0.9768
8.900999999999998,-3.5529251911577004,-0.432475043543012,0.0,0.0,0.0,0.0,0.105,0.0,0.0,0.105,1.0333,0.0543,0.0543,0.9768
9.000999999999998,-3.609911308098749,-0.39917966134095373,0.0,0.0,0.0,0.0,0.105,0.0,0.0,0.105,1.0333,0.0543,0.0543,0.9768
9.100999999999999,-3.6668974250397977,-0.36588427913889543,0.0,0.0,0.0,0.0,0.105,0.0,0.0,0.105,1.0333,0.0543,0.0543,0.9768
9.200999999999997,-3.723883541980846,-0.33258889693683713,0.0,0.0,0.0,0.0,0.105,0.0,0.0,0.105,1.0333,0.0543,0.0543,0.9768
0.0,0.0,0.0,0.0,0.0,0.0,0.0,0.0,0.0,0.0,0.0,0.0,0.0,0.0,0.0
2.3999999999999986,-0.11863015845596271,-2.468830996059345,0.0,0.0,0.0,0.0,0.105,0.0,0.0,0.105,0.311,0.0452,0.0452,0.2595
2.4999999999999987,-0.11467668956213643,-2.549503176464384,0.0,0.0,0.0,0.0,0.105,0.0,0.0,0.105,0.311,0.0452,0.0452,0.2595
2.5999999999999988,-0.1323973125784287,-2.612679870792946,0.0,0.0,0.0,0.0,0.105,0.0,0.0,0.105,0.311,0.0452,0.0452,0.2595
2.6999999999999984,-0.2038151633613851,-2.678628672250451,0.0,0.0,0.0,0.0,0.105,0.0,0.0,0.105,0.311,0.0452,0.0452,0.2595
2.7999999999999985,-0.3039087567469753,-2.6824360006675048,0.0,0.0,0.0,0.0,0.105,0.0,0.0,0.105,0.311,0.0452,0.0452,0.2595
2.8999999999999986,-0.3844089812988579,-2.6375071454089283,0.0,0.0,0.0,0.0,0.105,0.0,0.0,0.105,0.311,0.0452,0.0452,0.2595
2.9999999999999987,-0.3781242851221626,-2.6435154585937597,0.0,0.0,0.0,0.0,0.105,0.0,0.0,0.105,0.311,0.0452,0.0452,0.2595
3.0999999999999988,-0.4256630716620077,-2.608647509776527,0.0,0.0,0.0,0.0,0.105,0.0,0.0,0.105,0.311,0.0452,0.0452,0.2595
3.1999999999999984,-0.47030897607446953,-2.586427760382852,0.0,0.0,0.0,0.0,0.105,0.0,0.0,0.105,0.311,0.0452,0.0452,0.2595
3.2999999999999985,-0.5617251212782524,-2.5472449636570715,0.0,0.0,0.0,0.0,0.105,0.0,0.0,0.105,0.311,0.0452,0.0452,0.2595
3.3999999999999986,-0.7378830886300828,-2.506107878178923,0.0,0.0,0.0,0.0,0.105,0.0,0.0,0.105,0.311,0.0452,0.0452,0.2595
3.4999999999999987,-0.9370006517952444,-2.4576195691745757,0.0,0.0,0.0,0.0,0.105,0.0,0.0,0.105,0.311,0.0452,0.0452,0.2595
3.5999999999999988,-1.077934914035328,-2.3561118826498078,0.0,0.0,0.0,0.0,0.105,0.0,0.0,0.105,0.311,0.0452,0.0452,0.2595
3.6999999999999984,-1.1619641692808504,-2.218623209394055,0.0,0.0,0.0,0.0,0.105,0.0,0.0,0.105,0.311,0.0452,0.0452,0.2595
3.799999999999999,-1.2087414508529502,-2.0330456600826703,0.0,0.0,0.0,0.0,0.105,0.0,0.0,0.105,0.311,0.0452,0.0452,0.2595
3.8999999999999986,-1.2635425696630231,-1.8380962293263028,0.0,0.0,0.0,0.0,0.105,0.0,0.0,0.105,0.311,0.0452,0.0452,0.2595
3.9999999999999987,-1.2957555326365606,-1.7745875944401268,0.0,0.0,0.0,0.0,0.105,0.0,0.0,0.105,0.311,0.0452,0.0452,0.2595
4.099999999999999,-1.3278883712208434,-1.7293994355872293,0.0,0.0,0.0,0.0,0.105,0.0,0.0,0.105,0.311,0.0452,0.0452,0.2595
4.199999999999998,-1.3182745823942332,-1.737290149883692,0.0,0.0,0.0,0.0,0.105,0.0,0.0,0.105,0.311,0.0452,0.0452,0.2595
4.299999999999999,-1.2836352792331933,-1.7575068922786463,0.0,0.0,0.0,0.0,0.105,0.0,0.0,0.105,0.311,0.0452,0.0452,0.2595
4.399999999999999,-1.2510570713937728,-1.7758331286005247,0.0,0.0,0.0,0.0,0.105,0.0,0.0,0.105,0.311,0.0452,0.0452,0.2595
4.499999999999998,-1.2339856267272116,-1.7868462451009766,0.0,0.0,0.0,0.0,0.105,0.0,0.0,0.105,0.311,0.0452,0.0452,0.2595
4.599999999999999,-1.216494396574717,-1.7975857138274023,0.0,0.0,0.0,0.0,0.105,0.0,0.0,0.105,0.312606,0.045168999999999994,0.045168999999999994,0.26101
4.699999999999999,-1.216494396574717,-1.7975857138274023,0.0,0.0,0.0,0.0,0.105,0.0,0.0,0.105,0.312606,0.045168999999999994,0.045168999999999994,0.26101
4.799999999999999,-1.2734805135157654,-1.764290331625344,0.0,0.0,0.0,0.0,0.105,0.0,0.0,0.105,1.0333,0.0543,0.0543,0.9768
4.899999999999999,-1.3304666304568138,-1.7309949494232857,0.0,0.0,0.0,0.0,0.105,0.0,0.0,0.105,1.0333,0.0543,0.0543,0.9768
4.999999999999998,-1.3874527473978622,-1.6976995672212274,0.0,0.0,0.0,0.0,0.105,0.0,0.0,0.105,1.0333,0.0543,0.0543,0.9768
5.099999999999999,-1.4444388643389106,-1.664404185019169,0.0,0.0,0.0,0.0,0.105,0.0,0.0,0.105,1.0333,0.0543,0.0543,0.9768
5.199999999999999,-1.501424981279959,-1.6311088028171108,0.0,0.0,0.0,0.0,0.105,0.0,0.0,0.105,1.0333,0.0543,0.0543,0.9768
5.299999999999999,-1.5584110982210073,-1.5978134206150525,0.0,0.0,0.0,0.0,0.105,0.0,0.0,0.105,1.0333,0.0543,0.0543,0.9768
5.399999999999999,-1.6153972151620557,-1.5645180384129942,0.0,0.0,0.0,0.0,0.105,0.0,0.0,0.105,1.0333,0.0543,0.0543,0.9768
5.499999999999998,-1.672383332103104,-1.531222656210936,0.0,0.0,0.0,0.0,0.105,0.0,0.0,0.105,1.0333,0.0543,0.0543,0.9768
5.599999999999999,-1.7293694490441525,-1.4979272740088776,0.0,0.0,0.0,0.0,0.105,0.0,0.0,0.105,1.0333,0.0543,0.0543,0.9768
5.699999999999999,-1.7863555659852008,-1.4646318918068193,0.0,0.0,0.0,0.0,0.105,0.0,0.0,0.105,1.0333,0.0543,0.0543,0.9768
5.799999999999999,-1.8433416829262492,-1.431336509604761,0.0,0.0,0.0,0.0,0.105,0.0,0.0,0.105,1.0333,0.0543,0.0543,0.9768
5.899999999999999,-1.9003277998672976,-1.3980411274027027,0.0,0.0,0.0,0.0,0.105,0.0,0.0,0.105,1.0333,0.0543,0.0543,0.9768
5.999999999999998,-1.957313916808346,-1.3647457452006444,0.0,0.0,0.0,0.0,0.105,0.0,0.0,0.105,1.0333,0.0543,0.0543,0.9768
6.099999999999999,-2.0143000337493944,-1.331450362998586,0.0,0.0,0.0,0.0,0.105,0.0,0.0,0.105,1.0333,0.0543,0.0543,0.9768
6.199999999999999,-2.071286150690443,-1.2981549807965278,0.0,0.0,0.0,0.0,0.105,0.0,0.0,0.105,1.0333,0.0543,0.0543,0.9768
6.299999999999999,-2.128272267631491,-1.2648595985944695,0.0,0.0,0.0,0.0,0.105,0.0,0.0,0.105,1.0333,0.0543,0.0543,0.9768
6.399999999999999,-2.1852583845725393,-1.2315642163924112,0.0,0.0,0.0,0.0,0.105,0.0,0.0,0.105,1.0333,0.0543,0.0543,0.9768
6.499999999999999,-2.242244501513588,-1.198268834190353,0.0,0.0,0.0,0.0,0.105,0.0,0.0,0.105,1.0333,0.0543,0.0543,0.9768
6.599999999999999,-2.2992306184546365,-1.1649734519882946,0.0,0.0,0.0,0.0,0.105,0.0,0.0,0.105,1.0333,0.0543,0.0543,0.9768
6.699999999999998,-2.3562167353956847,-1.1316780697862363,0.0,0.0,0.0,0.0,0.105,0.0,0.0,0.105,1.0333,0.0543,0.0543,0.9768
6.799999999999999,-2.413202852336733,-1.098382687584178,0.0,0.0,0.0,0.0,0.105,0.0,0.0,0.105,1.0333,0.0543,0.0543,0.9768
6.899999999999999,-2.4701889692777814,-1.0650873053821197,0.0,0.0,0.0,0.0,0.105,0.0,0.0,0.105,1.0333,0.0543,0.0543,0.9768
6.999999999999999,-2.52717508621883,-1.0317919231800614,0.0,0.0,0.0,0.0,0.105,0.0,0.0,0.105,1.0333,0.0543,0.0543,0.9768
7.099999999999999,-2.584161203159878,-0.9984965409780031,0.0,0.0,0.0,0.0,0.105,0.0,0.0,0.105,1.0333,0.0543,0.0543,0.9768
7.199999999999999,-2.6411473201009263,-0.9652011587759448,0.0,0.0,0.0,0.0,0.105,0.0,0.0,0.105,1.0333,0.0543,0.0543,0.9768
7.299999999999999,-2.698133437041975,-0.9319057765738865,0.0,0.0,0.0,0.0,0.105,0.0,0.0,0.105,1.0333,0.0543,0.0543,0.9768
7.399999999999999,-2.7551195539830236,-0.8986103943718282,0.0,0.0,0.0,0.0,0.105,0.0,0.0,0.105,1.0333,0.0543,0.0543,0.9768
7.499999999999999,-2.8121056709240717,-0.8653150121697699,0.0,0.0,0.0,0.0,0.105,0.0,0.0,0.105,1.0333,0.0543,0.0543,0.9768
7.599999999999999,-2.86909178786512,-0.8320196299677116,0.0,0.0,0.0,0.0,0.105,0.0,0.0,0.105,1.0333,0.0543,0.0543,0.9768
7.699999999999999,-2.9260779048061685,-0.7987242477656533,0.0,0.0,0.0,0.0,0.105,0.0,0.0,0.105,1.0333,0.0543,0.0543,0.9768
7.799999999999999,-2.983064021747217,-0.765428865563595,0.0,0.0,0.0,0.0,0.105,0.0,0.0,0.105,1.0333,0.0543,0.0543,0.9768
7.899999999999999,-3.0400501386882652,-0.7321334833615367,0.0,0.0,0.0,0.0,0.105,0.0,0.0,0.105,1.0333,0.0543,0.0543,0.9768
7.999999999999999,-3.0970362556293134,-0.6988381011594784,0.0,0.0,0.0,0.0,0.105,0.0,0.0,0.105,1.0333,0.0543,0.0543,0.9768
8.099999999999998,-3.154022372570362,-0.6655427189574201,0.0,0.0,0.0,0.0,0.105,0.0,0.0,0.105,1.0333,0.0543,0.0543,0.9768
8.2,-3.2110084895114106,-0.6322473367553618,0.0,0.0,0.0,0.0,0.105,0.0,0.0,0.105,1.0333,0.0543,0.0543,0.9768
8.299999999999999,-3.2679946064524588,-0.5989519545533035,0.0,0.0,0.0,0.0,0.105,0.0,0.0,0.105,1.0333,0.0543,0.0543,0.9768
8.399999999999999,-3.324980723393507,-0.5656565723512452,0.0,0.0,0.0,0.0,0.105,0.0,0.0,0.105,1.0333,0.0543,0.0543,0.9768
8.5,-3.3819668403345555,-0.5323611901491869,0.0,0.0,0.0,0.0,0.105,0.0,0.0,0.105,1.0333,0.0543,0.0543,0.9768
8.599999999999998,-3.438952957275604,-0.4990658079471286,0.0,0.0,0.0,0.0,0.105,0.0,0.0,0.105,1.0333,0.0543,0.0543,0.9768
8.7,-3.4959390742166523,-0.4657704257450703,0.0,0.0,0.0,0.0,0.105,0.0,0.0,0.105,1.0333,0.0543,0.0543,0.9768
8.799999999999999,-3.5529251911577004,-0.432475043543012,0.0,0.0,0.0,0.0,0.105,0.0,0.0,0.105,1.0333,0.0543,0.0543,0.9768
8.899999999999999,-3.609911308098749,-0.39917966134095373,0.0,0.0,0.0,0.0,0.105,0.0,0.0,0.105,1.0333,0.0543,0.0543,0.9768
9.0,-3.6668974250397977,-0.36588427913889543,0.0,0.0,0.0,0.0,0.105,0.0,0.0,0.105,1.0333,0.0543,0.0543,0.9768
9.099999999999998,-3.723883541980846,-0.33258889693683713,0.0,0.0,0.0,0.0,0.105,0.0,0.0,0.105,1.0333,0.0543,0.0543,0.9768
0.0,0.0,0.0,0.0,0.0,0.0,0.0,0.0,0.0,0.0,0.0,0.0,0.0,0.0,0.0
2.3000000000000043,-0.11863012322597494,-2.468830981910593,0.0,0.0,0.0,0.0,0.105,0.0,0.0,0.105,0.311,0.0452,0.0452,0.2595
2.4000000000000044,-0.11467661109857775,-2.549503132259068,0.0,0.0,0.0,0.0,0.105,0.0,0.0,0.105,0.311,0.0452,0.0452,0.2595
2.5000000000000044,-0.13239720210878117,-2.612679831056138,0.0,0.0,0.0,0.0,0.105,0.0,0.0,0.105,0.311,0.0452,0.0452,0.2595
2.600000000000004,-0.2038150458569839,-2.678628676183133,0.0,0.0,0.0,0.0,0.105,0.0,0.0,0.105,0.311,0.0452,0.0452,0.2595
2.700000000000004,-0.30390868343171484,-2.68243602867057,0.0,0.0,0.0,0.0,0.105,0.0,0.0,0.105,0.311,0.0452,0.0452,0.2595
2.8000000000000043,-0.3844089472008414,-2.6375071618033714,0.0,0.0,0.0,0.0,0.105,0.0,0.0,0.105,0.311,0.0452,0.0452,0.2595
2.9000000000000044,-0.3781242587948718,-2.643515467431899,0.0,0.0,0.0,0.0,0.105,0.0,0.0,0.105,0.311,0.0452,0.0452,0.2595
3.0000000000000044,-0.4256630667073973,-2.6086475032598813,0.0,0.0,0.0,0.0,0.105,0.0,0.0,0.105,0.311,0.0452,0.0452,0.2595
3.100000000000004,-0.4703089684502291,-2.5864277547711723,0.0,0.0,0.0,0.0,0.105,0.0,0.0,0.105,0.311,0.0452,0.0452,0.2595
3.200000000000004,-0.5617251069130029,-2.547244961663872,0.0,0.0,0.0,0.0,0.105,0.0,0.0,0.105,0.311,0.0452,0.0452,0.2595
3.3000000000000043,-0.7378830771898379,-2.506107878258489,0.0,0.0,0.0,0.0,0.105,0.0,0.0,0.105,0.311,0.0452,0.0452,0.2595
3.4000000000000044,-0.9370006326448551,-2.4576195787859354,0.0,0.0,0.0,0.0,0.105,0.0,0.0,0.105,0.311,0.0452,0.0452,0.2595
3.5000000000000044,-1.0779348895926901,-2.356111909560191,0.0,0.0,0.0,0.0,0.105,0.0,0.0,0.105,0.311,0.0452,0.0452,0.2595
3.600000000000004,-1.161964162421823,-2.218623222777346,0.0,0.0,0.0,0.0,0.105,0.0,0.0,0.105,0.311,0.0452,0.0452,0.2595
3.7000000000000046,-1.2087414508733962,-2.033045654700149,0.0,0.0,0.0,0.0,0.105,0.0,0.0,0.105,0.311,0.0452,0.0452,0.2595
3.8000000000000043,-1.2635425694590139,-1.8380962238195566,0.0,0.0,0.0,0.0,0.105,0.0,0.0,0.105,0.311,0.0452,0.0452,0.2595
3.9000000000000044,-1.2957555334719015,-1.7745875886121638,0.0,0.0,0.0,0.0,0.105,0.0,0.0,0.105,0.311,0.0452,0.0452,0.2595
4.000000000000004,-1.3278883695181203,-1.7293994350575632,0.0,0.0,0.0,0.0,0.105,0.0,0.0,0.105,0.311,0.0452,0.0452,0.2595
4.100000000000004,-1.3182745790688568,-1.7372901506067275,0.0,0.0,0.0,0.0,0.105,0.0,0.0,0.105,0.311,0.0452,0.0452,0.2595
4.200000000000005,-1.2836352765806158,-1.7575068931151887,0.0,0.0,0.0,0.0,0.105,0.0,0.0,0.105,0.311,0.0452,0.0452,0.2595
4.300000000000004,-1.2510570706696929,-1.7758331290402656,0.0,0.0,0.0,0.0,0.105,0.0,0.0,0.105,0.311,0.0452,0.0452,0.2595
4.400000000000004,-1.2339856268064422,-1.7868462450990108,0.0,0.0,0.0,0.0,0.105,0.0,0.0,0.105,0.311,0.0452,0.0452,0.2595
4.500000000000004,-1.216494396574717,-1.7975857138274023,0.0,0.0,0.0,0.0,0.105,0.0,0.0,0.105,0.312606,0.045168999999999994,0.045168999999999994,0.26101
4.600000000000005,-1.216494396574717,-1.7975857138274023,0.0,0.0,0.0,0.0,0.105,0.0,0.0,0.105,0.312606,0.045168999999999994,0.045168999999999994,0.26101
4.700000000000005,-1.2734805135157654,-1.764290331625344,0.0,0.0,0.0,0.0,0.105,0.0,0.0,0.105,1.0333,0.0543,0.0543,0.9768
4.800000000000004,-1.3304666304568138,-1.7309949494232857,0.0,0.0,0.0,0.0,0.105,0.0,0.0,0.105,1.0333,0.0543,0.0543,0.9768
4.900000000000004,-1.3874527473978622,-1.6976995672212274,0.0,0.0,0.0,0.0,0.105,0.0,0.0,0.105,1.0333,0.0543,0.0543,0.9768
5.000000000000004,-1.4444388643389106,-1.664404185019169,0.0,0.0,0.0,0.0,0.105,0.0,0.0,0.105,1.0333,0.0543,0.0543,0.9768
5.100000000000005,-1.501424981279959,-1.6311088028171108,0.0,0.0,0.0,0.0,0.105,0.0,0.0,0.105,1.0333,0.0543,0.0543,0.9768
5.200000000000005,-1.5584110982210073,-1.5978134206150525,0.0,0.0,0.0,0.0,0.105,0.0,0.0,0.105,1.0333,0.0543,0.0543,0.9768
5.300000000000004,-1.6153972151620557,-1.5645180384129942,0.0,0.0,0.0,0.0,0.105,0.0,0.0,0.105,1.0333,0.0543,0.0543,0.9768
5.400000000000004,-1.672383332103104,-1.531222656210936,0.0,0.0,0.0,0.0,0.105,0.0,0.0,0.105,1.0333,0.0543,0.0543,0.9768
5.500000000000004,-1.7293694490441525,-1.4979272740088776,0.0,0.0,0.0,0.0,0.105,0.0,0.0,0.105,1.0333,0.0543,0.0543,0.9768
5.600000000000005,-1.7863555659852008,-1.4646318918068193,0.0,0.0,0.0,0.0,0.105,0.0,0.0,0.105,1.0333,0.0543,0.0543,0.9768
5.700000000000005,-1.8433416829262492,-1.431336509604761,0.0,0.0,0.0,0.0,0.105,0.0,0.0,0.105,1.0333,0.0543,0.0543,0.9768
5.800000000000004,-1.9003277998672976,-1.3980411274027027,0.0,0.0,0.0,0.0,0.105,0.0,0.0,0.105,1.0333,0.0543,0.0543,0.9768
5.900000000000004,-1.957313916808346,-1.3647457452006444,0.0,0.0,0.0,0.0,0.105,0.0,0.0,0.105,1.0333,0.0543,0.0543,0.9768
6.000000000000004,-2.0143000337493944,-1.331450362998586,0.0,0.0,0.0,0.0,0.105,0.0,0.0,0.105,1.0333,0.0543,0.0543,0.9768
6.100000000000005,-2.071286150690443,-1.2981549807965278,0.0,0.0,0.0,0.0,0.105,0.0,0.0,0.105,1.0333,0.0543,0.0543,0.9768
6.200000000000005,-2.128272267631491,-1.2648595985944695,0.0,0.0,0.0,0.0,0.105,0.0,0.0,0.105,1.0333,0.0543,0.0543,0.9768
6.300000000000004,-2.1852583845725393,-1.2315642163924112,0.0,0.0,0.0,0.0,0.105,0.0,0.0,0.105,1.0333,0.0543,0.0543,0.9768
6.400000000000005,-2.242244501513588,-1.198268834190353,0.0,0.0,0.0,0.0,0.105,0.0,0.0,0.105,1.0333,0.0543,0.0543,0.9768
6.500000000000004,-2.2992306184546365,-1.1649734519882946,0.0,0.0,0.0,0.0,0.105,0.0,0.0,0.105,1.0333,0.0543,0.0543,0.9768
6.600000000000004,-2.3562167353956847,-1.1316780697862363,0.0,0.0,0.0,0.0,0.105,0.0,0.0,0.105,1.0333,0.0543,0.0543,0.9768
6.700000000000005,-2.413202852336733,-1.098382687584178,0.0,0.0,0.0,0.0,0.105,0.0,0.0,0.105,1.0333,0.0543,0.0543,0.9768
6.800000000000004,-2.4701889692777814,-1.0650873053821197,0.0,0.0,0.0,0.0,0.105,0.0,0.0,0.105,1.0333,0.0543,0.0543,0.9768
6.900000000000005,-2.52717508621883,-1.0317919231800614,0.0,0.0,0.0,0.0,0.105,0.0,0.0,0.105,1.0333,0.0543,0.0543,0.9768
7.000000000000004,-2.584161203159878,-0.9984965409780031,0.0,0.0,0.0,0.0,0.105,0.0,0.0,0.105,1.0333,0.0543,0.0543,0.9768
7.100000000000005,-2.6411473201009263,-0.9652011587759448,0.0,0.0,0.0,0.0,0.105,0.0,0.0,0.105,1.0333,0.0543,0.0543,0.9768
7.200000000000005,-2.698133437041975,-0.9319057765738865,0.0,0.0,0.0,0.0,0.105,0.0,0.0,0.105,1.0333,0.0543,0.0543,0.9768
7.300000000000004,-2.7551195539830236,-0.8986103943718282,0.0,0.0,0.0,0.0,0.105,0.0,0.0,0.105,1.0333,0.0543,0.0543,0.9768
7.400000000000005,-2.8121056709240717,-0.8653150121697699,0.0,0.0,0.0,0.0,0.105,0.0,0.0,0.105,1.0333,0.0543,0.0543,0.9768
7.500000000000004,-2.86909178786512,-0.8320196299677116,0.0,0.0,0.0,0.0,0.105,0.0,0.0,0.105,1.0333,0.0543,0.0543,0.9768
7.600000000000005,-2.9260779048061685,-0.7987242477656533,0.0,0.0,0.0,0.0,0.105,0.0,0.0,0.105,1.0333,0.0543,0.0543,0.9768
7.700000000000005,-2.983064021747217,-0.765428865563595,0.0,0.0,0.0,0.0,0.105,0.0,0.0,0.105,1.0333,0.0543,0.0543,0.9768
7.800000000000004,-3.0400501386882652,-0.7321334833615367,0.0,0.0,0.0,0.0,0.105,0.0,0.0,0.105,1.0333,0.0543,0.0543,0.9768
7.900000000000005,-3.0970362556293134,-0.6988381011594784,0.0,0.0,0.0,0.0,0.105,0.0,0.0,0.105,1.0333,0.0543,0.0543,0.9768
8.000000000000004,-3.154022372570362,-0.6655427189574201,0.0,0.0,0.0,0.0,0.105,0.0,0.0,0.105,1.0333,0.0543,0.0543,0.9768
8.100000000000005,-3.2110084895114106,-0.6322473367553618,0.0,0.0,0.0,0.0,0.105,0.0,0.0,0.105,1.0333,0.0543,0.0543,0.9768
8.200000000000005,-3.2679946064524588,-0.5989519545533035,0.0,0.0,0.0,0.0,0.105,0.0,0.0,0.105,1.0333,0.0543,0.0543,0.9768
8.300000000000004,-3.324980723393507,-0.5656565723512452,0.0,0.0,0.0,0.0,0.105,0.0,0.0,0.105,1.0333,0.0543,0.0543,0.9768
8.400000000000006,-3.3819668403345555,-0.5323611901491869,0.0,0.0,0.0,0.0,0.105,0.0,0.0,0.105,1.0333,0.0543,0.0543,0.9768
8.500000000000004,-3.438952957275604,-0.4990658079471286,0.0,0.0,0.0,0.0,0.105,0.0,0.0,0.105,1.0333,0.0543,0.0543,0.9768
8.600000000000005,-3.4959390742166523,-0.4657704257450703,0.0,0.0,0.0,0.0,0.105,0.0,0.0,0.105,1.0333,0.0543,0.0543,0.9768
8.700000000000005,-3.5529251911577004,-0.432475043543012,0.0,0.0,0.0,0.0,0.105,0.0,0.0,0.105,1.0333,0.0543,0.0543,0.9768
8.800000000000004,-3.609911308098749,-0.39917966134095373,0.0,0.0,0.0,0.0,0.105,0.0,0.0,0.105,1.0333,0.0543,0.0543,0.9768
8.900000000000006,-3.6668974250397977,-0.36588427913889543,0.0,0.0,0.0,0.0,0.105,0.0,0.0,0.105,1.0333,0.0543,0.0543,0.9768
9.000000000000004,-3.723883541980846,-0.33258889693683713,0.0,0.0,0.0,0.0,0.105,0.0,0.0,0.105,1.0333,0.0543,0.0543,0.9768
0.0,0.0,0.0,0.0,0.0,0.0,0.0,0.0,0.0,0.0,0.0,0.0,0.0,0.0,0.0
2.6000000000000014,-0.11863006984689688,-2.468830960472908,0.0,0.0,0.0,0.0,0.105,0.0,0.0,0.105,0.311,0.0452,0.0452,0.2595
2.7000000000000015,-0.11467649283586336,-2.549503058793102,0.0,0.0,0.0,0.0,0.105,0.0,0.0,0.105,0.311,0.0452,0.0452,0.2595
2.8000000000000016,-0.13239703516923784,-2.6126797625374096,0.0,0.0,0.0,0.0,0.105,0.0,0.0,0.105,0.311,0.0452,0.0452,0.2595
2.9000000000000012,-0.20381487425647007,-2.6786286785498516,0.0,0.0,0.0,0.0,0.105,0.0,0.0,0.105,0.311,0.0452,0.0452,0.2595
3.0000000000000013,-0.30390858633819534,-2.6824360668761527,0.0,0.0,0.0,0.0,0.105,0.0,0.0,0.105,0.311,0.0452,0.0452,0.2595
3.1000000000000014,-0.38440891046777154,-2.6375071810420305,0.0,0.0,0.0,0.0,0.105,0.0,0.0,0.105,0.311,0.0452,0.0452,0.2595
3.2000000000000015,-0.3781242311092107,-2.6435154778941587,0.0,0.0,0.0,0.0,0.105,0.0,0.0,0.105,0.311,0.0452,0.0452,0.2595
3.3000000000000016,-0.42566305859514825,-2.6086474994195967,0.0,0.0,0.0,0.0,0.105,0.0,0.0,0.105,0.311,0.0452,0.0452,0.2595
3.4000000000000012,-0.47030895878960044,-2.5864277508694493,0.0,0.0,0.0,0.0,0.105,0.0,0.0,0.105,0.311,0.0452,0.0452,0.2595
3.5000000000000013,-0.5617250973790691,-2.547244959964687,0.0,0.0,0.0,0.0,0.105,0.0,0.0,0.105,0.311,0.0452,0.0452,0.2595
3.6000000000000014,-0.7378830614456987,-2.5061078786787316,0.0,0.0,0.0,0.0,0.105,0.0,0.0,0.105,0.311,0.0452,0.0452,0.2595
3.7000000000000015,-0.9370007728309281,-2.4576195041752356,0.0,0.0,0.0,0.0,0.105,0.0,0.0,0.105,0.311,0.0452,0.0452,0.2595
3.8000000000000016,-1.077935087903106,-2.356111689846023,0.0,0.0,0.0,0.0,0.105,0.0,0.0,0.105,0.311,0.0452,0.0452,0.2595
3.9000000000000012,-1.1619642287382084,-2.218623086786087,0.0,0.0,0.0,0.0,0.105,0.0,0.0,0.105,0.311,0.0452,0.0452,0.2595
4.000000000000002,-1.2087414635148819,-2.0330456649395807,0.0,0.0,0.0,0.0,0.105,0.0,0.0,0.105,0.311,0.0452,0.0452,0.2595
4.100000000000001,-1.2635425912810216,-1.8380962186368799,0.0,0.0,0.0,0.0,0.105,0.0,0.0,0.105,0.311,0.0452,0.0452,0.2595
4.200000000000001,-1.2957555576449504,-1.7745875770173452,0.0,0.0,0.0,0.0,0.105,0.0,0.0,0.105,0.311,0.0452,0.0452,0.2595
4.300000000000002,-1.327888395114353,-1.7293994188049377,0.0,0.0,0.0,0.0,0.105,0.0,0.0,0.105,0.311,0.0452,0.0452,0.2595
4.400000000000001,-1.3182746012828102,-1.7372901376129672,0.0,0.0,0.0,0.0,0.105,0.0,0.0,0.105,0.311,0.0452,0.0452,0.2595
4.500000000000002,-1.2836352893956384,-1.7575068852329856,0.0,0.0,0.0,0.0,0.105,0.0,0.0,0.105,0.311,0.0452,0.0452,0.2595
4.600000000000001,-1.2510570766400049,-1.7758331249346857,0.0,0.0,0.0,0.0,0.105,0.0,0.0,0.105,0.311,0.0452,0.0452,0.2595
4.700000000000001,-1.2339856303500356,-1.7868462427415577,0.0,0.0,0.0,0.0,0.105,0.0,0.0,0.105,0.311,0.0452,0.0452,0.2595
4.800000000000002,-1.216494396574717,-1.7975857138274023,0.0,0.0,0.0,0.0,0.105,0.0,0.0,0.105,0.312606,0.045168999999999994,0.045168999999999994,0.26101
4.900000000000002,-1.216494396574717,-1.7975857138274023,0.0,0.0,0.0,0.0,0.105,0.0,0.0,0.105,0.312606,0.045168999999999994,0.045168999999999994,0.26101
5.000000000000002,-1.2734805135157654,-1.764290331625344,0.0,0.0,0.0,0.0,0.105,0.0,0.0,0.105,1.0333,0.0543,0.0543,0.9768
5.100000000000001,-1.3304666304568138,-1.7309949494232857,0.0,0.0,0.0,0.0,0.105,0.0,0.0,0.105,1.0333,0.0543,0.0543,0.9768
5.200000000000001,-1.3874527473978622,-1.6976995672212274,0.0,0.0,0.0,0.0,0.105,0.0,0.0,0.105,1.0333,0.0543,0.0543,0.9768
5.300000000000002,-1.4444388643389106,-1.664404185019169,0.0,0.0,0.0,0.0,0.105,0.0,0.0,0.105,1.0333,0.0543,0.0543,0.9768
5.400000000000002,-1.501424981279959,-1.6311088028171108,0.0,0.0,0.0,0.0,0.105,0.0,0.0,0.105,1.0333,0.0543,0.0543,0.9768
5.500000000000002,-1.5584110982210073,-1.5978134206150525,0.0,0.0,0.0,0.0,0.105,0.0,0.0,0.105,1.0333,0.0543,0.0543,0.9768
5.600000000000001,-1.6153972151620557,-1.5645180384129942,0.0,0.0,0.0,0.0,0.105,0.0,0.0,0.105,1.0333,0.0543,0.0543,0.9768
5.700000000000001,-1.672383332103104,-1.531222656210936,0.0,0.0,0.0,0.0,0.105,0.0,0.0,0.105,1.0333,0.0543,0.0543,0.9768
5.800000000000002,-1.7293694490441525,-1.4979272740088776,0.0,0.0,0.0,0.0,0.105,0.0,0.0,0.105,1.0333,0.0543,0.0543,0.9768
5.900000000000002,-1.7863555659852008,-1.4646318918068193,0.0,0.0,0.0,0.0,0.105,0.0,0.0,0.105,1.0333,0.0543,0.0543,0.9768
6.000000000000002,-1.8433416829262492,-1.431336509604761,0.0,0.0,0.0,0.0,0.105,0.0,0.0,0.105,1.0333,0.0543,0.0543,0.9768
6.100000000000001,-1.9003277998672976,-1.3980411274027027,0.0,0.0,0.0,0.0,0.105,0.0,0.0,0.105,1.0333,0.0543,0.0543,0.9768
6.200000000000001,-1.957313916808346,-1.3647457452006444,0.0,0.0,0.0,0.0,0.105,0.0,0.0,0.105,1.0333,0.0543,0.0543,0.9768
6.300000000000002,-2.0143000337493944,-1.331450362998586,0.0,0.0,0.0,0.0,0.105,0.0,0.0,0.105,1.0333,0.0543,0.0543,0.9768
6.400000000000002,-2.071286150690443,-1.2981549807965278,0.0,0.0,0.0,0.0,0.105,0.0,0.0,0.105,1.0333,0.0543,0.0543,0.9768
6.500000000000002,-2.128272267631491,-1.2648595985944695,0.0,0.0,0.0,0.0,0.105,0.0,0.0,0.105,1.0333,0.0543,0.0543,0.9768
6.600000000000001,-2.1852583845725393,-1.2315642163924112,0.0,0.0,0.0,0.0,0.105,0.0,0.0,0.105,1.0333,0.0543,0.0543,0.9768
6.700000000000002,-2.242244501513588,-1.198268834190353,0.0,0.0,0.0,0.0,0.105,0.0,0.0,0.105,1.0333,0.0543,0.0543,0.9768
6.800000000000002,-2.2992306184546365,-1.1649734519882946,0.0,0.0,0.0,0.0,0.105,0.0,0.0,0.105,1.0333,0.0543,0.0543,0.9768
6.900000000000001,-2.3562167353956847,-1.1316780697862363,0.0,0.0,0.0,0.0,0.105,0.0,0.0,0.105,1.0333,0.0543,0.0543,0.9768
7.000000000000002,-2.413202852336733,-1.098382687584178,0.0,0.0,0.0,0.0,0.105,0.0,0.0,0.105,1.0333,0.0543,0.0543,0.9768
7.100000000000001,-2.4701889692777814,-1.0650873053821197,0.0,0.0,0.0,0.0,0.105,0.0,0.0,0.105,1.0333,0.0543,0.0543,0.9768
7.200000000000002,-2.52717508621883,-1.0317919231800614,0.0,0.0,0.0,0.0,0.105,0.0,0.0,0.105,1.0333,0.0543,0.0543,0.9768
7.300000000000002,-2.584161203159878,-0.9984965409780031,0.0,0.0,0.0,0.0,0.105,0.0,0.0,0.105,1.0333,0.0543,0.0543,0.9768
7.400000000000002,-2.6411473201009263,-0.9652011587759448,0.0,0.0,0.0,0.0,0.105,0.0,0.0,0.105,1.0333,0.0543,0.0543,0.9768
7.500000000000002,-2.698133437041975,-0.9319057765738865,0.0,0.0,0.0,0.0,0.105,0.0,0.0,0.105,1.0333,0.0543,0.0543,0.9768
7.600000000000001,-2.7551195539830236,-0.8986103943718282,0.0,0.0,0.0,0.0,0.105,0.0,0.0,0.105,1.0333,0.0543,0.0543,0.9768
7.700000000000002,-2.8121056709240717,-0.8653150121697699,0.0,0.0,0.0,0.0,0.105,0.0,0.0,0.105,1.0333,0.0543,0.0543,0.9768
7.800000000000002,-2.86909178786512,-0.8320196299677116,0.0,0.0,0.0,0.0,0.105,0.0,0.0,0.105,1.0333,0.0543,0.0543,0.9768
7.900000000000002,-2.9260779048061685,-0.7987242477656533,0.0,0.0,0.0,0.0,0.105,0.0,0.0,0.105,1.0333,0.0543,0.0543,0.9768
8.000000000000002,-2.983064021747217,-0.765428865563595,0.0,0.0,0.0,0.0,0.105,0.0,0.0,0.105,1.0333,0.0543,0.0543,0.9768
8.100000000000001,-3.0400501386882652,-0.7321334833615367,0.0,0.0,0.0,0.0,0.105,0.0,0.0,0.105,1.0333,0.0543,0.0543,0.9768
8.200000000000003,-3.0970362556293134,-0.6988381011594784,0.0,0.0,0.0,0.0,0.105,0.0,0.0,0.105,1.0333,0.0543,0.0543,0.9768
8.3,-3.154022372570362,-0.6655427189574201,0.0,0.0,0.0,0.0,0.105,0.0,0.0,0.105,1.0333,0.0543,0.0543,0.9768
8.400000000000002,-3.2110084895114106,-0.6322473367553618,0.0,0.0,0.0,0.0,0.105,0.0,0.0,0.105,1.0333,0.0543,0.0543,0.9768
8.500000000000002,-3.2679946064524588,-0.5989519545533035,0.0,0.0,0.0,0.0,0.105,0.0,0.0,0.105,1.0333,0.0543,0.0543,0.9768
8.600000000000001,-3.324980723393507,-0.5656565723512452,0.0,0.0,0.0,0.0,0.105,0.0,0.0,0.105,1.0333,0.0543,0.0543,0.9768
8.700000000000003,-3.3819668403345555,-0.5323611901491869,0.0,0.0,0.0,0.0,0.105,0.0,0.0,0.105,1.0333,0.0543,0.0543,0.9768
8.8,-3.438952957275604,-0.4990658079471286,0.0,0.0,0.0,0.0,0.105,0.0,0.0,0.105,1.0333,0.0543,0.0543,0.9768
8.900000000000002,-3.4959390742166523,-0.4657704257450703,0.0,0.0,0.0,0.0,0.105,0.0,0.0,0.105,1.0333,0.0543,0.0543,0.9768
9.000000000000002,-3.5529251911577004,-0.432475043543012,0.0,0.0,0.0,0.0,0.105,0.0,0.0,0.105,1.0333,0.0543,0.0543,0.9768
9.100000000000001,-3.609911308098749,-0.39917966134095373,0.0,0.0,0.0,0.0,0.105,0.0,0.0,0.105,1.0333,0.0543,0.0543,0.9768
9.200000000000003,-3.6668974250397977,-0.36588427913889543,0.0,0.0,0.0,0.0,0.105,0.0,0.0,0.105,1.0333,0.0543,0.0543,0.9768
9.3,-3.723883541980846,-0.33258889693683713,0.0,0.0,0.0,0.0,0.105,0.0,0.0,0.105,1.0333,0.0543,0.0543,0.9768
0.0,0.0,0.0,0.0,0.0,0.0,0.0,0.0,0.0,0.0,0.0,0.0,0.0,0.0,0.0
