"[49.243, -0.049999628216028214, 3.725290298461914e-07, 0.0, 0.0, -24.0, -24.0, 0.0, 0.0, -24.0, -24.0, 0.0, 0.0, 0.0, 0.0, 0.0, 0.0, 0.0, 0.0, 0.0, 0.0]"
"[49.343, -0.015540704362706492, 0.03288764108549458, 0.0, 0.0, -23.010000000000005, -23.010000000000005, 0.0, 0.0, -23.010000000000005, -23.010000000000005, 0.0, 0.0, 0.0, 0.0, 0.0, 0.0, 0.0, 0.0, 0.0, 0.0]"
"[49.443000000000005, 0.002203741702487605, 0.05049780980493779, 0.0, 0.0, -22.04, -22.04, 0.0, 0.0, -22.04, -22.04, 0.0, 0.0, 0.0, 0.0, 0.0, 0.0, 0.0, 0.0, 0.0, 0.0]"
"[49.543, 0.01995581716232664, 0.06810034912973606, 0.0, 0.0, -21.090000000000003, -21.090000000000003, 0.0, 0.0, -21.090000000000003, -21.090000000000003, 0.0, 0.0, 0.0, 0.0, 0.0, 0.0, 0.0, 0.0, 0.0, 0.0]"
"[49.643, 0.03771399613788162, 0.08569678493881838, 0.0, 0.0, -20.159999999999997, -20.159999999999997, 0.0, 0.0, -20.159999999999997, -20.159999999999997, 0.0, 0.0, 0.0, 0.0, 0.0, 0.0, 0.0, 0.0, 0.0, 0.0]"
"[49.743, 0.05545996808200471, 0.1033054277793326, 0.0, 0.0, -19.25, -19.25, 0.0, 0.0, -19.25, -19.25, 0.0, 0.0, 0.0, 0.0, 0.0, 0.0, 0.0, 0.0, 0.0, 0.0]"
"[49.843, 0.07321204354184374, 0.12090949298305986, 0.0, 0.0, -18.360000000000003, -18.360000000000003, 0.0, 0.0, -18.360000000000003, -18.360000000000003, 0.0, 0.0, 0.0, 0.0, 0.0, 0.0, 0.0, 0.0, 0.0, 0.0]"
"[49.943000000000005, 0.09096869663846974, 0.13850745467107117, 0.0, 0.0, -17.49, -17.49, 0.0, 0.0, -17.49, -17.49, 0.0, 0.0, 0.0, 0.0, 0.0, 0.0, 0.0, 0.0, 0.0, 0.0]"
"[50.043, 0.10871619446152181, 0.1561160975115854, 0.0, 0.0, -16.64, -16.64, 0.0, 0.0, -16.64, -16.64, 0.0, 0.0, 0.0, 0.0, 0.0, 0.0, 0.0, 0.0, 0.0, 0.0]"
"[50.143, 0.12646674404243186, 0.17371863683638367, 0.0, 0.0, -15.809999999999999, -15.809999999999999, 0.0, 0.0, -15.809999999999999, -15.809999999999999, 0.0, 0.0, 0.0, 0.0, 0.0, 0.0, 0.0, 0.0, 0.0, 0.0]"
"[50.243, 0.14422339713905785, 0.19131812440332396, 0.0, 0.0, -15.0, -15.0, 0.0, 0.0, -15.0, -15.0, 0.0, 0.0, 0.0, 0.0, 0.0, 0.0, 0.0, 0.0, 0.0, 0.0]"
"[50.343, 0.1619724208410389, 0.2089252413649092, 0.0, 0.0, -14.209999999999999, -14.209999999999999, 0.0, 0.0, -14.209999999999999, -14.209999999999999, 0.0, 0.0, 0.0, 0.0, 0.0, 0.0, 0.0, 0.0, 0.0, 0.0]"
"[50.443000000000005, 0.17972449630087795, 0.22652778068970747, 0.0, 0.0, -13.44, -13.44, 0.0, 0.0, -13.44, -13.44, 0.0, 0.0, 0.0, 0.0, 0.0, 0.0, 0.0, 0.0, 0.0, 0.0]"
"[50.543, 0.19748114939750394, 0.24412574237771878, 0.0, 0.0, -12.690000000000001, -12.690000000000001, 0.0, 0.0, -12.690000000000001, -12.690000000000001, 0.0, 0.0, 0.0, 0.0, 0.0, 0.0, 0.0, 0.0, 0.0, 0.0]"
"[50.643, 0.215230173099485, 0.261731333460375, 0.0, 0.0, -11.959999999999997, -11.959999999999997, 0.0, 0.0, -11.959999999999997, -11.959999999999997, 0.0, 0.0, 0.0, 0.0, 0.0, 0.0, 0.0, 0.0, 0.0, 0.0]"
"[50.743, 0.23298377443825302, 0.2793323469062443, 0.0, 0.0, -11.25, -11.25, 0.0, 0.0, -11.25, -11.25, 0.0, 0.0, 0.0, 0.0, 0.0, 0.0, 0.0, 0.0, 0.0, 0.0]"
"[50.843, 0.2509098000959966, 0.29675941015420904, 0.0, 0.0, -10.559999999999999, -10.559999999999999, 0.0, 0.0, -10.559999999999999, -10.559999999999999, 0.0, 0.0, 0.0, 0.0, 0.0, 0.0, 0.0, 0.0, 0.0, 0.0]"
"[50.943000000000005, 0.2686572979190487, 0.31436652711579427, 0.0, 0.0, -9.889999999999999, -9.889999999999999, 0.0, 0.0, -9.889999999999999, -9.889999999999999, 0.0, 0.0, 0.0, 0.0, 0.0, 0.0, 0.0, 0.0, 0.0, 0.0]"
"[51.043, 0.28641547689460367, 0.3319629629248766, 0.0, 0.0, -9.240000000000002, -9.240000000000002, 0.0, 0.0, -9.240000000000002, -9.240000000000002, 0.0, 0.0, 0.0, 0.0, 0.0, 0.0, 0.0, 0.0, 0.0, 0.0]"
"[51.143, 0.3042911485476907, 0.3494403801774979, 0.0, 0.0, -8.609999999999998, -8.609999999999998, 0.0, 0.0, -8.609999999999998, -8.609999999999998, 0.0, 0.0, 0.0, 0.0, 0.0, 0.0, 0.0, 0.0, 0.0, 0.0]"
"[51.243, 0.3220432240075297, 0.36704291950229617, 0.0, 0.0, -8.0, -8.0, 0.0, 0.0, -8.0, -8.0, 0.0, 0.0, 0.0, 0.0, 0.0, 0.0, 0.0, 0.0, 0.0, 0.0]"
"[51.343, 0.3398105582566586, 0.38463020003780457, 0.0, 0.0, -7.41, -7.41, 0.0, 0.0, -7.41, -7.41, 0.0, 0.0, 0.0, 0.0, 0.0, 0.0, 0.0, 0.0, 0.0, 0.0]"
"[51.443000000000005, 0.35756568547435563, 0.40222968760474487, 0.0, 0.0, -6.839999999999999, -6.839999999999999, 0.0, 0.0, -6.839999999999999, -6.839999999999999, 0.0, 0.0, 0.0, 0.0, 0.0, 0.0, 0.0, 0.0, 0.0, 0.0]"
"[51.543, 0.3753375973602715, 0.4198139163823953, 0.0, 0.0, -6.289999999999998, -6.289999999999998, 0.0, 0.0, -6.289999999999998, -6.289999999999998, 0.0, 0.0, 0.0, 0.0, 0.0, 0.0, 0.0, 0.0, 0.0, 0.0]"
"[51.643, 0.39312171627761927, 0.43738441224968483, 0.0, 0.0, -5.759999999999998, -5.759999999999998, 0.0, 0.0, -5.759999999999998, -5.759999999999998, 0.0, 0.0, 0.0, 0.0, 0.0, 0.0, 0.0, 0.0, 0.0, 0.0]"
"[51.743, 0.4108997316792511, 0.4549610116326903, 0.0, 0.0, -5.25, -5.25, 0.0, 0.0, -5.25, -5.25, 0.0, 0.0, 0.0, 0.0, 0.0, 0.0, 0.0, 0.0, 0.0, 0.0]"
"[51.843, 0.4286899541123148, 0.4725254039842639, 0.0, 0.0, -4.76, -4.76, 0.0, 0.0, -4.76, -4.76, 0.0, 0.0, 0.0, 0.0, 0.0, 0.0, 0.0, 0.0, 0.0, 0.0]"
"[51.943000000000005, 0.44649085769788144, 0.4900775893044056, 0.0, 0.0, -4.289999999999999, -4.289999999999999, 0.0, 0.0, -4.289999999999999, -4.289999999999999, 0.0, 0.0, 0.0, 0.0, 0.0, 0.0, 0.0, 0.0, 0.0, 0.0]"
"[52.043, 0.4642887095255901, 0.5076358781402632, 0.0, 0.0, -3.839999999999999, -3.839999999999999, 0.0, 0.0, -3.839999999999999, -3.839999999999999, 0.0, 0.0, 0.0, 0.0, 0.0, 0.0, 0.0, 0.0, 0.0, 0.0]"
"[52.143, 0.4820957166268727, 0.525181959944689, 0.0, 0.0, -3.4099999999999984, -3.4099999999999984, 0.0, 0.0, -3.4099999999999984, -3.4099999999999984, 0.0, 0.0, 0.0, 0.0, 0.0, 0.0, 0.0, 0.0, 0.0, 0.0]"
"[52.243, 0.5000156387689003, 0.5426151267083696, 0.0, 0.0, -3.0, -3.0, 0.0, 0.0, -3.0, -3.0, 0.0, 0.0, 0.0, 0.0, 0.0, 0.0, 0.0, 0.0, 0.0, 0.0]"
"[52.343, 0.5178318011437568, 0.5601535791181504, 0.0, 0.0, -2.61, -2.61, 0.0, 0.0, -2.61, -2.61, 0.0, 0.0, 0.0, 0.0, 0.0, 0.0, 0.0, 0.0, 0.0, 0.0]"
"[52.443000000000005, 0.5356555929132583, 0.5776828762543573, 0.0, 0.0, -2.2399999999999993, -2.2399999999999993, 0.0, 0.0, -2.2399999999999993, -2.2399999999999993, 0.0, 0.0, 0.0, 0.0, 0.0, 0.0, 0.0, 0.0, 0.0, 0.0]"
"[52.543, 0.5535739891763569, 0.595117568896967, 0.0, 0.0, -1.8899999999999992, -1.8899999999999992, 0.0, 0.0, -1.8899999999999992, -1.8899999999999992, 0.0, 0.0, 0.0, 0.0, 0.0, 0.0, 0.0, 0.0, 0.0, 0.0]"
"[52.643, 0.5714054103405033, 0.6126407625174579, 0.0, 0.0, -1.5599999999999987, -1.5599999999999987, 0.0, 0.0, -1.5599999999999987, -1.5599999999999987, 0.0, 0.0, 0.0, 0.0, 0.0, 0.0, 0.0, 0.0, 0.0, 0.0]"
"[52.743, 0.5892444608992946, 0.6301548008643749, 0.0, 0.0, -1.25, -1.25, 0.0, 0.0, -1.25, -1.25, 0.0, 0.0, 0.0, 0.0, 0.0, 0.0, 0.0, 0.0, 0.0, 0.0]"
"[52.843, 0.6071598054045353, 0.6475894935069846, 0.0, 0.0, -0.9599999999999997, -0.9599999999999997, 0.0, 0.0, -0.9599999999999997, -0.9599999999999997, 0.0, 0.0, 0.0, 0.0, 0.0, 0.0, 0.0, 0.0, 0.0, 0.0]"
"[52.943000000000005, 0.6250064853579715, 0.6650974283381856, 0.0, 0.0, -0.6899999999999995, -0.6899999999999995, 0.0, 0.0, -0.6899999999999995, -0.6899999999999995, 0.0, 0.0, 0.0, 0.0, 0.0, 0.0, 0.0, 0.0, 0.0, 0.0]"
"[53.043, 0.6428562170692658, 0.6826023114115287, 0.0, 0.0, -0.4399999999999993, -0.4399999999999993, 0.0, 0.0, -0.4399999999999993, -0.4399999999999993, 0.0, 0.0, 0.0, 0.0, 0.0, 0.0, 0.0, 0.0, 0.0, 0.0]"
"[53.143, 0.66070594878056, 0.7001041427270138, 0.0, 0.0, -0.2099999999999993, -0.2099999999999993, 0.0, 0.0, -0.2099999999999993, -0.2099999999999993, 0.0, 0.0, 0.0, 0.0, 0.0, 0.0, 0.0, 0.0, 0.0, 0.0]"
"[53.243, 0.6785617840075702, 0.717602922284641, 0.0, 0.0, 0.0, 0.0, 0.0, 0.0, 0.0, 0.0, 0.0, 0.0, 0.0, 0.0, 0.0, 0.0, 0.0, 0.0, 0.0, 0.0]"
"[53.343, 0.6964206709924383, 0.7350955983265521, 0.0, 0.0, 0.19000000000000095, 0.19000000000000095, 0.0, 0.0, 0.19000000000000095, 0.19000000000000095, 0.0, 0.0, 0.0, 0.0, 0.0, 0.0, 0.0, 0.0, 0.0, 0.0]"
"[53.443000000000005, 0.7142826097351644, 0.7525913261263213, 0.0, 0.0, 0.3600000000000003, 0.3600000000000003, 0.0, 0.0, 0.3600000000000003, 0.3600000000000003, 0.0, 0.0, 0.0, 0.0, 0.0, 0.0, 0.0, 0.0, 0.0, 0.0]"
"[53.543, 0.7321476002357485, 0.7700809504103745, 0.0, 0.0, 0.5099999999999998, 0.5099999999999998, 0.0, 0.0, 0.5099999999999998, 0.5099999999999998, 0.0, 0.0, 0.0, 0.0, 0.0, 0.0, 0.0, 0.0, 0.0, 0.0]"
"[53.643, 0.75009193644064, 0.7874851254744044, 0.0, 0.0, 0.6400000000000003, 0.6400000000000003, 0.0, 0.0, 0.6400000000000003, 0.6400000000000003, 0.0, 0.0, 0.0, 0.0, 0.0, 0.0, 0.0, 0.0, 0.0, 0.0]"
"[53.743, 0.7679599786990821, 0.8049686462427417, 0.0, 0.0, 0.75, 0.75, 0.0, 0.0, 0.75, 0.75, 0.0, 0.0, 0.0, 0.0, 0.0, 0.0, 0.0, 0.0, 0.0, 0.0]"
"[53.843, 0.7858341244732401, 0.822449115253221, 0.0, 0.0, 0.8400000000000004, 0.8400000000000004, 0.0, 0.0, 0.8400000000000004, 0.8400000000000004, 0.0, 0.0, 0.0, 0.0, 0.0, 0.0, 0.0, 0.0, 0.0, 0.0]"
"[53.943000000000005, 0.8037784606781315, 0.8398563420751088, 0.0, 0.0, 0.9100000000000001, 0.9100000000000001, 0.0, 0.0, 0.9100000000000001, 0.9100000000000001, 0.0, 0.0, 0.0, 0.0, 0.0, 0.0, 0.0, 0.0, 0.0, 0.0]"
"[54.043000000000006, 0.8216556582101475, 0.8573307075698722, 0.0, 0.0, 0.9600000000000003, 0.9600000000000003, 0.0, 0.0, 0.9600000000000003, 0.9600000000000003, 0.0, 0.0, 0.0, 0.0, 0.0, 0.0, 0.0, 0.0, 0.0, 0.0]"
"[54.143, 0.8395389592578795, 0.8748020213067775, 0.0, 0.0, 0.9900000000000001, 0.9900000000000001, 0.0, 0.0, 0.9900000000000001, 0.9900000000000001, 0.0, 0.0, 0.0, 0.0, 0.0, 0.0, 0.0, 0.0, 0.0, 0.0]"
"[54.243, 0.8574802437049129, 0.8922122998865234, 0.0, 0.0, 1.0, 1.0, 0.0, 0.0, 1.0, 1.0, 0.0, 0.0, 0.0, 0.0, 0.0, 0.0, 0.0, 0.0, 0.0, 0.0]"
"[54.343, 0.8753665965105029, 0.9096775101077128, 0.0, 0.0, 0.9899999999999999, 0.9899999999999999, 0.0, 0.0, 0.9899999999999999, 0.9899999999999999, 0.0, 0.0, 0.0, 0.0, 0.0, 0.0, 0.0, 0.0, 0.0, 0.0]"
"[54.443000000000005, 0.8932560010739508, 0.9271427203289022, 0.0, 0.0, 0.96, 0.96, 0.0, 0.0, 0.96, 0.96, 0.0, 0.0, 0.0, 0.0, 0.0, 0.0, 0.0, 0.0, 0.0, 0.0]"
"[54.543000000000006, 0.9111942337631262, 0.9445529989086481, 0.0, 0.0, 0.9099999999999996, 0.9099999999999996, 0.0, 0.0, 0.9099999999999996, 0.9099999999999996, 0.0, 0.0, 0.0, 0.0, 0.0, 0.0, 0.0, 0.0, 0.0, 0.0]"
"[54.643, 0.9290897418422901, 0.9620121056141215, 0.0, 0.0, 0.8399999999999997, 0.8399999999999997, 0.0, 0.0, 0.8399999999999997, 0.8399999999999997, 0.0, 0.0, 0.0, 0.0, 0.0, 0.0, 0.0, 0.0, 0.0, 0.0]"
"[54.743, 0.9469883016793119, 0.979468160561737, 0.0, 0.0, 0.75, 0.75, 0.0, 0.0, 0.75, 0.75, 0.0, 0.0, 0.0, 0.0, 0.0, 0.0, 0.0, 0.0, 0.0, 0.0]"
"[54.843, 0.9649265343684874, 0.9968784391414829, 0.0, 0.0, 0.6399999999999993, 0.6399999999999993, 0.0, 0.0, 0.6399999999999993, 0.6399999999999993, 0.0, 0.0, 0.0, 0.0, 0.0, 0.0, 0.0, 0.0, 0.0, 0.0]"
"[54.943000000000005, 0.9828281459633672, 1.0143314423312404, 0.0, 0.0, 0.5099999999999998, 0.5099999999999998, 0.0, 0.0, 0.5099999999999998, 0.5099999999999998, 0.0, 0.0, 0.0, 0.0, 0.0, 0.0, 0.0, 0.0, 0.0, 0.0]"
"[55.043000000000006, 1.0007938444732645, 1.0317142550902645, 0.0, 0.0, 0.3599999999999989, 0.3599999999999989, 0.0, 0.0, 0.3599999999999989, 0.3599999999999989, 0.0, 0.0, 0.0, 0.0, 0.0, 0.0, 0.0, 0.0, 0.0, 0.0]"
"[55.143, 1.018735128920298, 1.0491245336700104, 0.0, 0.0, 0.1899999999999994, 0.1899999999999994, 0.0, 0.0, 0.1899999999999994, 0.1899999999999994, 0.0, 0.0, 0.0, 0.0, 0.0, 0.0, 0.0, 0.0, 0.0, 0.0]"
"[55.243, 1.0366458957887517, 1.066568381586194, 0.0, 0.0, 0.0, 0.0, 0.0, 0.0, 0.0, 0.0, 0.0, 0.0, 0.0, 0.0, 0.0, 0.0, 0.0, 0.0, 0.0, 0.0]"
"[55.343, 1.054611594298649, 1.083951194345218, 0.0, 0.0, -0.21000000000000107, -0.21000000000000107, 0.0, 0.0, -0.21000000000000107, -0.21000000000000107, 0.0, 0.0, 0.0, 0.0, 0.0, 0.0, 0.0, 0.0, 0.0, 0.0]"
"[55.443000000000005, 1.0725254129249606, 1.1013889387456857, 0.0, 0.0, -0.4400000000000004, -0.4400000000000004, 0.0, 0.0, -0.4400000000000004, -0.4400000000000004, 0.0, 0.0, 0.0, 0.0, 0.0, 0.0, 0.0, 0.0, 0.0, 0.0]"
"[55.543000000000006, 1.0904422833091303, 1.1188236313882953, 0.0, 0.0, -0.690000000000002, -0.690000000000002, 0.0, 0.0, -0.690000000000002, -0.690000000000002, 0.0, 0.0, 0.0, 0.0, 0.0, 0.0, 0.0, 0.0, 0.0, 0.0]"
"[55.643, 1.1084079818190276, 1.1362094959051774, 0.0, 0.0, -0.9600000000000011, -0.9600000000000011, 0.0, 0.0, -0.9600000000000011, -0.9600000000000011, 0.0, 0.0, 0.0, 0.0, 0.0, 0.0, 0.0, 0.0, 0.0, 0.0]"
"[55.743, 1.1263279039610552, 1.153641136789929, 0.0, 0.0, -1.25, -1.25, 0.0, 0.0, -1.25, -1.25, 0.0, 0.0, 0.0, 0.0, 0.0, 0.0, 0.0, 0.0, 0.0, 0.0]"
"[55.843, 1.1442508778609408, 1.1710697259168228, 0.0, 0.0, -1.5600000000000018, -1.5600000000000018, 0.0, 0.0, -1.5600000000000018, -1.5600000000000018, 0.0, 0.0, 0.0, 0.0, 0.0, 0.0, 0.0, 0.0, 0.0, 0.0]"
"[55.943000000000005, 1.162216576370838, 1.1884555904337049, 0.0, 0.0, -1.8900000000000006, -1.8900000000000006, 0.0, 0.0, -1.8900000000000006, -1.8900000000000006, 0.0, 0.0, 0.0, 0.0, 0.0, 0.0, 0.0, 0.0, 0.0, 0.0]"
"[56.043000000000006, 1.1801456537864397, 1.2058780760448826, 0.0, 0.0, -2.2400000000000024, -2.2400000000000024, 0.0, 0.0, -2.2400000000000024, -2.2400000000000024, 0.0, 0.0, 0.0, 0.0, 0.0, 0.0, 0.0, 0.0, 0.0, 0.0]"
"[56.143, 1.1980747312020412, 1.2233005616560604, 0.0, 0.0, -2.610000000000001, -2.610000000000001, 0.0, 0.0, -2.610000000000001, -2.610000000000001, 0.0, 0.0, 0.0, 0.0, 0.0, 0.0, 0.0, 0.0, 0.0, 0.0]"
"[56.243, 1.2160404297119385, 1.2406833744150845, 0.0, 0.0, -3.0, -3.0, 0.0, 0.0, -3.0, -3.0, 0.0, 0.0, 0.0, 0.0, 0.0, 0.0, 0.0, 0.0, 0.0, 0.0]"
"[56.343, 1.233975610643256, 1.2581028082684043, 0.0, 0.0, -3.410000000000002, -3.410000000000002, 0.0, 0.0, -3.410000000000002, -3.410000000000002, 0.0, 0.0, 0.0, 0.0, 0.0, 0.0, 0.0, 0.0, 0.0, 0.0]"
"[56.443000000000005, 1.251965723216017, 1.2754612069645646, 0.0, 0.0, -3.8400000000000007, -3.8400000000000007, 0.0, 0.0, -3.8400000000000007, -3.8400000000000007, 0.0, 0.0, 0.0, 0.0, 0.0, 0.0, 0.0, 0.0, 0.0, 0.0]"
"[56.543000000000006, 1.2699344734837723, 1.2928440197235886, 0.0, 0.0, -4.290000000000004, -4.290000000000004, 0.0, 0.0, -4.290000000000004, -4.290000000000004, 0.0, 0.0, 0.0, 0.0, 0.0, 0.0, 0.0, 0.0, 0.0, 0.0]"
"[56.643, 1.2878757579308058, 1.3102542983033345, 0.0, 0.0, -4.760000000000002, -4.760000000000002, 0.0, 0.0, -4.760000000000002, -4.760000000000002, 0.0, 0.0, 0.0, 0.0, 0.0, 0.0, 0.0, 0.0, 0.0, 0.0]"
"[56.743, 1.3058658705035668, 1.3276126969994948, 0.0, 0.0, -5.25, -5.25, 0.0, 0.0, -5.25, -5.25, 0.0, 0.0, 0.0, 0.0, 0.0, 0.0, 0.0, 0.0, 0.0, 0.0]"
"[56.843, 1.32383767252918, 1.344992458000661, 0.0, 0.0, -5.7600000000000025, -5.7600000000000025, 0.0, 0.0, -5.7600000000000025, -5.7600000000000025, 0.0, 0.0, 0.0, 0.0, 0.0, 0.0, 0.0, 0.0, 0.0, 0.0]"
"[56.943000000000005, 1.3417850604919295, 1.3623935813068329, 0.0, 0.0, -6.290000000000001, -6.290000000000001, 0.0, 0.0, -6.290000000000001, -6.290000000000001, 0.0, 0.0, 0.0, 0.0, 0.0, 0.0, 0.0, 0.0, 0.0, 0.0]"
"[57.043000000000006, 1.3597782248225485, 1.3797519800029932, 0.0, 0.0, -6.840000000000004, -6.840000000000004, 0.0, 0.0, -6.840000000000004, -6.840000000000004, 0.0, 0.0, 0.0, 0.0, 0.0, 0.0, 0.0, 0.0, 0.0, 0.0]"
"[57.143, 1.3777500268481617, 1.3971286892463013, 0.0, 0.0, -7.410000000000002, -7.410000000000002, 0.0, 0.0, -7.410000000000002, -7.410000000000002, 0.0, 0.0, 0.0, 0.0, 0.0, 0.0, 0.0, 0.0, 0.0, 0.0]"
"[57.243, 1.395706570084485, 1.4145237090367573, 0.0, 0.0, -8.0, -8.0, 0.0, 0.0, -8.0, -8.0, 0.0, 0.0, 0.0, 0.0, 0.0, 0.0, 0.0, 0.0, 0.0, 0.0]"
"[57.343, 1.413699734415104, 1.4318821077329176, 0.0, 0.0, -8.609999999999998, -8.609999999999998, 0.0, 0.0, -8.609999999999998, -8.609999999999998, 0.0, 0.0, 0.0, 0.0, 0.0, 0.0, 0.0, 0.0, 0.0, 0.0]"
"[57.443000000000005, 1.4316745881985753, 1.4492557652183677, 0.0, 0.0, -9.240000000000007, -9.240000000000007, 0.0, 0.0, -9.240000000000007, -9.240000000000007, 0.0, 0.0, 0.0, 0.0, 0.0, 0.0, 0.0, 0.0, 0.0, 0.0]"
"[57.543000000000006, 1.4496372349506146, 1.4666446814931078, 0.0, 0.0, -9.890000000000004, -9.890000000000004, 0.0, 0.0, -9.890000000000004, -9.890000000000004, 0.0, 0.0, 0.0, 0.0, 0.0, 0.0, 0.0, 0.0, 0.0, 0.0]"
"[57.643, 1.4676303992812336, 1.48400002843141, 0.0, 0.0, -10.560000000000002, -10.560000000000002, 0.0, 0.0, -10.560000000000002, -10.560000000000002, 0.0, 0.0, 0.0, 0.0, 0.0, 0.0, 0.0, 0.0, 0.0, 0.0]"
"[57.743, 1.4855991495489889, 1.5013828411904342, 0.0, 0.0, -11.25, -11.25, 0.0, 0.0, -11.25, -11.25, 0.0, 0.0, 0.0, 0.0, 0.0, 0.0, 0.0, 0.0, 0.0, 0.0]"
"[57.843, 1.5036167279424717, 1.5187137740658727, 0.0, 0.0, -11.959999999999997, -11.959999999999997, 0.0, 0.0, -11.959999999999997, -11.959999999999997, 0.0, 0.0, 0.0, 0.0, 0.0, 0.0, 0.0, 0.0, 0.0, 0.0]"
"[57.943000000000005, 1.5216129440309487, 1.536066069246317, 0.0, 0.0, -12.690000000000008, -12.690000000000008, 0.0, 0.0, -12.690000000000008, -12.690000000000008, 0.0, 0.0, 0.0, 0.0, 0.0, 0.0, 0.0, 0.0, 0.0, 0.0]"
"[58.043000000000006, 1.53958779781442, 1.5534397267317672, 0.0, 0.0, -13.440000000000005, -13.440000000000005, 0.0, 0.0, -13.440000000000005, -13.440000000000005, 0.0, 0.0, 0.0, 0.0, 0.0, 0.0, 0.0, 0.0, 0.0, 0.0]"
"[58.143, 1.5576084279657607, 1.5707706596072057, 0.0, 0.0, -14.210000000000003, -14.210000000000003, 0.0, 0.0, -14.210000000000003, -14.210000000000003, 0.0, 0.0, 0.0, 0.0, 0.0, 0.0, 0.0, 0.0, 0.0, 0.0]"
"[58.243, 1.5756076958120957, 1.5881199030297921, 0.0, 0.0, -15.0, -15.0, 0.0, 0.0, -15.0, -15.0, 0.0, 0.0, 0.0, 0.0, 0.0, 0.0, 0.0, 0.0, 0.0, 0.0]"
"[58.343, 1.5935886531112828, 1.6054874569995263, 0.0, 0.0, -15.809999999999999, -15.809999999999999, 0.0, 0.0, -15.809999999999999, -15.809999999999999, 0.0, 0.0, 0.0, 0.0, 0.0, 0.0, 0.0, 0.0, 0.0, 0.0]"
"[58.443000000000005, 1.6116092832626236, 1.6228183898749649, 0.0, 0.0, -16.640000000000008, -16.640000000000008, 0.0, 0.0, -16.640000000000008, -16.640000000000008, 0.0, 0.0, 0.0, 0.0, 0.0, 0.0, 0.0, 0.0, 0.0, 0.0]"
"[58.543000000000006, 1.6296116028668166, 1.6401645815396932, 0.0, 0.0, -17.490000000000006, -17.490000000000006, 0.0, 0.0, -17.490000000000006, -17.490000000000006, 0.0, 0.0, 0.0, 0.0, 0.0, 0.0, 0.0, 0.0, 0.0, 0.0]"
"[58.643, 1.6476017154395777, 1.6575260319937115, 0.0, 0.0, -18.360000000000003, -18.360000000000003, 0.0, 0.0, -18.360000000000003, -18.360000000000003, 0.0, 0.0, 0.0, 0.0, 0.0, 0.0, 0.0, 0.0, 0.0, 0.0]"
"[58.743, 1.6656223455909185, 1.674850861353434, 0.0, 0.0, -19.25, -19.25, 0.0, 0.0, -19.25, -19.25, 0.0, 0.0, 0.0, 0.0, 0.0, 0.0, 0.0, 0.0, 0.0, 0.0]"
"[58.843, 1.6836277169529694, 1.6921970530181625, 0.0, 0.0, -20.160000000000014, -20.160000000000014, 0.0, 0.0, -20.160000000000014, -20.160000000000014, 0.0, 0.0, 0.0, 0.0, 0.0, 0.0, 0.0, 0.0, 0.0, 0.0]"
"[58.943000000000005, 1.701672761167174, 1.7094974683150213, 0.0, 0.0, -21.09000000000001, -21.09000000000001, 0.0, 0.0, -21.09000000000001, -21.09000000000001, 0.0, 0.0, 0.0, 0.0, 0.0, 0.0, 0.0, 0.0, 0.0, 0.0]"
"[59.043000000000006, 1.7196964430763728, 1.7268222976747438, 0.0, 0.0, -22.040000000000006, -22.040000000000006, 0.0, 0.0, -22.040000000000006, -22.040000000000006, 0.0, 0.0, 0.0, 0.0, 0.0, 0.0, 0.0, 0.0, 0.0, 0.0]"
"[59.143, 1.7377079179541397, 1.7441623858237563, 0.0, 0.0, -23.010000000000005, -23.010000000000005, 0.0, 0.0, -23.010000000000005, -23.010000000000005, 0.0, 0.0, 0.0, 0.0, 0.0, 0.0, 0.0, 0.0, 0.0, 0.0]"
"[59.243, 1.7557529621683443, 1.761462801120615, 0.0, 0.0, -24.0, -24.0, 0.0, 0.0, -24.0, -24.0, 0.0, 0.0, 0.0, 0.0, 0.0, 0.0, 0.0, 0.0, 0.0, 0.0]"
"[59.343, 1.773779695835401, 1.7787845787224796, 0.0, 0.0, -25.010000000000016, -25.010000000000016, 0.0, 0.0, -25.010000000000016, -25.010000000000016, 0.0, 0.0, 0.0, 0.0, 0.0, 0.0, 0.0, 0.0, 0.0, 0.0]"
"[59.443000000000005, 1.791794222471026, 1.7961185633557761, 0.0, 0.0, -26.04000000000001, -26.04000000000001, 0.0, 0.0, -26.04000000000001, -26.04000000000001, 0.0, 0.0, 0.0, 0.0, 0.0, 0.0, 0.0, 0.0, 0.0, 0.0]"
"[59.543000000000006, 1.8098423184430885, 1.813418978652635, 0.0, 0.0, -27.090000000000007, -27.090000000000007, 0.0, 0.0, -27.090000000000007, -27.090000000000007, 0.0, 0.0, 0.0, 0.0, 0.0, 0.0, 0.0, 0.0, 0.0, 0.0]"
"[59.643, 1.8278721038680033, 1.8307346527387836, 0.0, 0.0, -28.160000000000004, -28.160000000000004, 0.0, 0.0, -28.160000000000004, -28.160000000000004, 0.0, 0.0, 0.0, 0.0, 0.0, 0.0, 0.0, 0.0, 0.0, 0.0]"
"[59.743, 1.845889682261486, 1.848065585614222, 0.0, 0.0, -29.25, -29.25, 0.0, 0.0, -29.25, -29.25, 0.0, 0.0, 0.0, 0.0, 0.0, 0.0, 0.0, 0.0, 0.0, 0.0]"
"[59.843, 1.8639438817492646, 1.865359897395365, 0.0, 0.0, -30.360000000000017, -30.360000000000017, 0.0, 0.0, -30.360000000000017, -30.360000000000017, 0.0, 0.0, 0.0, 0.0, 0.0, 0.0, 0.0, 0.0, 0.0, 0.0]"
"[59.943000000000005, 1.8819767189320373, 1.8826755714815135, 0.0, 0.0, -31.49000000000001, -31.49000000000001, 0.0, 0.0, -31.49000000000001, -31.49000000000001, 0.0, 0.0, 0.0, 0.0, 0.0, 0.0, 0.0, 0.0, 0.0, 0.0]"
"[60.043000000000006, 1.9000004008412361, 1.9000004008412361, 0.0, 0.0, -32.64000000000001, -32.64000000000001, 0.0, 0.0, -32.64000000000001, -32.64000000000001, 0.0, 0.0, 0.0, 0.0, 0.0, 0.0, 0.0, 0.0, 0.0, 0.0]"
"[60.143, 1.9500004015862942, 1.9500004015862942, 0.0, 0.0, -33.81, -33.81, 0.0, 0.0, -33.81, -33.81, 0.0, 0.0, 0.0, 0.0, 0.0, 0.0, 0.0, 0.0, 0.0, 0.0]"
"[60.243, 2.0, 2.0, 0.0, 0.0, -35.0, -35.0, 0.0, 0.0, -35.0, -35.0, 0.0, 0.0, 0.0, 0.0, 0.0, 0.0, 0.0, 0.0, 0.0, 0.0]"
