2.1999999999999957,-1.3826721506483826,-1.622115528885363,0.105,0.0,0.0,0.105,1.0,0.0,0.0,1.0
2.200000000000003,-4.420510596765605,1.7289868077668835,0.105,0.0,0.0,0.105,1.0,0.0,0.0,1.0
2.299999999999997,-2.804691015749297,0.8516692217357938,0.105,0.0,0.0,0.105,1.0,0.0,0.0,1.0
2.5,-1.7584970881304725,-1.3339751962355453,0.105,0.0,0.0,0.105,1.0,0.0,0.0,1.0
2.5010000000000048,-2.277854745573385,1.6406012604864657,0.105,0.0,0.0,0.105,1.0,0.0,0.0,1.0
2.5,-4.784586156372927,2.222196300708362,0.105,0.0,0.0,0.105,1.0,0.0,0.0,1.0
2.3999999999999986,-2.684514039005822,2.31687912449642,0.105,0.0,0.0,0.105,1.0,0.0,0.0,1.0
2.5,-3.38339939944868,-1.310207811195618,0.105,0.0,0.0,0.105,1.0,0.0,0.0,1.0
2.201999999999998,-1.5799849598278592,2.290871412662722,0.105,0.0,0.0,0.105,1.0,0.0,0.0,1.0
2.299999999999997,-1.3130612917279336,1.6550060147314445,0.105,0.0,0.0,0.105,1.0,0.0,0.0,1.0
2.3999999999999986,-1.341111022299986,-0.8897107187586533,0.105,0.0,0.0,0.105,1.0,0.0,0.0,1.0
2.299999999999997,-1.6103523974946627,2.100190384314603,0.105,0.0,0.0,0.105,1.0,0.0,0.0,1.0
2.3000000000000043,-4.208001761384568,1.0393709343742752,0.105,0.0,0.0,0.105,1.0,0.0,0.0,1.0
2.301000000000002,-0.8975123280665024,-2.3008206824128554,0.105,0.0,0.0,0.105,1.0,0.0,0.0,1.0
2.299999999999997,-1.4596481678412059,-0.9496103293241275,0.105,0.0,0.0,0.105,1.0,0.0,0.0,1.0
2.3999999999999986,-3.0237480882281016,-0.2224290481628655,0.105,0.0,0.0,0.105,1.0,0.0,0.0,1.0
2.4000000000000057,-1.2225227385156727,-0.8338548976974013,0.105,0.0,0.0,0.105,1.0,0.0,0.0,1.0
2.3999999999999986,-1.7360361325500329,-1.8780811809137656,0.105,0.0,0.0,0.105,1.0,0.0,0.0,1.0
2.299999999999997,-4.397998806989227,-2.0663205149376913,0.105,0.0,0.0,0.105,1.0,0.0,0.0,1.0
2.3999999999999986,-3.030239397810233,-1.5154075601839687,0.105,0.0,0.0,0.105,1.0,0.0,0.0,1.0
2.2010000000000005,-2.280324917434701,-0.5931887328783012,0.105,0.0,0.0,0.105,1.0,0.0,0.0,1.0
2.299999999999997,-2.2648673582695467,0.6668342551867625,0.105,0.0,0.0,0.105,1.0,0.0,0.0,1.0
2.5,-1.1249681679713714,0.4979825136827799,0.105,0.0,0.0,0.105,1.0,0.0,0.0,1.0
2.3999999999999986,-4.491342385777597,0.3243549577804688,0.105,0.0,0.0,0.105,1.0,0.0,0.0,1.0
2.402000000000001,-3.350671428686559,-1.1052850597362647,0.105,0.0,0.0,0.105,1.0,0.0,0.0,1.0
2.300999999999995,-2.4571799432671733,-2.3519472520278706,0.105,0.0,0.0,0.105,1.0,0.0,0.0,1.0
2.5009999999999977,-4.991454497682726,-0.5251839959209577,0.105,0.0,0.0,0.105,1.0,0.0,0.0,1.0
2.200000000000003,-1.7229205933102476,-2.4332580481867065,0.105,0.0,0.0,0.105,1.0,0.0,0.0,1.0
2.4000000000000057,-4.136283784332085,-1.5397621278821647,0.105,0.0,0.0,0.105,1.0,0.0,0.0,1.0
2.3999999999999986,-2.327792387958188,-1.0301201524022798,0.105,0.0,0.0,0.105,1.0,0.0,0.0,1.0
2.5,-0.43965016464303563,-0.8039679141251224,0.105,0.0,0.0,0.105,1.0,0.0,0.0,1.0
2.2010000000000005,-2.3130439353721197,-0.39142295941593497,0.105,0.0,0.0,0.105,1.0,0.0,0.0,1.0
2.1999999999999957,-2.120831194188247,-2.367171486630395,0.105,0.0,0.0,0.105,1.0,0.0,0.0,1.0
2.3999999999999986,-1.5317094941221525,0.20368718289720086,0.105,0.0,0.0,0.105,1.0,0.0,0.0,1.0
2.299999999999997,-0.24137540993544138,0.3662936985173315,0.105,0.0,0.0,0.105,1.0,0.0,0.0,1.0
2.4000000000000057,-4.035687416794845,1.862166917269655,0.105,0.0,0.0,0.105,1.0,0.0,0.0,1.0
2.299999999999997,-1.2970162372373228,-0.8041439147274502,0.105,0.0,0.0,0.105,1.0,0.0,0.0,1.0
2.6000000000000014,-0.5040911126801818,0.2387193835213867,0.105,0.0,0.0,0.105,1.0,0.0,0.0,1.0
2.4010000000000034,-0.25118266392563143,-0.8163101568360905,0.105,0.0,0.0,0.105,1.0,0.0,0.0,1.0
2.4010000000000034,-0.9139699492817497,-0.3017528514249339,0.105,0.0,0.0,0.105,1.0,0.0,0.0,1.0
2.5,-2.6114351197518397,1.9560977734065572,0.105,0.0,0.0,0.105,1.0,0.0,0.0,1.0
2.402000000000001,-1.7780879934824314,2.0458157533161123,0.105,0.0,0.0,0.105,1.0,0.0,0.0,1.0
2.3999999999999986,-1.7655635135901582,-1.2315823081632664,0.105,0.0,0.0,0.105,1.0,0.0,0.0,1.0
2.3999999999999986,-2.0969677225258243,-0.05686774903461311,0.105,0.0,0.0,0.105,1.0,0.0,0.0,1.0
2.600999999999999,-4.00806188845593,0.1801129067744222,0.105,0.0,0.0,0.105,1.0,0.0,0.0,1.0
2.3999999999999986,-1.4197595710865831,-1.727563312262341,0.105,0.0,0.0,0.105,1.0,0.0,0.0,1.0
2.5,-3.9786790875333264,-1.6483881842381585,0.105,0.0,0.0,0.105,1.0,0.0,0.0,1.0
2.3999999999999986,-0.4027840457387333,0.3518292796368629,0.105,0.0,0.0,0.105,1.0,0.0,0.0,1.0
2.4000000000000057,-1.6645817373420002,0.3165605770151811,0.105,0.0,0.0,0.105,1.0,0.0,0.0,1.0
2.299999999999997,-1.5882546578594703,0.7388233053672986,0.105,0.0,0.0,0.105,1.0,0.0,0.0,1.0
2.5,-0.16539213579779596,-1.2297393140731963,0.105,0.0,0.0,0.105,1.0,0.0,0.0,1.0
2.5,-1.3863761507150907,0.3585030960468052,0.105,0.0,0.0,0.105,1.0,0.0,0.0,1.0
2.300999999999995,-1.3158103610092142,0.08220150791454493,0.105,0.0,0.0,0.105,1.0,0.0,0.0,1.0
2.5,-0.9255441411280813,-1.0812939855749872,0.105,0.0,0.0,0.105,1.0,0.0,0.0,1.0
2.200000000000003,-0.5469030916491147,-1.4859142092064133,0.105,0.0,0.0,0.105,1.0,0.0,0.0,1.0
2.300999999999995,-4.5793505223035815,1.5125795742297143,0.105,0.0,0.0,0.105,1.0,0.0,0.0,1.0
2.5,-1.7838781442698275,-1.7131454620578968,0.105,0.0,0.0,0.105,1.0,0.0,0.0,1.0
2.4000000000000057,-3.690499494338182,2.499421174825923,0.105,0.0,0.0,0.105,1.0,0.0,0.0,1.0
2.5,-3.1128868895743174,-2.043068649847403,0.105,0.0,0.0,0.105,1.0,0.0,0.0,1.0
2.5,-1.3483487134423333,2.0869751110494956,0.105,0.0,0.0,0.105,1.0,0.0,0.0,1.0
2.4000000000000057,-3.4951225700834128,-1.7309151115912391,0.105,0.0,0.0,0.105,1.0,0.0,0.0,1.0
2.5,-0.14983419530984773,-1.1937820942527622,0.105,0.0,0.0,0.105,1.0,0.0,0.0,1.0
2.6000000000000014,-3.118248553225782,1.6996687091270255,0.105,0.0,0.0,0.105,1.0,0.0,0.0,1.0
2.3000000000000043,-1.2848094710131133,-0.6754507296977029,0.105,0.0,0.0,0.105,1.0,0.0,0.0,1.0
2.3999999999999986,-3.1582563977746485,0.9193628810702981,0.105,0.0,0.0,0.105,1.0,0.0,0.0,1.0
2.5,-1.207848570881859,1.3574441218670343,0.105,0.0,0.0,0.105,1.0,0.0,0.0,1.0
2.3019999999999996,-2.086905069171974,0.5161675222573298,0.105,0.0,0.0,0.105,1.0,0.0,0.0,1.0
2.3999999999999986,-4.562848788519202,-1.9559827362665465,0.105,0.0,0.0,0.105,1.0,0.0,0.0,1.0
2.5,-1.6086995036606404,-2.366319161962594,0.105,0.0,0.0,0.105,1.0,0.0,0.0,1.0
2.3000000000000043,-0.661166490210108,-0.6244370723574758,0.105,0.0,0.0,0.105,1.0,0.0,0.0,1.0
2.5999999999999943,-4.096549258054442,1.352588723009251,0.105,0.0,0.0,0.105,1.0,0.0,0.0,1.0
2.3999999999999986,-2.2800002174830825,-0.7320346437437316,0.105,0.0,0.0,0.105,1.0,0.0,0.0,1.0
2.5,-1.5093536279749435,-0.14312960924633827,0.105,0.0,0.0,0.105,1.0,0.0,0.0,1.0
2.301000000000002,-1.2461008225161283,1.1789865802719328,0.105,0.0,0.0,0.105,1.0,0.0,0.0,1.0
2.3999999999999986,-3.4946964751336216,-2.089865891549508,0.105,0.0,0.0,0.105,1.0,0.0,0.0,1.0
2.3999999999999986,-1.5328095157162247,-1.429979047081216,0.105,0.0,0.0,0.105,1.0,0.0,0.0,1.0
2.3000000000000043,-0.8853870038599514,0.37404652897043056,0.105,0.0,0.0,0.105,1.0,0.0,0.0,1.0
2.3000000000000043,-4.787299776638298,2.3051794722477057,0.105,0.0,0.0,0.105,1.0,0.0,0.0,1.0
2.4009999999999962,-3.6289569452078823,0.5439313900980327,0.105,0.0,0.0,0.105,1.0,0.0,0.0,1.0
2.3000000000000043,-3.793132092559624,0.4712041673679982,0.105,0.0,0.0,0.105,1.0,0.0,0.0,1.0
2.6000000000000014,-4.9748596814995905,1.6798877395687366,0.105,0.0,0.0,0.105,1.0,0.0,0.0,1.0
2.299999999999997,-1.0104711762111815,-1.6856495102897164,0.105,0.0,0.0,0.105,1.0,0.0,0.0,1.0
2.299999999999997,-4.0639821674331245,-1.7384803601113563,0.105,0.0,0.0,0.105,1.0,0.0,0.0,1.0
2.3999999999999986,-4.380983477671154,-0.28138033514966776,0.105,0.0,0.0,0.105,1.0,0.0,0.0,1.0
2.299999999999997,-4.47798205705654,0.22493886405451732,0.105,0.0,0.0,0.105,1.0,0.0,0.0,1.0
2.402000000000001,-1.953558264420605,0.06663517167356023,0.105,0.0,0.0,0.105,1.0,0.0,0.0,1.0
2.1999999999999957,-1.2268324488105495,0.44455490654667856,0.105,0.0,0.0,0.105,1.0,0.0,0.0,1.0
2.299999999999997,-1.146872665141917,-0.25619018541073196,0.105,0.0,0.0,0.105,1.0,0.0,0.0,1.0
2.5,-1.3150010851508227,-0.024230131426784436,0.105,0.0,0.0,0.105,1.0,0.0,0.0,1.0
2.3999999999999986,-4.514283118807914,-2.353594612171252,0.105,0.0,0.0,0.105,1.0,0.0,0.0,1.0
2.5,-3.0785954445470036,-1.6306318867785965,0.105,0.0,0.0,0.105,1.0,0.0,0.0,1.0
2.3000000000000043,-4.3237679431347225,-1.23336602592679,0.105,0.0,0.0,0.105,1.0,0.0,0.0,1.0
2.200000000000003,-1.6794648151209166,1.4116713867045265,0.105,0.0,0.0,0.105,1.0,0.0,0.0,1.0
2.5,-3.647770145554058,-1.0806627102803963,0.105,0.0,0.0,0.105,1.0,0.0,0.0,1.0
2.3000000000000043,-0.6295196019957633,-0.6834314410485244,0.105,0.0,0.0,0.105,1.0,0.0,0.0,1.0
2.3999999999999986,-1.8101832560609261,0.22670225011415684,0.105,0.0,0.0,0.105,1.0,0.0,0.0,1.0
2.299999999999997,-3.852371719650833,0.8251436527808224,0.105,0.0,0.0,0.105,1.0,0.0,0.0,1.0
2.299999999999997,-2.4064419202672327,1.8013290820083478,0.105,0.0,0.0,0.105,1.0,0.0,0.0,1.0
2.4000000000000057,-0.2758579344393305,0.3647550225815965,0.105,0.0,0.0,0.105,1.0,0.0,0.0,1.0
2.3999999999999986,-1.3679618525924733,-1.1616407766602332,0.105,0.0,0.0,0.105,1.0,0.0,0.0,1.0
2.4010000000000034,-4.5693189593127315,-0.743434237444049,0.105,0.0,0.0,0.105,1.0,0.0,0.0,1.0
2.6000000000000014,-0.11582048790793369,2.331478631198645,0.105,0.0,0.0,0.105,1.0,0.0,0.0,1.0
2.3000000000000043,-2.956288809682157,0.6285215577789502,0.105,0.0,0.0,0.105,1.0,0.0,0.0,1.0
2.3999999999999986,-3.8939130934448265,1.5018797024375932,0.105,0.0,0.0,0.105,1.0,0.0,0.0,1.0
2.3000000000000043,-2.6318693509443403,-0.8111136331690387,0.105,0.0,0.0,0.105,1.0,0.0,0.0,1.0
2.3999999999999986,-1.949292056736302,-2.4107205484973253,0.105,0.0,0.0,0.105,1.0,0.0,0.0,1.0
2.5,-4.4264616390176466,2.1126945835916184,0.105,0.0,0.0,0.105,1.0,0.0,0.0,1.0
2.301000000000002,-3.2943371232462733,-2.418045180249657,0.105,0.0,0.0,0.105,1.0,0.0,0.0,1.0
2.5,-2.192996912051252,-2.4041405096004493,0.105,0.0,0.0,0.105,1.0,0.0,0.0,1.0
2.5,-2.5150522122083574,-1.4295154471811222,0.105,0.0,0.0,0.105,1.0,0.0,0.0,1.0
2.3999999999999986,-1.2127196580966748,2.1820167012477314,0.105,0.0,0.0,0.105,1.0,0.0,0.0,1.0
2.3999999999999986,-0.21806861430445665,1.785944880217589,0.105,0.0,0.0,0.105,1.0,0.0,0.0,1.0
2.1999999999999957,-4.166235644935692,0.19931370040669535,0.105,0.0,0.0,0.105,1.0,0.0,0.0,1.0
2.5,-1.7643305113280012,-0.11490707995972312,0.105,0.0,0.0,0.105,1.0,0.0,0.0,1.0
2.2010000000000005,-3.5899550307684187,0.7359023811089533,0.105,0.0,0.0,0.105,1.0,0.0,0.0,1.0
2.301000000000002,-4.231735481779416,-0.46497834540007976,0.105,0.0,0.0,0.105,1.0,0.0,0.0,1.0
2.200000000000003,-2.5574870417823865,-0.9111217093745458,0.105,0.0,0.0,0.105,1.0,0.0,0.0,1.0
2.3999999999999986,-3.9020005385009653,1.5253576905312043,0.105,0.0,0.0,0.105,1.0,0.0,0.0,1.0
2.1999999999999957,-0.6796783195030975,1.2741753730701526,0.105,0.0,0.0,0.105,1.0,0.0,0.0,1.0
2.5,-0.5889077850590382,1.7541100644235734,0.105,0.0,0.0,0.105,1.0,0.0,0.0,1.0
2.3000000000000043,-2.965238310859902,-0.7929194880062487,0.105,0.0,0.0,0.105,1.0,0.0,0.0,1.0
2.3000000000000043,-2.219088185005655,1.8971042626263632,0.105,0.0,0.0,0.105,1.0,0.0,0.0,1.0
2.4000000000000057,-2.7080067922610636,0.6448582129021526,0.105,0.0,0.0,0.105,1.0,0.0,0.0,1.0
2.5,-3.985352314214018,-2.0032301937452486,0.105,0.0,0.0,0.105,1.0,0.0,0.0,1.0
2.3999999999999986,-0.49859698290664306,1.618621014014606,0.105,0.0,0.0,0.105,1.0,0.0,0.0,1.0
2.3999999999999986,-0.06525639255930028,2.135346077259831,0.105,0.0,0.0,0.105,1.0,0.0,0.0,1.0
2.3000000000000043,-4.523559456096735,0.5151660119347397,0.105,0.0,0.0,0.105,1.0,0.0,0.0,1.0
2.5009999999999977,-4.747661967122964,1.79715936729021,0.105,0.0,0.0,0.105,1.0,0.0,0.0,1.0
2.200000000000003,-0.13342300427726456,0.8262467934576921,0.105,0.0,0.0,0.105,1.0,0.0,0.0,1.0
2.3999999999999986,-4.531697921931956,-1.7481095144988534,0.105,0.0,0.0,0.105,1.0,0.0,0.0,1.0
2.1999999999999957,-0.6403396204061689,0.3383797673450756,0.105,0.0,0.0,0.105,1.0,0.0,0.0,1.0
2.3999999999999986,-1.8484602734871123,0.4423102629725119,0.105,0.0,0.0,0.105,1.0,0.0,0.0,1.0
2.4000000000000057,-2.8177107187175428,-1.5725789186168666,0.105,0.0,0.0,0.105,1.0,0.0,0.0,1.0
2.5009999999999977,-0.3907678559120066,0.7484546502939231,0.105,0.0,0.0,0.105,1.0,0.0,0.0,1.0
2.4000000000000057,-4.279494743448199,-0.9422069133017166,0.105,0.0,0.0,0.105,1.0,0.0,0.0,1.0
2.4010000000000034,-3.4514744101775823,-2.0584382868098547,0.105,0.0,0.0,0.105,1.0,0.0,0.0,1.0
2.4000000000000057,-3.9545909330273203,-0.744953830504007,0.105,0.0,0.0,0.105,1.0,0.0,0.0,1.0
2.3000000000000043,-4.550239629157645,-0.22004440822138732,0.105,0.0,0.0,0.105,1.0,0.0,0.0,1.0
2.4009999999999962,-3.783397712432147,0.14715125879870825,0.105,0.0,0.0,0.105,1.0,0.0,0.0,1.0
2.6000000000000014,-2.7075893401045037,-2.2002873853905287,0.105,0.0,0.0,0.105,1.0,0.0,0.0,1.0
2.3999999999999986,-4.848348438541532,-1.2484089028110967,0.105,0.0,0.0,0.105,1.0,0.0,0.0,1.0
2.3000000000000043,-0.7194482966267428,2.140993099914564,0.105,0.0,0.0,0.105,1.0,0.0,0.0,1.0
2.3999999999999986,-0.06302675427974827,-1.9027387268331533,0.105,0.0,0.0,0.105,1.0,0.0,0.0,1.0
2.2010000000000005,-3.833566106426788,-1.5515863341950347,0.105,0.0,0.0,0.105,1.0,0.0,0.0,1.0
2.5,-2.8519486816293984,0.9459882817121772,0.105,0.0,0.0,0.105,1.0,0.0,0.0,1.0
2.299999999999997,-1.804064289999733,-0.6909820026151243,0.105,0.0,0.0,0.105,1.0,0.0,0.0,1.0
2.3999999999999986,-0.002707102945491679,2.4751117514685244,0.105,0.0,0.0,0.105,1.0,0.0,0.0,1.0
2.3999999999999986,-0.7421358626315558,0.6000808068144633,0.105,0.0,0.0,0.105,1.0,0.0,0.0,1.0
2.301000000000002,-1.7399494892744625,0.6796250423039679,0.105,0.0,0.0,0.105,1.0,0.0,0.0,1.0
2.5,-0.8447792022355965,0.6113805788491006,0.105,0.0,0.0,0.105,1.0,0.0,0.0,1.0
2.299999999999997,-2.7907983287738185,-1.0163910393480189,0.105,0.0,0.0,0.105,1.0,0.0,0.0,1.0
2.5999999999999943,-4.061340634007385,2.1054775935361323,0.105,0.0,0.0,0.105,1.0,0.0,0.0,1.0
2.3999999999999986,-3.868246139066255,-2.300638008437545,0.105,0.0,0.0,0.105,1.0,0.0,0.0,1.0
2.5,-4.48209062748217,1.7644319363199625,0.105,0.0,0.0,0.105,1.0,0.0,0.0,1.0
2.6000000000000014,-1.1874392528193258,-0.9527459695215993,0.105,0.0,0.0,0.105,1.0,0.0,0.0,1.0
2.4009999999999962,-0.8418384118351965,0.9540942633096662,0.105,0.0,0.0,0.105,1.0,0.0,0.0,1.0
2.3999999999999986,-4.17187731516056,1.677569808885136,0.105,0.0,0.0,0.105,1.0,0.0,0.0,1.0
2.3000000000000043,-4.638969365844583,1.7608894435939595,0.105,0.0,0.0,0.105,1.0,0.0,0.0,1.0
2.3999999999999986,-3.6240776779412536,-1.0259704699168606,0.105,0.0,0.0,0.105,1.0,0.0,0.0,1.0
2.3000000000000043,-0.08177878701730497,0.7741021256817657,0.105,0.0,0.0,0.105,1.0,0.0,0.0,1.0
2.299999999999997,-3.568710511465917,-1.6233706022221637,0.105,0.0,0.0,0.105,1.0,0.0,0.0,1.0
2.299999999999997,-2.9729074714839223,-2.0979706552087505,0.105,0.0,0.0,0.105,1.0,0.0,0.0,1.0
2.6000000000000014,-3.1089206808561034,0.977281631205013,0.105,0.0,0.0,0.105,1.0,0.0,0.0,1.0
2.2010000000000005,-3.204860860296456,1.1550916734902428,0.105,0.0,0.0,0.105,1.0,0.0,0.0,1.0
2.5,-2.1035647120490544,-0.48022694690244266,0.105,0.0,0.0,0.105,1.0,0.0,0.0,1.0
2.3999999999999986,-4.7746693530228415,-1.1198219265516927,0.105,0.0,0.0,0.105,1.0,0.0,0.0,1.0
2.5,-2.0285751058917127,1.679278592865117,0.105,0.0,0.0,0.105,1.0,0.0,0.0,1.0
2.3999999999999986,-2.2674537102973753,-1.8264621673569248,0.105,0.0,0.0,0.105,1.0,0.0,0.0,1.0
2.3000000000000043,-3.7632837053545547,1.5148378821996151,0.105,0.0,0.0,0.105,1.0,0.0,0.0,1.0
2.3019999999999996,-3.869714391482488,-2.4006488328357913,0.105,0.0,0.0,0.105,1.0,0.0,0.0,1.0
2.1999999999999957,-1.5154935951536048,0.35424292101158833,0.105,0.0,0.0,0.105,1.0,0.0,0.0,1.0
2.200000000000003,-2.230895951268268,-0.8580965196073,0.105,0.0,0.0,0.105,1.0,0.0,0.0,1.0
2.3999999999999986,-1.3347319034704366,2.3414854189097825,0.105,0.0,0.0,0.105,1.0,0.0,0.0,1.0
2.299999999999997,-4.829818490590812,-2.239258849211847,0.105,0.0,0.0,0.105,1.0,0.0,0.0,1.0
2.3999999999999986,-2.0553089470371453,1.282194083097676,0.105,0.0,0.0,0.105,1.0,0.0,0.0,1.0
2.4009999999999962,-2.9338916392966743,-2.4908889241456342,0.105,0.0,0.0,0.105,1.0,0.0,0.0,1.0
2.3999999999999986,-0.9584980641557641,0.6848145050719863,0.105,0.0,0.0,0.105,1.0,0.0,0.0,1.0
2.4000000000000057,-2.488248502768527,1.902884953535306,0.105,0.0,0.0,0.105,1.0,0.0,0.0,1.0
2.5,-1.4681393909119909,1.1044332061309217,0.105,0.0,0.0,0.105,1.0,0.0,0.0,1.0
2.4000000000000057,-1.017161948779248,1.5417840465894002,0.105,0.0,0.0,0.105,1.0,0.0,0.0,1.0
2.299999999999997,-4.249331293684455,-0.08259138780788612,0.105,0.0,0.0,0.105,1.0,0.0,0.0,1.0
2.3999999999999986,-0.18916947980426238,-2.362841769655198,0.105,0.0,0.0,0.105,1.0,0.0,0.0,1.0
2.6019999999999968,-4.584911178435364,-0.8625955404065927,0.105,0.0,0.0,0.105,1.0,0.0,0.0,1.0
2.5,-0.11581012705025111,-0.768451323777645,0.105,0.0,0.0,0.105,1.0,0.0,0.0,1.0
2.3000000000000043,-2.7660811025554155,1.7023083865770827,0.105,0.0,0.0,0.105,1.0,0.0,0.0,1.0
2.5,-2.5823277617469893,-0.6425030960126071,0.105,0.0,0.0,0.105,1.0,0.0,0.0,1.0
2.4009999999999962,-2.431921426865081,0.9245090349354965,0.105,0.0,0.0,0.105,1.0,0.0,0.0,1.0
2.299999999999997,-4.485423795849585,2.283203741801324,0.105,0.0,0.0,0.105,1.0,0.0,0.0,1.0
2.3999999999999986,-0.28044049200860666,-1.4526093474890664,0.105,0.0,0.0,0.105,1.0,0.0,0.0,1.0
2.3999999999999986,-0.8673262278180981,0.9664216066683431,0.105,0.0,0.0,0.105,1.0,0.0,0.0,1.0
2.5,-1.697257835869081,-1.8242090057964788,0.105,0.0,0.0,0.105,1.0,0.0,0.0,1.0
2.200000000000003,-2.2259371723763333,-2.2555129816161896,0.105,0.0,0.0,0.105,1.0,0.0,0.0,1.0
2.4000000000000057,-2.931984376444882,-0.19361715395829643,0.105,0.0,0.0,0.105,1.0,0.0,0.0,1.0
2.1999999999999957,-0.4817924817202378,-0.6993081225171445,0.105,0.0,0.0,0.105,1.0,0.0,0.0,1.0
2.3060000000000045,-1.0536369014559845,-0.5218976536027846,0.105,0.0,0.0,0.105,1.0,0.0,0.0,1.0
2.5060000000000002,-2.2717509722339697,1.900128225081038,0.105,0.0,0.0,0.105,1.0,0.0,0.0,1.0
2.600999999999999,-2.7087978943673106,0.9436105872283984,0.105,0.0,0.0,0.105,1.0,0.0,0.0,1.0
2.1999999999999957,-2.8766373393841738,1.8147198286201487,0.105,0.0,0.0,0.105,1.0,0.0,0.0,1.0
2.3999999999999986,-4.350642900065364,1.42615453960586,0.105,0.0,0.0,0.105,1.0,0.0,0.0,1.0
2.3999999999999986,-1.1210488196714103,1.4580538750489875,0.105,0.0,0.0,0.105,1.0,0.0,0.0,1.0
2.299999999999997,-2.316516826744856,-0.5454514858913262,0.105,0.0,0.0,0.105,1.0,0.0,0.0,1.0
2.6000000000000014,-1.2093666531285683,-0.6440496483279555,0.105,0.0,0.0,0.105,1.0,0.0,0.0,1.0
2.4009999999999962,-0.08888509603782262,0.8698382673739979,0.105,0.0,0.0,0.105,1.0,0.0,0.0,1.0
2.3000000000000043,-2.237239350040328,-1.5387336210150215,0.105,0.0,0.0,0.105,1.0,0.0,0.0,1.0
2.3000000000000043,-1.240880885817784,-0.9235642326166351,0.105,0.0,0.0,0.105,1.0,0.0,0.0,1.0
2.200000000000003,-0.3835625120391312,-2.3724429821591673,0.105,0.0,0.0,0.105,1.0,0.0,0.0,1.0
2.203000000000003,-0.25323715179798245,-0.6977722667059322,0.105,0.0,0.0,0.105,1.0,0.0,0.0,1.0
2.299999999999997,-4.554318914449894,0.5330626480743734,0.105,0.0,0.0,0.105,1.0,0.0,0.0,1.0
2.3999999999999986,-2.64649189042064,-2.2260740901274745,0.105,0.0,0.0,0.105,1.0,0.0,0.0,1.0
2.5,-3.7856678229164396,-0.2711174897010879,0.105,0.0,0.0,0.105,1.0,0.0,0.0,1.0
2.200000000000003,-4.350668006808023,1.0759839560305469,0.105,0.0,0.0,0.105,1.0,0.0,0.0,1.0
2.200000000000003,-2.1138606940400937,-1.9152328168647896,0.105,0.0,0.0,0.105,1.0,0.0,0.0,1.0
2.3999999999999986,-1.208239584669834,2.390866677692689,0.105,0.0,0.0,0.105,1.0,0.0,0.0,1.0
2.3999999999999986,-3.3129146142984265,1.5538530887507702,0.105,0.0,0.0,0.105,1.0,0.0,0.0,1.0
2.2009999999999934,-0.6400351732126017,0.3764238267477,0.105,0.0,0.0,0.105,1.0,0.0,0.0,1.0
2.3999999999999986,-4.187390718571602,-2.0264262702677294,0.105,0.0,0.0,0.105,1.0,0.0,0.0,1.0
2.202999999999996,-3.4567917504277896,-1.0012208608083966,0.105,0.0,0.0,0.105,1.0,0.0,0.0,1.0
2.3999999999999986,-4.98584552502289,2.0893716873484482,0.105,0.0,0.0,0.105,1.0,0.0,0.0,1.0
2.6000000000000014,-2.632616542779506,-1.69239234063327,0.105,0.0,0.0,0.105,1.0,0.0,0.0,1.0
2.1999999999999957,-2.9538835061960897,0.8252688599250165,0.105,0.0,0.0,0.105,1.0,0.0,0.0,1.0
2.3000000000000043,-4.819103278414301,-1.5717893424261222,0.105,0.0,0.0,0.105,1.0,0.0,0.0,1.0
2.4009999999999962,-0.41657912785454265,2.4958259521238437,0.105,0.0,0.0,0.105,1.0,0.0,0.0,1.0
2.299999999999997,-1.7566158703500816,0.06347553145205552,0.105,0.0,0.0,0.105,1.0,0.0,0.0,1.0
2.1999999999999957,-3.429319332628203,2.148703280036842,0.105,0.0,0.0,0.105,1.0,0.0,0.0,1.0
2.3999999999999986,-0.4924342850157401,0.15582194390368015,0.105,0.0,0.0,0.105,1.0,0.0,0.0,1.0
2.5,-4.709191456200595,-0.22901322235511937,0.105,0.0,0.0,0.105,1.0,0.0,0.0,1.0
2.299999999999997,-0.1671681139672881,-2.320690981691845,0.105,0.0,0.0,0.105,1.0,0.0,0.0,1.0
2.401999999999994,-0.6154337677122856,-0.14741877659290098,0.105,0.0,0.0,0.105,1.0,0.0,0.0,1.0
2.299999999999997,-4.241023911278872,-0.13960277696917592,0.105,0.0,0.0,0.105,1.0,0.0,0.0,1.0
2.3999999999999986,-0.9293675313592222,2.4810293497768328,0.105,0.0,0.0,0.105,1.0,0.0,0.0,1.0
2.301000000000002,-0.636042859188755,-0.9188972904962073,0.105,0.0,0.0,0.105,1.0,0.0,0.0,1.0
2.4000000000000057,-4.667671424098632,-2.2031549779632065,0.105,0.0,0.0,0.105,1.0,0.0,0.0,1.0
2.3999999999999986,-0.4607128195320161,1.157866531021913,0.105,0.0,0.0,0.105,1.0,0.0,0.0,1.0
2.3999999999999986,-1.4244812484667377,-0.9141935746433731,0.105,0.0,0.0,0.105,1.0,0.0,0.0,1.0
2.5020000000000024,-2.264721509571045,-2.3755950708510407,0.105,0.0,0.0,0.105,1.0,0.0,0.0,1.0
2.3999999999999986,-0.3101438774664156,2.304775563650106,0.105,0.0,0.0,0.105,1.0,0.0,0.0,1.0
2.3999999999999986,-1.574897731386837,1.4966554142921231,0.105,0.0,0.0,0.105,1.0,0.0,0.0,1.0
2.4009999999999962,-4.676603984467155,-1.4227187077953944,0.105,0.0,0.0,0.105,1.0,0.0,0.0,1.0
2.3999999999999986,-0.49379153002886694,1.0611267041184345,0.105,0.0,0.0,0.105,1.0,0.0,0.0,1.0
2.4009999999999962,-1.4189629144116447,-1.014859625955222,0.105,0.0,0.0,0.105,1.0,0.0,0.0,1.0
2.3000000000000043,-1.4138674908916906,-1.7372988724910015,0.105,0.0,0.0,0.105,1.0,0.0,0.0,1.0
2.1999999999999957,-1.4647216009567052,2.1136646866898743,0.105,0.0,0.0,0.105,1.0,0.0,0.0,1.0
2.5,-1.0543807233423472,0.050726116132323716,0.105,0.0,0.0,0.105,1.0,0.0,0.0,1.0
2.299999999999997,-2.997676200870313,0.34272088655628347,0.105,0.0,0.0,0.105,1.0,0.0,0.0,1.0
2.3999999999999986,-3.926245832048045,-0.513976631890043,0.105,0.0,0.0,0.105,1.0,0.0,0.0,1.0
2.304000000000002,-2.3457424122270885,1.905629943729894,0.105,0.0,0.0,0.105,1.0,0.0,0.0,1.0
2.299999999999997,-2.2794374270907523,-1.8942800885411517,0.105,0.0,0.0,0.105,1.0,0.0,0.0,1.0
2.3000000000000043,-1.5014434230677682,1.2197084888209746,0.105,0.0,0.0,0.105,1.0,0.0,0.0,1.0
2.299999999999997,-3.3005362446135402,0.3410882097612156,0.105,0.0,0.0,0.105,1.0,0.0,0.0,1.0
2.299999999999997,-3.671653349342799,-0.7323444114196881,0.105,0.0,0.0,0.105,1.0,0.0,0.0,1.0
2.3000000000000043,-2.7119701715871436,-0.2578356687234373,0.105,0.0,0.0,0.105,1.0,0.0,0.0,1.0
2.5060000000000002,-2.470847002702139,2.2729101966656238,0.105,0.0,0.0,0.105,1.0,0.0,0.0,1.0
2.3999999999999986,-4.815722382517971,-0.0657912982242954,0.105,0.0,0.0,0.105,1.0,0.0,0.0,1.0
2.3999999999999986,-0.15450217493782029,1.5575545068386352,0.105,0.0,0.0,0.105,1.0,0.0,0.0,1.0
2.4009999999999962,-2.908632612408466,2.262784973629807,0.105,0.0,0.0,0.105,1.0,0.0,0.0,1.0
2.6000000000000014,-3.4254841836056595,-0.5535823502848785,0.105,0.0,0.0,0.105,1.0,0.0,0.0,1.0
2.5,-0.19949186178683329,2.4562505536497627,0.105,0.0,0.0,0.105,1.0,0.0,0.0,1.0
2.4029999999999987,-0.6759081782334292,-1.947641134571154,0.105,0.0,0.0,0.105,1.0,0.0,0.0,1.0
2.6000000000000014,-3.3644577902106483,2.464966384185445,0.105,0.0,0.0,0.105,1.0,0.0,0.0,1.0
2.5,-0.9674725506009629,-0.5397171278218076,0.105,0.0,0.0,0.105,1.0,0.0,0.0,1.0
2.6000000000000014,-1.5554679910600382,0.23126426081878437,0.105,0.0,0.0,0.105,1.0,0.0,0.0,1.0
2.300999999999995,-0.048101465407677506,-0.2359944033808105,0.105,0.0,0.0,0.105,1.0,0.0,0.0,1.0
2.5,-4.556497765418204,1.034526355408408,0.105,0.0,0.0,0.105,1.0,0.0,0.0,1.0
2.4009999999999962,-4.979077016524747,0.02897024686669498,0.105,0.0,0.0,0.105,1.0,0.0,0.0,1.0
2.6000000000000014,-4.475308673253313,0.5978894115532848,0.105,0.0,0.0,0.105,1.0,0.0,0.0,1.0
2.3999999999999986,-1.6509143480190878,0.6162348159026563,0.105,0.0,0.0,0.105,1.0,0.0,0.0,1.0
2.4009999999999962,-3.0106277984940712,-2.311193627632468,0.105,0.0,0.0,0.105,1.0,0.0,0.0,1.0
2.3999999999999986,-0.3571619013632157,-0.31823754285019823,0.105,0.0,0.0,0.105,1.0,0.0,0.0,1.0
2.3999999999999986,-4.52998800049168,2.1181705869239886,0.105,0.0,0.0,0.105,1.0,0.0,0.0,1.0
2.5009999999999977,-2.000462866537942,-0.43021686830818673,0.105,0.0,0.0,0.105,1.0,0.0,0.0,1.0
2.3999999999999986,-3.2538283995941,-0.23001616813047993,0.105,0.0,0.0,0.105,1.0,0.0,0.0,1.0
2.4009999999999962,-0.7717017058120795,-1.028816009458304,0.105,0.0,0.0,0.105,1.0,0.0,0.0,1.0
2.5,-1.715403186751425,-1.1708445204383655,0.105,0.0,0.0,0.105,1.0,0.0,0.0,1.0
2.3999999999999986,-4.533186514745165,-0.996920317992246,0.105,0.0,0.0,0.105,1.0,0.0,0.0,1.0
2.3019999999999996,-3.116153956197705,0.7196650263128929,0.105,0.0,0.0,0.105,1.0,0.0,0.0,1.0
2.3999999999999986,-1.8740135568427523,1.3872508920572133,0.105,0.0,0.0,0.105,1.0,0.0,0.0,1.0
2.602000000000004,-0.5419308256044887,1.7152973897141053,0.105,0.0,0.0,0.105,1.0,0.0,0.0,1.0
2.3000000000000043,-4.5279849311412335,-2.122138565746121,0.105,0.0,0.0,0.105,1.0,0.0,0.0,1.0
2.299999999999997,-0.580265089601951,2.4692890178932125,0.105,0.0,0.0,0.105,1.0,0.0,0.0,1.0
2.5009999999999977,-1.2867795843823937,1.6972229590449763,0.105,0.0,0.0,0.105,1.0,0.0,0.0,1.0
2.4000000000000057,-1.5084690819228643,1.8417135853174758,0.105,0.0,0.0,0.105,1.0,0.0,0.0,1.0
2.3999999999999986,-3.645186847195934,0.7207725587931327,0.105,0.0,0.0,0.105,1.0,0.0,0.0,1.0
2.299999999999997,-2.2207128968771217,-0.8556746411701885,0.105,0.0,0.0,0.105,1.0,0.0,0.0,1.0
2.5,-3.876581287428693,-0.33153461106553406,0.105,0.0,0.0,0.105,1.0,0.0,0.0,1.0
2.4000000000000057,-3.998269962198902,1.7662875329025665,0.105,0.0,0.0,0.105,1.0,0.0,0.0,1.0
2.4010000000000034,-0.8052638598944726,-0.7376693637027685,0.105,0.0,0.0,0.105,1.0,0.0,0.0,1.0
2.3999999999999986,-4.083819054541232,-0.4311272209358072,0.105,0.0,0.0,0.105,1.0,0.0,0.0,1.0
2.5,-1.5909222556964262,-0.2250063847816832,0.105,0.0,0.0,0.105,1.0,0.0,0.0,1.0
2.3000000000000043,-1.5541981744055524,-1.4208743105999255,0.105,0.0,0.0,0.105,1.0,0.0,0.0,1.0
2.3999999999999986,-1.4458109761688143,-2.380813649851167,0.105,0.0,0.0,0.105,1.0,0.0,0.0,1.0
2.200000000000003,-0.5144399757410958,-1.5143405146648776,0.105,0.0,0.0,0.105,1.0,0.0,0.0,1.0
2.3999999999999986,-1.7389574680522732,-1.5496802804182708,0.105,0.0,0.0,0.105,1.0,0.0,0.0,1.0
2.200000000000003,-1.6456080755217102,-0.17080515750091266,0.105,0.0,0.0,0.105,1.0,0.0,0.0,1.0
2.3999999999999986,-3.239028773159485,-2.245714604856479,0.105,0.0,0.0,0.105,1.0,0.0,0.0,1.0
2.206000000000003,-1.3505020924794189,-0.947389475703055,0.105,0.0,0.0,0.105,1.0,0.0,0.0,1.0
2.3999999999999986,-0.04394745350485257,-1.5579767622415095,0.105,0.0,0.0,0.105,1.0,0.0,0.0,1.0
2.3000000000000043,-4.988011828610311,-0.5741398079066405,0.105,0.0,0.0,0.105,1.0,0.0,0.0,1.0
2.3999999999999986,-3.1365615624768273,0.2459384972822948,0.105,0.0,0.0,0.105,1.0,0.0,0.0,1.0
2.4000000000000057,-0.1981435440542786,-0.897396264868178,0.105,0.0,0.0,0.105,1.0,0.0,0.0,1.0
2.4000000000000057,-3.1632533644268657,-2.113960412518601,0.105,0.0,0.0,0.105,1.0,0.0,0.0,1.0
2.5009999999999977,-1.7747490971536566,0.7360522982160602,0.105,0.0,0.0,0.105,1.0,0.0,0.0,1.0
2.299999999999997,-4.190789318962771,-0.4778509271919186,0.105,0.0,0.0,0.105,1.0,0.0,0.0,1.0
2.5,-0.9841090346466036,2.311063581850834,0.105,0.0,0.0,0.105,1.0,0.0,0.0,1.0
2.3999999999999986,-1.447977169513375,0.3411029974610206,0.105,0.0,0.0,0.105,1.0,0.0,0.0,1.0
2.1999999999999957,-1.1272379573959639,1.9070539729098663,0.105,0.0,0.0,0.105,1.0,0.0,0.0,1.0
2.299999999999997,-2.4499778343748537,-1.1419505965602728,0.105,0.0,0.0,0.105,1.0,0.0,0.0,1.0
2.4000000000000057,-0.7946390726611817,0.31004730439016753,0.105,0.0,0.0,0.105,1.0,0.0,0.0,1.0
2.299999999999997,-3.985326314856203,-0.34979888492648537,0.105,0.0,0.0,0.105,1.0,0.0,0.0,1.0
2.5,-3.5691547616040693,0.6858616147073485,0.105,0.0,0.0,0.105,1.0,0.0,0.0,1.0
2.299999999999997,-0.8812010345029799,-1.66544232089379,0.105,0.0,0.0,0.105,1.0,0.0,0.0,1.0
2.3000000000000043,-3.6199773910464073,0.02996723550177849,0.105,0.0,0.0,0.105,1.0,0.0,0.0,1.0
2.3999999999999986,-2.4720529462974112,0.2953302392587026,0.105,0.0,0.0,0.105,1.0,0.0,0.0,1.0
2.4000000000000057,-2.928608275503238,0.5772609200373144,0.105,0.0,0.0,0.105,1.0,0.0,0.0,1.0
2.4000000000000057,-0.8380705564405989,1.8850052370617867,0.105,0.0,0.0,0.105,1.0,0.0,0.0,1.0
2.6000000000000014,-2.0288491624541756,1.0577883849579588,0.105,0.0,0.0,0.105,1.0,0.0,0.0,1.0
2.3999999999999986,-1.5481291203931489,-2.3748181033095976,0.105,0.0,0.0,0.105,1.0,0.0,0.0,1.0
2.3999999999999986,-1.7503892726842076,-1.7413869248542015,0.105,0.0,0.0,0.105,1.0,0.0,0.0,1.0
2.5009999999999977,-3.7524411295041578,-1.766347494551759,0.105,0.0,0.0,0.105,1.0,0.0,0.0,1.0
2.3000000000000043,-4.093223541790883,0.8148528891467863,0.105,0.0,0.0,0.105,1.0,0.0,0.0,1.0
2.5020000000000024,-1.5248160327494775,1.8801780630934344,0.105,0.0,0.0,0.105,1.0,0.0,0.0,1.0
2.402000000000001,-3.0688883209807827,1.6659643603146028,0.105,0.0,0.0,0.105,1.0,0.0,0.0,1.0
2.4010000000000034,-4.623314595903083,-2.422938387719106,0.105,0.0,0.0,0.105,1.0,0.0,0.0,1.0
2.3019999999999996,-1.340813027981407,-1.0040392523537747,0.105,0.0,0.0,0.105,1.0,0.0,0.0,1.0
2.4000000000000057,-0.5007108312016587,1.191069119700839,0.105,0.0,0.0,0.105,1.0,0.0,0.0,1.0
2.3049999999999997,-0.4180089869326317,0.863403822569614,0.105,0.0,0.0,0.105,1.0,0.0,0.0,1.0
2.3000000000000043,-4.787988367042853,-1.4548736322854336,0.105,0.0,0.0,0.105,1.0,0.0,0.0,1.0
2.3999999999999986,-3.5261363703400592,0.9746760437674516,0.105,0.0,0.0,0.105,1.0,0.0,0.0,1.0
2.299999999999997,-0.5170409343424361,-0.7213786419622019,0.105,0.0,0.0,0.105,1.0,0.0,0.0,1.0
2.299999999999997,-2.80120777606175,-1.6713389825796998,0.105,0.0,0.0,0.105,1.0,0.0,0.0,1.0
2.5,-4.530318920380198,-2.3457723368514536,0.105,0.0,0.0,0.105,1.0,0.0,0.0,1.0
2.3999999999999986,-3.434025209641707,-0.9369212892893692,0.105,0.0,0.0,0.105,1.0,0.0,0.0,1.0
2.3999999999999986,-0.8074043127217215,1.8483024772498222,0.105,0.0,0.0,0.105,1.0,0.0,0.0,1.0
2.5,-2.519366681584067,-0.27474958974421504,0.105,0.0,0.0,0.105,1.0,0.0,0.0,1.0
2.3000000000000043,-4.414819102967821,-0.8717396851398048,0.105,0.0,0.0,0.105,1.0,0.0,0.0,1.0
2.3999999999999986,-0.6158560767158556,-0.7013411421672431,0.105,0.0,0.0,0.105,1.0,0.0,0.0,1.0
2.299999999999997,-4.507513807477268,1.9640711227098056,0.105,0.0,0.0,0.105,1.0,0.0,0.0,1.0
2.3999999999999986,-0.3613186544819512,-0.13933628973102472,0.105,0.0,0.0,0.105,1.0,0.0,0.0,1.0
2.4010000000000034,-0.5095627129628784,-0.24141320264367777,0.105,0.0,0.0,0.105,1.0,0.0,0.0,1.0
2.3999999999999986,-3.4694326530917534,1.1244669710244561,0.105,0.0,0.0,0.105,1.0,0.0,0.0,1.0
2.506999999999998,-2.874801364136427,-1.5947013581005374,0.105,0.0,0.0,0.105,1.0,0.0,0.0,1.0
2.200000000000003,-3.2173462363569816,1.6622689195384357,0.105,0.0,0.0,0.105,1.0,0.0,0.0,1.0
2.3999999999999986,-3.9276188496323305,-1.402195520961621,0.105,0.0,0.0,0.105,1.0,0.0,0.0,1.0
2.4029999999999987,-1.3939085566268574,-2.2902048776589217,0.105,0.0,0.0,0.105,1.0,0.0,0.0,1.0
2.4000000000000057,-2.8886997284622193,1.7880569119021852,0.105,0.0,0.0,0.105,1.0,0.0,0.0,1.0
2.4009999999999962,-0.13310330565293063,0.5259680790553786,0.105,0.0,0.0,0.105,1.0,0.0,0.0,1.0
2.2010000000000005,-4.917569497513493,0.2416279883235775,0.105,0.0,0.0,0.105,1.0,0.0,0.0,1.0
2.3999999999999986,-4.888115756452842,-0.9590160936574321,0.105,0.0,0.0,0.105,1.0,0.0,0.0,1.0
2.5009999999999977,-2.7429880917599148,0.5866285886017556,0.105,0.0,0.0,0.105,1.0,0.0,0.0,1.0
2.1999999999999957,-0.9423256082943138,-0.5115873581708066,0.105,0.0,0.0,0.105,1.0,0.0,0.0,1.0
2.299999999999997,-4.071528823858161,1.652494444740912,0.105,0.0,0.0,0.105,1.0,0.0,0.0,1.0
2.5010000000000048,-4.425761037730825,1.6522342110734725,0.105,0.0,0.0,0.105,1.0,0.0,0.0,1.0
2.402000000000001,-4.2296417318556765,0.025827585164755033,0.105,0.0,0.0,0.105,1.0,0.0,0.0,1.0
2.3000000000000043,-1.3975293023702868,-2.3963308827364456,0.105,0.0,0.0,0.105,1.0,0.0,0.0,1.0
2.3019999999999996,-4.677716918191444,-0.47634474545325306,0.105,0.0,0.0,0.105,1.0,0.0,0.0,1.0
2.3999999999999986,-0.6451171589934773,1.3501394533335345,0.105,0.0,0.0,0.105,1.0,0.0,0.0,1.0
2.6000000000000014,-1.4353201277177967,-0.2003585820450276,0.105,0.0,0.0,0.105,1.0,0.0,0.0,1.0
2.3999999999999986,-1.5888213829738722,2.4219051254771378,0.105,0.0,0.0,0.105,1.0,0.0,0.0,1.0
2.4000000000000057,-2.261353805249035,-2.028347844641241,0.105,0.0,0.0,0.105,1.0,0.0,0.0,1.0
2.3999999999999986,-0.4559957141912159,-1.3623181230832684,0.105,0.0,0.0,0.105,1.0,0.0,0.0,1.0
2.5020000000000024,-2.0995441636225967,-0.9002062506909175,0.105,0.0,0.0,0.105,1.0,0.0,0.0,1.0
2.3000000000000043,-2.978743250792207,-1.1940614283342035,0.105,0.0,0.0,0.105,1.0,0.0,0.0,1.0
2.3000000000000043,-0.606684779006385,-1.1823271410995329,0.105,0.0,0.0,0.105,1.0,0.0,0.0,1.0
2.200000000000003,-0.9900291563763761,2.2994508302003833,0.105,0.0,0.0,0.105,1.0,0.0,0.0,1.0
2.200000000000003,-2.075777307062368,1.395785285323804,0.105,0.0,0.0,0.105,1.0,0.0,0.0,1.0
2.3999999999999986,-2.680059003960618,-1.6791341359527054,0.105,0.0,0.0,0.105,1.0,0.0,0.0,1.0
2.5,-4.929407826240208,0.23330437209212454,0.105,0.0,0.0,0.105,1.0,0.0,0.0,1.0
2.1999999999999957,-2.4165886726918795,1.5284146815215305,0.105,0.0,0.0,0.105,1.0,0.0,0.0,1.0
2.702999999999996,-0.2628092382531601,0.9610364806826949,0.105,0.0,0.0,0.105,1.0,0.0,0.0,1.0
2.6000000000000014,-4.298671299824507,-1.1882447327343715,0.105,0.0,0.0,0.105,1.0,0.0,0.0,1.0
2.5009999999999977,-3.8425147644080457,-0.07439989569951323,0.105,0.0,0.0,0.105,1.0,0.0,0.0,1.0
2.5,-1.5028145194509985,1.7987912119020348,0.105,0.0,0.0,0.105,1.0,0.0,0.0,1.0
2.299999999999997,-3.5554352911264706,1.2356785084644089,0.105,0.0,0.0,0.105,1.0,0.0,0.0,1.0
2.4000000000000057,-4.48479836807837,0.45380847410194075,0.105,0.0,0.0,0.105,1.0,0.0,0.0,1.0
2.3999999999999986,-1.2660339626620987,1.2117882032133795,0.105,0.0,0.0,0.105,1.0,0.0,0.0,1.0
2.5,-3.769510906225599,0.1756807431446004,0.105,0.0,0.0,0.105,1.0,0.0,0.0,1.0
2.6000000000000014,-4.557571561383814,-1.1318288469461297,0.105,0.0,0.0,0.105,1.0,0.0,0.0,1.0
2.200000000000003,-4.591295984498802,0.4278966760672235,0.105,0.0,0.0,0.105,1.0,0.0,0.0,1.0
2.3999999999999986,-2.101382902572632,2.2389199024128463,0.105,0.0,0.0,0.105,1.0,0.0,0.0,1.0
2.5,-3.1221294804161324,-1.3987476491537107,0.105,0.0,0.0,0.105,1.0,0.0,0.0,1.0
2.3999999999999986,-1.9485629311224901,1.9868645158523641,0.105,0.0,0.0,0.105,1.0,0.0,0.0,1.0
2.3999999999999986,-0.012235674534988219,1.9945903693979907,0.105,0.0,0.0,0.105,1.0,0.0,0.0,1.0
2.6000000000000014,-3.023173219056518,-1.0897475636958562,0.105,0.0,0.0,0.105,1.0,0.0,0.0,1.0
2.1999999999999957,-2.6844671746162385,-1.9369087611144145,0.105,0.0,0.0,0.105,1.0,0.0,0.0,1.0
2.3000000000000043,-1.1863390884660912,0.0201105757796627,0.105,0.0,0.0,0.105,1.0,0.0,0.0,1.0
2.3999999999999986,-2.4613250333562773,-0.13349161722013753,0.105,0.0,0.0,0.105,1.0,0.0,0.0,1.0
2.3030000000000044,-4.82776098294395,-0.6595913593565746,0.105,0.0,0.0,0.105,1.0,0.0,0.0,1.0
2.3999999999999986,-3.643860351783354,2.132270511705954,0.105,0.0,0.0,0.105,1.0,0.0,0.0,1.0
2.299999999999997,-0.6470933906490643,-0.7735937505408409,0.105,0.0,0.0,0.105,1.0,0.0,0.0,1.0
2.3999999999999986,-3.660190545219116,1.177208144876867,0.105,0.0,0.0,0.105,1.0,0.0,0.0,1.0
2.4000000000000057,-0.65600223687077,0.44534589356731563,0.105,0.0,0.0,0.105,1.0,0.0,0.0,1.0
2.308,-2.862620513365199,1.918449702531404,0.105,0.0,0.0,0.105,1.0,0.0,0.0,1.0
2.3000000000000043,-0.005380156035845273,-2.350648214859993,0.105,0.0,0.0,0.105,1.0,0.0,0.0,1.0
2.3999999999999986,-4.797206030568787,1.7380217974648298,0.105,0.0,0.0,0.105,1.0,0.0,0.0,1.0
2.3999999999999986,-2.385966201221456,-2.0187109054864183,0.105,0.0,0.0,0.105,1.0,0.0,0.0,1.0
2.5020000000000024,-4.4908013506045705,0.9957552432148373,0.105,0.0,0.0,0.105,1.0,0.0,0.0,1.0
2.299999999999997,-4.709866574118495,-0.8868354123960641,0.105,0.0,0.0,0.105,1.0,0.0,0.0,1.0
2.3999999999999986,-3.160881060201383,0.23617228490326608,0.105,0.0,0.0,0.105,1.0,0.0,0.0,1.0
2.6019999999999968,-3.696264854685071,-0.8903757982695993,0.105,0.0,0.0,0.105,1.0,0.0,0.0,1.0
2.1999999999999957,-3.2394841287284137,-1.116861887937277,0.105,0.0,0.0,0.105,1.0,0.0,0.0,1.0
2.6000000000000014,-4.114502165216347,0.009881618250101209,0.105,0.0,0.0,0.105,1.0,0.0,0.0,1.0
2.3999999999999986,-4.1262864405314685,1.4931806056515553,0.105,0.0,0.0,0.105,1.0,0.0,0.0,1.0
2.5,-2.211276433341653,-0.6190822541470881,0.105,0.0,0.0,0.105,1.0,0.0,0.0,1.0
2.3999999999999986,-4.341362643680557,-1.9975149953367006,0.105,0.0,0.0,0.105,1.0,0.0,0.0,1.0
2.300999999999995,-2.8327590782266525,1.3686283289870653,0.105,0.0,0.0,0.105,1.0,0.0,0.0,1.0
2.301000000000002,-2.40454698823757,2.3794355408726924,0.105,0.0,0.0,0.105,1.0,0.0,0.0,1.0
2.6000000000000014,-1.847872859503496,-1.1925993377306536,0.105,0.0,0.0,0.105,1.0,0.0,0.0,1.0
2.4000000000000057,-2.0830151265895536,-0.15991148796133614,0.105,0.0,0.0,0.105,1.0,0.0,0.0,1.0
2.299999999999997,-2.8251628932922657,-1.4791029047716346,0.105,0.0,0.0,0.105,1.0,0.0,0.0,1.0
2.5,-3.3253553564932514,-0.7964689872533929,0.105,0.0,0.0,0.105,1.0,0.0,0.0,1.0
2.1999999999999957,-0.36074216885506577,1.3500545100177077,0.105,0.0,0.0,0.105,1.0,0.0,0.0,1.0
2.600999999999999,-1.233018336934381,-0.28067766022821383,0.105,0.0,0.0,0.105,1.0,0.0,0.0,1.0
2.5,-1.9923923260242609,-0.3043872132267432,0.105,0.0,0.0,0.105,1.0,0.0,0.0,1.0
2.299999999999997,-3.3992770094457643,-0.7393837630715819,0.105,0.0,0.0,0.105,1.0,0.0,0.0,1.0
2.5,-0.5187465116716439,0.8607215458532445,0.105,0.0,0.0,0.105,1.0,0.0,0.0,1.0
2.5,-2.746022103377091,-0.45170760896719064,0.105,0.0,0.0,0.105,1.0,0.0,0.0,1.0
2.5,-3.939795936759064,1.2063180790409949,0.105,0.0,0.0,0.105,1.0,0.0,0.0,1.0
2.3999999999999986,-3.101688115399956,0.9708000049436672,0.105,0.0,0.0,0.105,1.0,0.0,0.0,1.0
2.5999999999999943,-0.3936215807374996,-0.7808522234928286,0.105,0.0,0.0,0.105,1.0,0.0,0.0,1.0
2.200000000000003,-3.255123486832639,1.5039808802027719,0.105,0.0,0.0,0.105,1.0,0.0,0.0,1.0
2.1999999999999957,-4.8323888355649,-2.1303714569708245,0.105,0.0,0.0,0.105,1.0,0.0,0.0,1.0
2.1999999999999957,-1.6086727131232696,-2.047295298203621,0.105,0.0,0.0,0.105,1.0,0.0,0.0,1.0
2.5999999999999943,-3.185520975568396,1.1827841494944622,0.105,0.0,0.0,0.105,1.0,0.0,0.0,1.0
2.6000000000000014,-4.073058702260699,0.3655586533841114,0.105,0.0,0.0,0.105,1.0,0.0,0.0,1.0
2.299999999999997,-3.8351923039670295,1.6545989489172581,0.105,0.0,0.0,0.105,1.0,0.0,0.0,1.0
2.3999999999999986,-4.8109727702227945,1.2412300595771366,0.105,0.0,0.0,0.105,1.0,0.0,0.0,1.0
2.3999999999999986,-3.4280165883704434,1.7267191342000539,0.105,0.0,0.0,0.105,1.0,0.0,0.0,1.0
2.3999999999999986,-3.2093871588506113,1.7761300173536245,0.105,0.0,0.0,0.105,1.0,0.0,0.0,1.0
2.3000000000000043,-4.038880484705135,-0.7201622814688379,0.105,0.0,0.0,0.105,1.0,0.0,0.0,1.0
2.3999999999999986,-1.859123267820265,-0.5053745145624926,0.105,0.0,0.0,0.105,1.0,0.0,0.0,1.0
2.4000000000000057,-1.6965597230206773,-0.36665126608508464,0.105,0.0,0.0,0.105,1.0,0.0,0.0,1.0
2.5,-1.7056568657783562,2.356047470480256,0.105,0.0,0.0,0.105,1.0,0.0,0.0,1.0
2.402000000000001,-3.795341836649414,-1.4162308273852227,0.105,0.0,0.0,0.105,1.0,0.0,0.0,1.0
2.3000000000000043,-1.9002207383132204,1.4949570865511104,0.105,0.0,0.0,0.105,1.0,0.0,0.0,1.0
2.4009999999999962,-2.545507421953117,2.4300068958680825,0.105,0.0,0.0,0.105,1.0,0.0,0.0,1.0
2.6000000000000014,-1.7810714402804004,-1.910641313053481,0.105,0.0,0.0,0.105,1.0,0.0,0.0,1.0
2.700000000000003,-0.4375345915352204,-0.4862905901903183,0.105,0.0,0.0,0.105,1.0,0.0,0.0,1.0
2.3999999999999986,-2.7410593420148337,1.611409284427784,0.105,0.0,0.0,0.105,1.0,0.0,0.0,1.0
2.299999999999997,-3.7231194122123936,1.0155196806391904,0.105,0.0,0.0,0.105,1.0,0.0,0.0,1.0
2.3999999999999986,-1.7541736641407448,0.8508473719618065,0.105,0.0,0.0,0.105,1.0,0.0,0.0,1.0
2.3999999999999986,-4.142024218163661,2.4718381537685596,0.105,0.0,0.0,0.105,1.0,0.0,0.0,1.0
2.200000000000003,-4.543659118314639,-2.3145638166377376,0.105,0.0,0.0,0.105,1.0,0.0,0.0,1.0
2.3999999999999986,-1.1513835111595625,-0.47849114725977565,0.105,0.0,0.0,0.105,1.0,0.0,0.0,1.0
2.200000000000003,-1.1604793102173128,-1.4164478901531874,0.105,0.0,0.0,0.105,1.0,0.0,0.0,1.0
2.299999999999997,-4.6484494142162065,0.938193080032583,0.105,0.0,0.0,0.105,1.0,0.0,0.0,1.0
2.299999999999997,-2.0933811266786684,-2.2508416016173878,0.105,0.0,0.0,0.105,1.0,0.0,0.0,1.0
2.299999999999997,-3.4327478080568246,0.6761954049705666,0.105,0.0,0.0,0.105,1.0,0.0,0.0,1.0
2.301000000000002,-1.0901237981929663,0.08496696636638976,0.105,0.0,0.0,0.105,1.0,0.0,0.0,1.0
2.6000000000000014,-3.4854020061872837,0.6994223755946978,0.105,0.0,0.0,0.105,1.0,0.0,0.0,1.0
2.3999999999999986,-4.061301864546077,-1.910864156139426,0.105,0.0,0.0,0.105,1.0,0.0,0.0,1.0
2.3999999999999986,-1.1318796442135235,0.3226647784557989,0.105,0.0,0.0,0.105,1.0,0.0,0.0,1.0
2.299999999999997,-0.7365967399811996,0.47073449167047887,0.105,0.0,0.0,0.105,1.0,0.0,0.0,1.0
2.299999999999997,-0.4251340854677981,-1.6688825112840433,0.105,0.0,0.0,0.105,1.0,0.0,0.0,1.0
2.5,-2.2335141151874853,1.8553614277938724,0.105,0.0,0.0,0.105,1.0,0.0,0.0,1.0
2.600999999999999,-3.466299495737116,-1.0284392110565848,0.105,0.0,0.0,0.105,1.0,0.0,0.0,1.0
2.4010000000000034,-3.3580657809349317,-1.291091808476398,0.105,0.0,0.0,0.105,1.0,0.0,0.0,1.0
2.3000000000000043,-0.3880841434425546,0.22439210856454977,0.105,0.0,0.0,0.105,1.0,0.0,0.0,1.0
2.3999999999999986,-3.3502757927091404,2.2713689576384417,0.105,0.0,0.0,0.105,1.0,0.0,0.0,1.0
2.202999999999996,-1.6036278814838256,2.2788661701864616,0.105,0.0,0.0,0.105,1.0,0.0,0.0,1.0
2.3999999999999986,-0.48003578819235154,-2.3765333399999813,0.105,0.0,0.0,0.105,1.0,0.0,0.0,1.0
2.3999999999999986,-0.8898809010506076,-0.6011871654364681,0.105,0.0,0.0,0.105,1.0,0.0,0.0,1.0
2.4010000000000034,-1.178605440943128,-1.3869177654424265,0.105,0.0,0.0,0.105,1.0,0.0,0.0,1.0
2.6000000000000014,-2.0874553911785863,1.3537880571824754,0.105,0.0,0.0,0.105,1.0,0.0,0.0,1.0
2.3999999999999986,-0.0834594995413855,-2.3982710612774047,0.105,0.0,0.0,0.105,1.0,0.0,0.0,1.0
2.3999999999999986,-2.846566076414425,-1.602058226531562,0.105,0.0,0.0,0.105,1.0,0.0,0.0,1.0
2.5,-3.4241809334639948,1.9346517201233473,0.105,0.0,0.0,0.105,1.0,0.0,0.0,1.0
2.3999999999999986,-2.533785137689534,0.004886677601109848,0.105,0.0,0.0,0.105,1.0,0.0,0.0,1.0
2.200000000000003,-1.843656958719017,-0.21818431792604928,0.105,0.0,0.0,0.105,1.0,0.0,0.0,1.0
2.3999999999999986,-0.9382471374950317,0.7364188902513885,0.105,0.0,0.0,0.105,1.0,0.0,0.0,1.0
2.4009999999999962,-1.0450294795443853,2.3159311403498575,0.105,0.0,0.0,0.105,1.0,0.0,0.0,1.0
2.5,-3.17077076972568,-1.3285362893450428,0.105,0.0,0.0,0.105,1.0,0.0,0.0,1.0
2.5,-3.159118988555615,-0.3584599729011288,0.105,0.0,0.0,0.105,1.0,0.0,0.0,1.0
2.6000000000000014,-2.758151234895827,1.203296073279803,0.105,0.0,0.0,0.105,1.0,0.0,0.0,1.0
2.200000000000003,-3.921388120974293,-0.39741607888395464,0.105,0.0,0.0,0.105,1.0,0.0,0.0,1.0
2.2010000000000005,-3.0978458835733034,-0.19894604646465322,0.105,0.0,0.0,0.105,1.0,0.0,0.0,1.0
2.4000000000000057,-0.9368337404794054,-0.6010676411131106,0.105,0.0,0.0,0.105,1.0,0.0,0.0,1.0
2.5009999999999977,-1.867115765979047,-1.0284111128342657,0.105,0.0,0.0,0.105,1.0,0.0,0.0,1.0
2.3999999999999986,-3.1775644244011185,-1.100683094343507,0.105,0.0,0.0,0.105,1.0,0.0,0.0,1.0
2.299999999999997,-2.392075619637359,-0.7614722180844107,0.105,0.0,0.0,0.105,1.0,0.0,0.0,1.0
2.299999999999997,-2.932235814293363,-2.4875018751473434,0.105,0.0,0.0,0.105,1.0,0.0,0.0,1.0
2.4000000000000057,-3.3884532217277314,1.3412297142362186,0.105,0.0,0.0,0.105,1.0,0.0,0.0,1.0
2.3030000000000044,-2.0337891539851745,1.9517234978989668,0.105,0.0,0.0,0.105,1.0,0.0,0.0,1.0
2.1999999999999957,-4.6763515962467554,1.3236154306078372,0.105,0.0,0.0,0.105,1.0,0.0,0.0,1.0
2.6000000000000014,-1.1933588483936488,0.8751442580324789,0.105,0.0,0.0,0.105,1.0,0.0,0.0,1.0
2.600999999999999,-3.8875505676909534,-1.9134364913834045,0.105,0.0,0.0,0.105,1.0,0.0,0.0,1.0
2.3999999999999986,-1.0894704808618707,-1.9630609277660975,0.105,0.0,0.0,0.105,1.0,0.0,0.0,1.0
2.3999999999999986,-0.5855486680850016,-2.00021331664634,0.105,0.0,0.0,0.105,1.0,0.0,0.0,1.0
2.3049999999999997,-3.226581528207128,-0.015271582564919324,0.105,0.0,0.0,0.105,1.0,0.0,0.0,1.0
2.6000000000000014,-0.6553103145828475,-0.7727182840377526,0.105,0.0,0.0,0.105,1.0,0.0,0.0,1.0
2.3000000000000043,-3.7589839182938207,2.491898235589414,0.105,0.0,0.0,0.105,1.0,0.0,0.0,1.0
2.3999999999999986,-1.4753656785475942,-1.9215979916619235,0.105,0.0,0.0,0.105,1.0,0.0,0.0,1.0
2.3000000000000043,-1.6420113308441222,-1.1330413441270801,0.105,0.0,0.0,0.105,1.0,0.0,0.0,1.0
2.3999999999999986,-3.7583714649420825,2.317413290359361,0.105,0.0,0.0,0.105,1.0,0.0,0.0,1.0
2.3999999999999986,-0.0004947022104714914,-1.7405989032366371,0.105,0.0,0.0,0.105,1.0,0.0,0.0,1.0
2.3999999999999986,-3.309750811121315,-0.6935779733188125,0.105,0.0,0.0,0.105,1.0,0.0,0.0,1.0
2.3999999999999986,-1.4286771071742996,2.4962228415677994,0.105,0.0,0.0,0.105,1.0,0.0,0.0,1.0
2.1999999999999957,-1.6460070164846654,-1.2235953482302082,0.105,0.0,0.0,0.105,1.0,0.0,0.0,1.0
2.3999999999999986,-0.7985978453610217,1.270914822366543,0.105,0.0,0.0,0.105,1.0,0.0,0.0,1.0
2.3999999999999986,-0.33170062744600126,0.06656571907355135,0.105,0.0,0.0,0.105,1.0,0.0,0.0,1.0
2.3999999999999986,-0.09722718985825862,2.1941688750507207,0.105,0.0,0.0,0.105,1.0,0.0,0.0,1.0
2.6000000000000014,-2.025955666087847,-2.2344817407522704,0.105,0.0,0.0,0.105,1.0,0.0,0.0,1.0
2.3000000000000043,-3.116306398619901,-0.3805634051027145,0.105,0.0,0.0,0.105,1.0,0.0,0.0,1.0
2.5009999999999977,-0.3356737621316895,1.3435291329094852,0.105,0.0,0.0,0.105,1.0,0.0,0.0,1.0
2.6000000000000014,-3.146958078226374,0.7591067337812624,0.105,0.0,0.0,0.105,1.0,0.0,0.0,1.0
2.201999999999998,-4.302509493368247,0.02736141134325475,0.105,0.0,0.0,0.105,1.0,0.0,0.0,1.0
2.3999999999999986,-4.340854532020975,1.427947810252998,0.105,0.0,0.0,0.105,1.0,0.0,0.0,1.0
2.600999999999999,-4.82240241181287,2.467280612960497,0.105,0.0,0.0,0.105,1.0,0.0,0.0,1.0
2.3999999999999986,-1.6249958225004524,0.3815338859972656,0.105,0.0,0.0,0.105,1.0,0.0,0.0,1.0
2.600999999999999,-0.48216811521673164,2.270732471282296,0.105,0.0,0.0,0.105,1.0,0.0,0.0,1.0
2.299999999999997,-3.107327784830722,-1.1912236557616025,0.105,0.0,0.0,0.105,1.0,0.0,0.0,1.0
2.5009999999999977,-2.1109913231395105,-0.3824070281672442,0.105,0.0,0.0,0.105,1.0,0.0,0.0,1.0
2.3000000000000043,-4.369419028787383,2.358447958102396,0.105,0.0,0.0,0.105,1.0,0.0,0.0,1.0
2.3999999999999986,-4.308894043502669,-1.514441896559136,0.105,0.0,0.0,0.105,1.0,0.0,0.0,1.0
2.3999999999999986,-3.8888256715479415,-1.41972796309644,0.105,0.0,0.0,0.105,1.0,0.0,0.0,1.0
2.3019999999999996,-2.43813894531928,-1.5011805073355426,0.105,0.0,0.0,0.105,1.0,0.0,0.0,1.0
2.4010000000000034,-2.082966077838495,-0.5263679932614111,0.105,0.0,0.0,0.105,1.0,0.0,0.0,1.0
2.602000000000004,-0.322409831897523,-0.1819295955874519,0.105,0.0,0.0,0.105,1.0,0.0,0.0,1.0
2.5999999999999943,-1.4622299746151188,1.6481128911572211,0.105,0.0,0.0,0.105,1.0,0.0,0.0,1.0
2.301000000000002,-1.0761964768150019,1.0571041002074564,0.105,0.0,0.0,0.105,1.0,0.0,0.0,1.0
2.3999999999999986,-4.683653786755064,1.8326579142071202,0.105,0.0,0.0,0.105,1.0,0.0,0.0,1.0
2.200000000000003,-1.9114563651701078,2.3001716135447023,0.105,0.0,0.0,0.105,1.0,0.0,0.0,1.0
2.299999999999997,-0.8167627129275504,0.13814040743037137,0.105,0.0,0.0,0.105,1.0,0.0,0.0,1.0
2.3999999999999986,-1.7881815038601974,1.4447833724734385,0.105,0.0,0.0,0.105,1.0,0.0,0.0,1.0
2.5009999999999977,-1.5421143320197745,-2.3250332038981254,0.105,0.0,0.0,0.105,1.0,0.0,0.0,1.0
2.4009999999999962,-1.978369405139602,1.7495122559669392,0.105,0.0,0.0,0.105,1.0,0.0,0.0,1.0
2.3999999999999986,-0.38167010724166184,-0.04681388784101307,0.105,0.0,0.0,0.105,1.0,0.0,0.0,1.0
2.5,-1.4081067849017228,1.2455393844057348,0.105,0.0,0.0,0.105,1.0,0.0,0.0,1.0
2.301000000000002,-0.9071572511928425,0.7541962972248153,0.105,0.0,0.0,0.105,1.0,0.0,0.0,1.0
2.299999999999997,-0.9410471198441717,0.09230075490360842,0.105,0.0,0.0,0.105,1.0,0.0,0.0,1.0
2.299999999999997,-2.5202489155043684,2.260709496184217,0.105,0.0,0.0,0.105,1.0,0.0,0.0,1.0
2.5,-3.2498405998618947,-2.0178906114904773,0.105,0.0,0.0,0.105,1.0,0.0,0.0,1.0
2.3999999999999986,-4.13583258118808,-1.091265205390163,0.105,0.0,0.0,0.105,1.0,0.0,0.0,1.0
2.200000000000003,-4.303367750761721,2.1524263445430414,0.105,0.0,0.0,0.105,1.0,0.0,0.0,1.0
2.4000000000000057,-1.5256391010620058,0.6194177849121463,0.105,0.0,0.0,0.105,1.0,0.0,0.0,1.0
2.200000000000003,-2.6648602273102897,0.8475432802238438,0.105,0.0,0.0,0.105,1.0,0.0,0.0,1.0
2.3999999999999986,-4.9090562530946595,0.8771141214894391,0.105,0.0,0.0,0.105,1.0,0.0,0.0,1.0
2.3999999999999986,-4.608041644627804,-0.7050003328910446,0.105,0.0,0.0,0.105,1.0,0.0,0.0,1.0
2.3999999999999986,-3.0058644850782703,-1.883092148758182,0.105,0.0,0.0,0.105,1.0,0.0,0.0,1.0
2.3999999999999986,-2.3493224861720896,0.8532750008828068,0.105,0.0,0.0,0.105,1.0,0.0,0.0,1.0
2.4009999999999962,-1.6394931141490623,-2.310842628737579,0.105,0.0,0.0,0.105,1.0,0.0,0.0,1.0
2.3999999999999986,-4.8206089900637545,-2.1252663119730353,0.105,0.0,0.0,0.105,1.0,0.0,0.0,1.0
2.6000000000000014,-1.6737294229057036,-0.21222871410727828,0.105,0.0,0.0,0.105,1.0,0.0,0.0,1.0
2.3999999999999986,-0.7072924040022159,2.440268016399502,0.105,0.0,0.0,0.105,1.0,0.0,0.0,1.0
2.5,-2.753997268725505,-0.19911506303085463,0.105,0.0,0.0,0.105,1.0,0.0,0.0,1.0
2.4000000000000057,-3.7040237643118323,0.2932269220623017,0.105,0.0,0.0,0.105,1.0,0.0,0.0,1.0
2.5020000000000024,-2.885756404865044,-0.45418392957610043,0.105,0.0,0.0,0.105,1.0,0.0,0.0,1.0
2.301000000000002,-2.616235886872438,-1.8005481216480796,0.105,0.0,0.0,0.105,1.0,0.0,0.0,1.0
2.601000000000006,-1.6829930890924165,-2.2931702375137237,0.105,0.0,0.0,0.105,1.0,0.0,0.0,1.0
2.5,-4.566269221099552,-2.255556768991283,0.105,0.0,0.0,0.105,1.0,0.0,0.0,1.0
2.3999999999999986,-0.7017553419037763,2.3344954155705135,0.105,0.0,0.0,0.105,1.0,0.0,0.0,1.0
2.5,-0.743093481626505,-1.6351811538276317,0.105,0.0,0.0,0.105,1.0,0.0,0.0,1.0
2.4009999999999962,-4.532391926462374,2.341415391453375,0.105,0.0,0.0,0.105,1.0,0.0,0.0,1.0
2.3999999999999986,-0.33265815630267287,-1.6890351515215802,0.105,0.0,0.0,0.105,1.0,0.0,0.0,1.0
2.4010000000000034,-3.408163713892757,-0.2500497223131993,0.105,0.0,0.0,0.105,1.0,0.0,0.0,1.0
2.6000000000000014,-1.4109501711553625,-1.1570294970917774,0.105,0.0,0.0,0.105,1.0,0.0,0.0,1.0
2.600999999999999,-0.9987245741952158,0.7757391200221863,0.105,0.0,0.0,0.105,1.0,0.0,0.0,1.0
2.200000000000003,-4.281866967251788,-0.9356074600629608,0.105,0.0,0.0,0.105,1.0,0.0,0.0,1.0
2.1999999999999957,-4.807839318615847,0.0141282986423475,0.105,0.0,0.0,0.105,1.0,0.0,0.0,1.0
2.299999999999997,-3.934816092461181,1.8590017588956007,0.105,0.0,0.0,0.105,1.0,0.0,0.0,1.0
2.5,-1.5053305203420613,-1.7001318405046708,0.105,0.0,0.0,0.105,1.0,0.0,0.0,1.0
2.3999999999999986,-3.4880620067509156,-0.06473223258888444,0.105,0.0,0.0,0.105,1.0,0.0,0.0,1.0
2.3999999999999986,-4.413300684471234,-0.5670011492843963,0.105,0.0,0.0,0.105,1.0,0.0,0.0,1.0
2.299999999999997,-1.3138780451359668,0.4671162300966781,0.105,0.0,0.0,0.105,1.0,0.0,0.0,1.0
2.4000000000000057,-3.126154625355406,2.369551960353906,0.105,0.0,0.0,0.105,1.0,0.0,0.0,1.0
2.3999999999999986,-3.7444032361808097,-1.4082393659006915,0.105,0.0,0.0,0.105,1.0,0.0,0.0,1.0
2.4010000000000034,-0.19079213199577547,-1.2408655621469895,0.105,0.0,0.0,0.105,1.0,0.0,0.0,1.0
2.299999999999997,-2.439480565506824,0.661473851758022,0.105,0.0,0.0,0.105,1.0,0.0,0.0,1.0
2.5999999999999943,-4.882602598098711,-0.668580712673439,0.105,0.0,0.0,0.105,1.0,0.0,0.0,1.0
2.3999999999999986,-1.8324327292357263,1.169540636152226,0.105,0.0,0.0,0.105,1.0,0.0,0.0,1.0
2.5,-2.8717488275071275,1.6341673635674567,0.105,0.0,0.0,0.105,1.0,0.0,0.0,1.0
2.700000000000003,-2.9883966008557294,-2.261467757495684,0.105,0.0,0.0,0.105,1.0,0.0,0.0,1.0
2.5,-0.024655794147678642,-0.26241243547817805,0.105,0.0,0.0,0.105,1.0,0.0,0.0,1.0
2.5,-4.291984239597563,-1.9374418517139698,0.105,0.0,0.0,0.105,1.0,0.0,0.0,1.0
2.3999999999999986,-2.7502588307897957,-0.3491334690182371,0.105,0.0,0.0,0.105,1.0,0.0,0.0,1.0
2.6000000000000014,-1.2434468726609882,1.739615633631462,0.105,0.0,0.0,0.105,1.0,0.0,0.0,1.0
2.299999999999997,-1.507178355745148,1.8613953733647228,0.105,0.0,0.0,0.105,1.0,0.0,0.0,1.0
2.3999999999999986,-0.7826489314865184,-1.1592397896900513,0.105,0.0,0.0,0.105,1.0,0.0,0.0,1.0
2.3999999999999986,-3.431265310896048,-1.1475616107397697,0.105,0.0,0.0,0.105,1.0,0.0,0.0,1.0
2.299999999999997,-3.3971226127552447,0.589404081292716,0.105,0.0,0.0,0.105,1.0,0.0,0.0,1.0
2.3999999999999986,-0.6358612319953075,-1.8892618817467992,0.105,0.0,0.0,0.105,1.0,0.0,0.0,1.0
2.301000000000002,-1.1156203363601664,-1.2959694744948829,0.105,0.0,0.0,0.105,1.0,0.0,0.0,1.0
2.3999999999999986,-4.322209948605706,-2.062097209256948,0.105,0.0,0.0,0.105,1.0,0.0,0.0,1.0
2.3999999999999986,-2.5911220778767494,1.4543195067818622,0.105,0.0,0.0,0.105,1.0,0.0,0.0,1.0
2.3999999999999986,-2.4811807611058354,0.284062837057671,0.105,0.0,0.0,0.105,1.0,0.0,0.0,1.0
2.3999999999999986,-1.2529457347829942,-0.23214668784781453,0.105,0.0,0.0,0.105,1.0,0.0,0.0,1.0
2.5,-3.11458685143288,-0.48248545808264065,0.105,0.0,0.0,0.105,1.0,0.0,0.0,1.0
2.5,-3.572839480546559,-0.9902341188577403,0.105,0.0,0.0,0.105,1.0,0.0,0.0,1.0
2.4000000000000057,-0.7696707376728347,-0.6236676475909098,0.105,0.0,0.0,0.105,1.0,0.0,0.0,1.0
2.4000000000000057,-0.1282036492442209,1.40242089418534,0.105,0.0,0.0,0.105,1.0,0.0,0.0,1.0
2.3999999999999986,-2.1498559543566294,-1.746531916420566,0.105,0.0,0.0,0.105,1.0,0.0,0.0,1.0
2.2010000000000005,-1.3771253903528593,1.7894469372333883,0.105,0.0,0.0,0.105,1.0,0.0,0.0,1.0
2.3999999999999986,-4.9767281687744545,-1.5455154865959897,0.105,0.0,0.0,0.105,1.0,0.0,0.0,1.0
2.3999999999999986,-4.482024477170593,2.3631931970064746,0.105,0.0,0.0,0.105,1.0,0.0,0.0,1.0
2.5,-4.219028476951866,-1.2259092113097547,0.105,0.0,0.0,0.105,1.0,0.0,0.0,1.0
2.600999999999999,-2.9722319955385643,1.943660821763521,0.105,0.0,0.0,0.105,1.0,0.0,0.0,1.0
2.299999999999997,-0.6331143870430525,-0.7884907264590172,0.105,0.0,0.0,0.105,1.0,0.0,0.0,1.0
2.3999999999999986,-2.7193411055845527,-0.013590265863405443,0.105,0.0,0.0,0.105,1.0,0.0,0.0,1.0
2.5,-4.073046017910157,-1.6810191547624997,0.105,0.0,0.0,0.105,1.0,0.0,0.0,1.0
2.3999999999999986,-2.606008802145338,0.6984563119195006,0.105,0.0,0.0,0.105,1.0,0.0,0.0,1.0
2.5010000000000048,-4.553986838802164,-0.9551294361230603,0.105,0.0,0.0,0.105,1.0,0.0,0.0,1.0
2.3999999999999986,-4.775558272320748,-1.715915589196837,0.105,0.0,0.0,0.105,1.0,0.0,0.0,1.0
2.5,-0.19488531186449135,2.1174150277397565,0.105,0.0,0.0,0.105,1.0,0.0,0.0,1.0
2.2049999999999983,-3.7233816432094833,2.241341016754315,0.105,0.0,0.0,0.105,1.0,0.0,0.0,1.0
2.6000000000000014,-2.836388260094316,2.0951109514196427,0.105,0.0,0.0,0.105,1.0,0.0,0.0,1.0
2.3999999999999986,-0.786026892625849,-0.6218551803868487,0.105,0.0,0.0,0.105,1.0,0.0,0.0,1.0
2.3000000000000043,-0.18611032164660138,1.5521824233788812,0.105,0.0,0.0,0.105,1.0,0.0,0.0,1.0
2.3999999999999986,-1.4884821530370318,0.7058200079689217,0.105,0.0,0.0,0.105,1.0,0.0,0.0,1.0
2.3000000000000043,-3.312824428442803,-1.5228588415269253,0.105,0.0,0.0,0.105,1.0,0.0,0.0,1.0
2.3999999999999986,-1.7477468604701896,1.9188613618989114,0.105,0.0,0.0,0.105,1.0,0.0,0.0,1.0
2.5,-3.171776214236934,0.5052640238557123,0.105,0.0,0.0,0.105,1.0,0.0,0.0,1.0
2.2020000000000053,-0.0021286526140215636,2.3059169350656856,0.105,0.0,0.0,0.105,1.0,0.0,0.0,1.0
2.3999999999999986,-3.9027919368665134,-1.3503307078733293,0.105,0.0,0.0,0.105,1.0,0.0,0.0,1.0
2.3999999999999986,-1.9580737834840354,1.2785110992229547,0.105,0.0,0.0,0.105,1.0,0.0,0.0,1.0
2.3999999999999986,-3.3103968677098714,-2.285159797167673,0.105,0.0,0.0,0.105,1.0,0.0,0.0,1.0
2.6000000000000014,-1.7858318858077145,-1.546665935706435,0.105,0.0,0.0,0.105,1.0,0.0,0.0,1.0
2.3999999999999986,-4.433840292868239,0.20014127719702,0.105,0.0,0.0,0.105,1.0,0.0,0.0,1.0
2.4000000000000057,-2.2318605529052693,2.4784176867934837,0.105,0.0,0.0,0.105,1.0,0.0,0.0,1.0
2.5,-4.197586638606042,1.9905924131724297,0.105,0.0,0.0,0.105,1.0,0.0,0.0,1.0
2.3999999999999986,-3.1096864013518544,-2.3517239177226794,0.105,0.0,0.0,0.105,1.0,0.0,0.0,1.0
2.503,-1.4070803473835882,-0.33952877734156617,0.105,0.0,0.0,0.105,1.0,0.0,0.0,1.0
2.3999999999999986,-2.1924501352283805,1.6866829605006946,0.105,0.0,0.0,0.105,1.0,0.0,0.0,1.0
2.4010000000000034,-4.630266022932062,0.48994971494848705,0.105,0.0,0.0,0.105,1.0,0.0,0.0,1.0
2.5999999999999943,-2.2264054909414295,0.08314419014351497,0.105,0.0,0.0,0.105,1.0,0.0,0.0,1.0
2.3999999999999986,-0.1021882165169962,0.11299056354926988,0.105,0.0,0.0,0.105,1.0,0.0,0.0,1.0
2.3999999999999986,-1.435893050167272,1.588315312227371,0.105,0.0,0.0,0.105,1.0,0.0,0.0,1.0
2.3999999999999986,-3.8151326883244496,1.2178130466774082,0.105,0.0,0.0,0.105,1.0,0.0,0.0,1.0
2.6000000000000014,-4.657480722002456,0.6198298952496425,0.105,0.0,0.0,0.105,1.0,0.0,0.0,1.0
2.5,-3.270462630855689,-1.1936498289570991,0.105,0.0,0.0,0.105,1.0,0.0,0.0,1.0
2.3999999999999986,-1.2237482886309914,-1.1014210204551695,0.105,0.0,0.0,0.105,1.0,0.0,0.0,1.0
2.3999999999999986,-0.5638780230530024,1.3243371983255716,0.105,0.0,0.0,0.105,1.0,0.0,0.0,1.0
2.5,-0.8408949529095828,1.5610561709370843,0.105,0.0,0.0,0.105,1.0,0.0,0.0,1.0
2.3999999999999986,-3.91674309407668,0.5788233524791406,0.105,0.0,0.0,0.105,1.0,0.0,0.0,1.0
2.299999999999997,-3.2050860845609837,-0.4574352269075606,0.105,0.0,0.0,0.105,1.0,0.0,0.0,1.0
2.3999999999999986,-3.9988620823677667,2.432970564731163,0.105,0.0,0.0,0.105,1.0,0.0,0.0,1.0
2.3999999999999986,-1.917886411041555,-1.6563877697696836,0.105,0.0,0.0,0.105,1.0,0.0,0.0,1.0
2.3000000000000043,-0.40791162213261306,-1.16489891595923,0.105,0.0,0.0,0.105,1.0,0.0,0.0,1.0
2.5,-0.7903879607271986,1.0719939453184637,0.105,0.0,0.0,0.105,1.0,0.0,0.0,1.0
2.3999999999999986,-3.8026313209523463,-0.7610879973342255,0.105,0.0,0.0,0.105,1.0,0.0,0.0,1.0
2.299999999999997,-4.207681005609382,1.2927041533112877,0.105,0.0,0.0,0.105,1.0,0.0,0.0,1.0
2.299999999999997,-2.6356393904716304,1.6020964812459786,0.105,0.0,0.0,0.105,1.0,0.0,0.0,1.0
2.5,-3.1142850469183685,1.690002574699525,0.105,0.0,0.0,0.105,1.0,0.0,0.0,1.0
2.4000000000000057,-0.003640060367737138,-0.9621084222943566,0.105,0.0,0.0,0.105,1.0,0.0,0.0,1.0
2.5,-0.6093232954328989,1.9484363405031808,0.105,0.0,0.0,0.105,1.0,0.0,0.0,1.0
2.4000000000000057,-0.9268737009318425,1.1002250728648373,0.105,0.0,0.0,0.105,1.0,0.0,0.0,1.0
2.3999999999999986,-1.3158552049753687,0.4893854935300871,0.105,0.0,0.0,0.105,1.0,0.0,0.0,1.0
2.4009999999999962,-3.6336839835659758,-2.1705364138196934,0.105,0.0,0.0,0.105,1.0,0.0,0.0,1.0
2.5,-4.433893568594784,1.4387559538293577,0.105,0.0,0.0,0.105,1.0,0.0,0.0,1.0
2.405999999999999,-3.1815692749317748,1.9112230127533367,0.105,0.0,0.0,0.105,1.0,0.0,0.0,1.0
2.3999999999999986,-0.8655203437983513,-0.886717221266173,0.105,0.0,0.0,0.105,1.0,0.0,0.0,1.0
2.3999999999999986,-4.508115084306309,-1.1854527341685817,0.105,0.0,0.0,0.105,1.0,0.0,0.0,1.0
2.306999999999995,-1.0699818802174512,0.4052030659015684,0.105,0.0,0.0,0.105,1.0,0.0,0.0,1.0
2.5,-3.512790213276766,0.47312732423170417,0.105,0.0,0.0,0.105,1.0,0.0,0.0,1.0
2.304000000000002,-2.9754373791246156,-2.3319449635478144,0.105,0.0,0.0,0.105,1.0,0.0,0.0,1.0
2.5,-4.6808190072846125,-1.9979121089773946,0.105,0.0,0.0,0.105,1.0,0.0,0.0,1.0
2.5,-2.7360505918955953,2.1028268210596357,0.105,0.0,0.0,0.105,1.0,0.0,0.0,1.0
2.4010000000000034,-0.9562700728751309,-1.573565586098684,0.105,0.0,0.0,0.105,1.0,0.0,0.0,1.0
2.299999999999997,-0.6917792585061484,0.37992048198686124,0.105,0.0,0.0,0.105,1.0,0.0,0.0,1.0
2.3999999999999986,-1.4801669913932558,-0.883251712680943,0.105,0.0,0.0,0.105,1.0,0.0,0.0,1.0
2.4009999999999962,-2.8558994780170757,-2.441799660689659,0.105,0.0,0.0,0.105,1.0,0.0,0.0,1.0
2.600999999999999,-3.315474719382332,-1.0477970408012152,0.105,0.0,0.0,0.105,1.0,0.0,0.0,1.0
2.5,-0.519403788338931,2.198440383891266,0.105,0.0,0.0,0.105,1.0,0.0,0.0,1.0
2.3999999999999986,-3.8240367118383514,-0.5831552202798356,0.105,0.0,0.0,0.105,1.0,0.0,0.0,1.0
2.3999999999999986,-4.900305635500707,2.0150620603798486,0.105,0.0,0.0,0.105,1.0,0.0,0.0,1.0
2.5,-1.1477405288331861,-1.384140600765486,0.105,0.0,0.0,0.105,1.0,0.0,0.0,1.0
2.5999999999999943,-0.36580801449981076,-1.4800860066875727,0.105,0.0,0.0,0.105,1.0,0.0,0.0,1.0
2.3999999999999986,-2.107467565154147,-1.0862749185383513,0.105,0.0,0.0,0.105,1.0,0.0,0.0,1.0
2.3999999999999986,-2.3957724023711693,-2.487481088589055,0.105,0.0,0.0,0.105,1.0,0.0,0.0,1.0
2.3999999999999986,-2.5721044683802,-0.3151031219010727,0.105,0.0,0.0,0.105,1.0,0.0,0.0,1.0
2.3999999999999986,-4.252704474335771,1.5963717082738609,0.105,0.0,0.0,0.105,1.0,0.0,0.0,1.0
2.5,-3.674767756581542,1.3336249076399938,0.105,0.0,0.0,0.105,1.0,0.0,0.0,1.0
2.4000000000000057,-0.008559450800075601,2.3562295152940185,0.105,0.0,0.0,0.105,1.0,0.0,0.0,1.0
2.3999999999999986,-0.7480690423386716,-0.05989152065361403,0.105,0.0,0.0,0.105,1.0,0.0,0.0,1.0
2.3019999999999996,-1.7976863917829236,0.03078368068603045,0.105,0.0,0.0,0.105,1.0,0.0,0.0,1.0
2.5999999999999943,-3.534403388853953,1.1685823817065533,0.105,0.0,0.0,0.105,1.0,0.0,0.0,1.0
2.5999999999999943,-4.75387070326837,1.4562137927935546,0.105,0.0,0.0,0.105,1.0,0.0,0.0,1.0
2.3019999999999996,-4.790782294926852,-0.710950557734988,0.105,0.0,0.0,0.105,1.0,0.0,0.0,1.0
2.300999999999995,-1.2229566340183322,2.0173104591185997,0.105,0.0,0.0,0.105,1.0,0.0,0.0,1.0
2.6000000000000014,-0.6882067445877118,1.495873841343092,0.105,0.0,0.0,0.105,1.0,0.0,0.0,1.0
2.4009999999999962,-0.18042438060612714,-1.95441051759392,0.105,0.0,0.0,0.105,1.0,0.0,0.0,1.0
2.299999999999997,-0.7672624962941461,-1.3675829965657829,0.105,0.0,0.0,0.105,1.0,0.0,0.0,1.0
2.5,-1.516067984250693,0.31981993704821443,0.105,0.0,0.0,0.105,1.0,0.0,0.0,1.0
2.5,-4.60369083753777,2.4433617792042748,0.105,0.0,0.0,0.105,1.0,0.0,0.0,1.0
2.5,-0.8482845416626313,1.4801954993334834,0.105,0.0,0.0,0.105,1.0,0.0,0.0,1.0
2.6000000000000014,-2.2476010925115046,-1.1598176310638555,0.105,0.0,0.0,0.105,1.0,0.0,0.0,1.0
2.5,-3.5021478383308673,2.2258648313718874,0.105,0.0,0.0,0.105,1.0,0.0,0.0,1.0
2.600999999999999,-1.7676961977060894,-2.010193752800303,0.105,0.0,0.0,0.105,1.0,0.0,0.0,1.0
2.5,-2.4147094571001215,-1.716608121845496,0.105,0.0,0.0,0.105,1.0,0.0,0.0,1.0
2.3999999999999986,-2.7063154948726424,-1.595688314614946,0.105,0.0,0.0,0.105,1.0,0.0,0.0,1.0
2.3999999999999986,-1.2799504332481,2.078672154544234,0.105,0.0,0.0,0.105,1.0,0.0,0.0,1.0
2.5,-0.9466962068655592,2.0223380530657358,0.105,0.0,0.0,0.105,1.0,0.0,0.0,1.0
2.5009999999999977,-2.632549902499915,1.085930550916705,0.105,0.0,0.0,0.105,1.0,0.0,0.0,1.0
2.3999999999999986,-2.8780454929752026,-0.1821728529763097,0.105,0.0,0.0,0.105,1.0,0.0,0.0,1.0
2.5009999999999977,-4.878169566092773,-1.2663394130861712,0.105,0.0,0.0,0.105,1.0,0.0,0.0,1.0
2.5,-2.118317409732048,-2.2713431534744304,0.105,0.0,0.0,0.105,1.0,0.0,0.0,1.0
2.3999999999999986,-3.891418892143137,1.0393594956940402,0.105,0.0,0.0,0.105,1.0,0.0,0.0,1.0
2.5,-0.6635313480035238,-0.5968247521170145,0.105,0.0,0.0,0.105,1.0,0.0,0.0,1.0
2.4009999999999962,-3.5240078405270574,-2.247049593163997,0.105,0.0,0.0,0.105,1.0,0.0,0.0,1.0
2.3999999999999986,-4.528800484154997,1.692079012414786,0.105,0.0,0.0,0.105,1.0,0.0,0.0,1.0
2.299999999999997,-3.1039916444923827,-1.6815289521594607,0.105,0.0,0.0,0.105,1.0,0.0,0.0,1.0
2.4009999999999962,-3.416781094874456,1.7902758026520678,0.105,0.0,0.0,0.105,1.0,0.0,0.0,1.0
2.4010000000000034,-3.404097671881718,-0.3966675304684818,0.105,0.0,0.0,0.105,1.0,0.0,0.0,1.0
2.2010000000000005,-1.9589857397089943,-0.683668369549966,0.105,0.0,0.0,0.105,1.0,0.0,0.0,1.0
2.5,-2.2764702678417827,-2.35472676567965,0.105,0.0,0.0,0.105,1.0,0.0,0.0,1.0
2.2010000000000005,-1.972271576714856,2.401628946311195,0.105,0.0,0.0,0.105,1.0,0.0,0.0,1.0
2.4000000000000057,-0.9685221415587768,1.1488161704710484,0.105,0.0,0.0,0.105,1.0,0.0,0.0,1.0
2.3999999999999986,-4.866940513745194,-0.6226426140894202,0.105,0.0,0.0,0.105,1.0,0.0,0.0,1.0
2.3999999999999986,-3.92509059834287,0.02525344274748926,0.105,0.0,0.0,0.105,1.0,0.0,0.0,1.0
2.5019999999999953,-4.939075482974465,2.308718408124596,0.105,0.0,0.0,0.105,1.0,0.0,0.0,1.0
2.5010000000000048,-4.738917240429905,-0.3270391364924098,0.105,0.0,0.0,0.105,1.0,0.0,0.0,1.0
2.5,-4.553369431640467,2.49979209878079,0.105,0.0,0.0,0.105,1.0,0.0,0.0,1.0
2.4000000000000057,-0.11254010167427111,-0.5183749233840332,0.105,0.0,0.0,0.105,1.0,0.0,0.0,1.0
2.402000000000001,-0.8599532222494158,1.0887374074022467,0.105,0.0,0.0,0.105,1.0,0.0,0.0,1.0
2.3999999999999986,-2.8119925534028587,-0.569979745086929,0.105,0.0,0.0,0.105,1.0,0.0,0.0,1.0
2.5010000000000048,-3.661269408690301,-0.7883014002353118,0.105,0.0,0.0,0.105,1.0,0.0,0.0,1.0
2.299999999999997,-2.4200012034253304,1.364119268931828,0.105,0.0,0.0,0.105,1.0,0.0,0.0,1.0
2.5,-3.5717400172251823,1.9824494606692116,0.105,0.0,0.0,0.105,1.0,0.0,0.0,1.0
2.5,-0.8674761544459717,-1.3126237169622992,0.105,0.0,0.0,0.105,1.0,0.0,0.0,1.0
2.299999999999997,-3.673593598241605,-0.8027160117237355,0.105,0.0,0.0,0.105,1.0,0.0,0.0,1.0
2.700000000000003,-1.7136957407116582,0.06364230182257594,0.105,0.0,0.0,0.105,1.0,0.0,0.0,1.0
2.3999999999999986,-4.397229492223965,-0.3894452141491539,0.105,0.0,0.0,0.105,1.0,0.0,0.0,1.0
2.5,-1.1855988925196712,-2.2513424067916135,0.105,0.0,0.0,0.105,1.0,0.0,0.0,1.0
2.299999999999997,-0.35685409075437385,-1.5501318660140202,0.105,0.0,0.0,0.105,1.0,0.0,0.0,1.0
2.6999999999999957,-4.759928848802127,-2.2054883919588133,0.105,0.0,0.0,0.105,1.0,0.0,0.0,1.0
2.3999999999999986,-3.762169360224114,-2.190610659454672,0.105,0.0,0.0,0.105,1.0,0.0,0.0,1.0
2.299999999999997,-4.063200304102496,0.42682221205753323,0.105,0.0,0.0,0.105,1.0,0.0,0.0,1.0
2.3999999999999986,-1.2182526601207735,1.5561869263067667,0.105,0.0,0.0,0.105,1.0,0.0,0.0,1.0
2.5009999999999977,-2.2333984704485665,0.34476622170235,0.105,0.0,0.0,0.105,1.0,0.0,0.0,1.0
2.3999999999999986,-2.135263128796656,-2.422199271411409,0.105,0.0,0.0,0.105,1.0,0.0,0.0,1.0
2.3999999999999986,-1.622360809419861,2.1618480337228054,0.105,0.0,0.0,0.105,1.0,0.0,0.0,1.0
2.4009999999999962,-2.206610803731867,0.5852159602484888,0.105,0.0,0.0,0.105,1.0,0.0,0.0,1.0
2.3999999999999986,-0.06750389385469273,1.8701805405969179,0.105,0.0,0.0,0.105,1.0,0.0,0.0,1.0
2.299999999999997,-3.3954940443307136,0.4171544969765139,0.105,0.0,0.0,0.105,1.0,0.0,0.0,1.0
2.299999999999997,-0.22787450021169442,1.1390608711010455,0.105,0.0,0.0,0.105,1.0,0.0,0.0,1.0
2.5,-3.864698094513002,0.9659208939889874,0.105,0.0,0.0,0.105,1.0,0.0,0.0,1.0
2.3999999999999986,-0.025298014291755773,-2.217063696026614,0.105,0.0,0.0,0.105,1.0,0.0,0.0,1.0
2.7010000000000005,-1.8972013848353695,-0.3182220849945756,0.105,0.0,0.0,0.105,1.0,0.0,0.0,1.0
2.702999999999996,-3.182207918831566,0.09457262542945158,0.105,0.0,0.0,0.105,1.0,0.0,0.0,1.0
2.5,-4.259794617901075,0.8975571696200755,0.105,0.0,0.0,0.105,1.0,0.0,0.0,1.0
2.4000000000000057,-1.810003256128569,-1.8037774580942527,0.105,0.0,0.0,0.105,1.0,0.0,0.0,1.0
2.3999999999999986,-3.5089627726335606,1.2563028805039405,0.105,0.0,0.0,0.105,1.0,0.0,0.0,1.0
2.3999999999999986,-4.523302905534014,-2.483379633854359,0.105,0.0,0.0,0.105,1.0,0.0,0.0,1.0
2.3999999999999986,-4.283606522056443,1.5041391771947035,0.105,0.0,0.0,0.105,1.0,0.0,0.0,1.0
2.5,-4.87479049281488,2.0971491608991037,0.105,0.0,0.0,0.105,1.0,0.0,0.0,1.0
2.5,-2.0417759412699423,-2.357569156719316,0.105,0.0,0.0,0.105,1.0,0.0,0.0,1.0
2.5009999999999977,-0.47548512545329963,-2.010590450682841,0.105,0.0,0.0,0.105,1.0,0.0,0.0,1.0
2.3019999999999996,-0.4265254938492941,-1.1042340068802112,0.105,0.0,0.0,0.105,1.0,0.0,0.0,1.0
2.5,-1.222877817152899,0.8429355259941191,0.105,0.0,0.0,0.105,1.0,0.0,0.0,1.0
2.1999999999999957,-2.6861295768803446,0.663361721533093,0.105,0.0,0.0,0.105,1.0,0.0,0.0,1.0
2.3999999999999986,-1.923671527034873,0.030280297586108045,0.105,0.0,0.0,0.105,1.0,0.0,0.0,1.0
2.3999999999999986,-0.49578300711756945,-2.443626431448678,0.105,0.0,0.0,0.105,1.0,0.0,0.0,1.0
2.1999999999999957,-4.641988619303911,1.974821320644002,0.105,0.0,0.0,0.105,1.0,0.0,0.0,1.0
2.5999999999999943,-1.5612022151088014,2.0774289838782827,0.105,0.0,0.0,0.105,1.0,0.0,0.0,1.0
2.5,-0.0779395390140602,0.053151870216483835,0.105,0.0,0.0,0.105,1.0,0.0,0.0,1.0
2.6000000000000014,-3.127640371208731,-1.7215225173919473,0.105,0.0,0.0,0.105,1.0,0.0,0.0,1.0
2.5,-2.0616905395681613,-1.9102518453263393,0.105,0.0,0.0,0.105,1.0,0.0,0.0,1.0
2.3999999999999986,-4.027452398780555,0.0680736054677154,0.105,0.0,0.0,0.105,1.0,0.0,0.0,1.0
2.200000000000003,-1.5371274120662097,0.10229820279523408,0.105,0.0,0.0,0.105,1.0,0.0,0.0,1.0
2.4000000000000057,-3.2563520337106304,-2.049733851673504,0.105,0.0,0.0,0.105,1.0,0.0,0.0,1.0
2.4009999999999962,-2.0092336831442523,0.35425284922076233,0.105,0.0,0.0,0.105,1.0,0.0,0.0,1.0
2.402000000000001,-2.006551313959246,2.119575987389519,0.105,0.0,0.0,0.105,1.0,0.0,0.0,1.0
2.3999999999999986,-2.179075998222677,0.659836690079843,0.105,0.0,0.0,0.105,1.0,0.0,0.0,1.0
2.3999999999999986,-2.5518871374513696,-1.5304903325405343,0.105,0.0,0.0,0.105,1.0,0.0,0.0,1.0
2.299999999999997,-1.3936291222068165,1.8339618544281227,0.105,0.0,0.0,0.105,1.0,0.0,0.0,1.0
2.4000000000000057,-0.48643094654295316,-0.45686626189369395,0.105,0.0,0.0,0.105,1.0,0.0,0.0,1.0
2.5,-0.3292813885649606,1.6414775127629049,0.105,0.0,0.0,0.105,1.0,0.0,0.0,1.0
2.4010000000000034,-3.7295578660935518,2.3115894181928947,0.105,0.0,0.0,0.105,1.0,0.0,0.0,1.0
2.5,-1.7201340454344174,-0.9211171605079638,0.105,0.0,0.0,0.105,1.0,0.0,0.0,1.0
2.5010000000000048,-0.5668726169437134,0.7110241720237825,0.105,0.0,0.0,0.105,1.0,0.0,0.0,1.0
2.3000000000000043,-0.38689645579536736,2.2844694748676577,0.105,0.0,0.0,0.105,1.0,0.0,0.0,1.0
2.3999999999999986,-2.368519877691626,1.0811405397756475,0.105,0.0,0.0,0.105,1.0,0.0,0.0,1.0
2.6000000000000014,-0.5003346085657264,-2.2877004799067095,0.105,0.0,0.0,0.105,1.0,0.0,0.0,1.0
2.6000000000000014,-4.524159448425197,-0.7891648721001793,0.105,0.0,0.0,0.105,1.0,0.0,0.0,1.0
2.5,-4.293858767040781,0.31677615657498526,0.105,0.0,0.0,0.105,1.0,0.0,0.0,1.0
2.1999999999999957,-1.1327203735226012,-0.573409492945586,0.105,0.0,0.0,0.105,1.0,0.0,0.0,1.0
2.299999999999997,-3.538360968104639,-0.5754109636625058,0.105,0.0,0.0,0.105,1.0,0.0,0.0,1.0
2.299999999999997,-3.4305832580399644,-1.3652257396580847,0.105,0.0,0.0,0.105,1.0,0.0,0.0,1.0
2.3999999999999986,-2.768329390487432,2.158049492549319,0.105,0.0,0.0,0.105,1.0,0.0,0.0,1.0
2.5,-4.951071276725757,1.8610714174812397,0.105,0.0,0.0,0.105,1.0,0.0,0.0,1.0
2.6999999999999957,-3.986869436097439,-1.5630878974900702,0.105,0.0,0.0,0.105,1.0,0.0,0.0,1.0
2.4009999999999962,-0.49088448456055483,-2.4586898099049277,0.105,0.0,0.0,0.105,1.0,0.0,0.0,1.0
2.5,-0.40673855190798536,-0.3138113108473817,0.105,0.0,0.0,0.105,1.0,0.0,0.0,1.0
2.5,-1.4937392061054835,-0.9692318071903873,0.105,0.0,0.0,0.105,1.0,0.0,0.0,1.0
2.4009999999999962,-4.598246231749142,-0.6391079024211364,0.105,0.0,0.0,0.105,1.0,0.0,0.0,1.0
2.3999999999999986,-3.7501951311148893,1.6925525201493616,0.105,0.0,0.0,0.105,1.0,0.0,0.0,1.0
2.5,-4.089095794119212,-0.12019480114466126,0.105,0.0,0.0,0.105,1.0,0.0,0.0,1.0
2.4000000000000057,-2.6733466375436485,-2.4345824348158125,0.105,0.0,0.0,0.105,1.0,0.0,0.0,1.0
2.3999999999999986,-0.4734446202610412,2.1674977729129323,0.105,0.0,0.0,0.105,1.0,0.0,0.0,1.0
2.5,-4.162608407440667,2.466930812665716,0.105,0.0,0.0,0.105,1.0,0.0,0.0,1.0
2.301000000000002,-3.421670190035009,1.3140673735157309,0.105,0.0,0.0,0.105,1.0,0.0,0.0,1.0
2.3999999999999986,-1.4571355425269408,0.1293084063104747,0.105,0.0,0.0,0.105,1.0,0.0,0.0,1.0
2.3999999999999986,-0.5507481191161199,1.9197388072025332,0.105,0.0,0.0,0.105,1.0,0.0,0.0,1.0
2.4000000000000057,-3.5722845203927136,0.9622253167281832,0.105,0.0,0.0,0.105,1.0,0.0,0.0,1.0
2.600999999999999,-0.5011839619939388,-0.4635807944235809,0.105,0.0,0.0,0.105,1.0,0.0,0.0,1.0
2.3999999999999986,-1.8803389441331753,-2.2399583101901164,0.105,0.0,0.0,0.105,1.0,0.0,0.0,1.0
2.299999999999997,-0.401095569354253,-0.15575049062903934,0.105,0.0,0.0,0.105,1.0,0.0,0.0,1.0
2.5,-3.0771489999838684,-1.5502416647331667,0.105,0.0,0.0,0.105,1.0,0.0,0.0,1.0
2.3999999999999986,-4.086641287725812,-2.057329527890378,0.105,0.0,0.0,0.105,1.0,0.0,0.0,1.0
2.5009999999999977,-4.053587259141545,-1.6141502593510662,0.105,0.0,0.0,0.105,1.0,0.0,0.0,1.0
2.202999999999996,-4.3053409607129085,-2.2234183328183184,0.105,0.0,0.0,0.105,1.0,0.0,0.0,1.0
2.6000000000000014,-2.9990859845432962,0.978222676653248,0.105,0.0,0.0,0.105,1.0,0.0,0.0,1.0
2.5,-0.9632894328703683,0.14224721106821653,0.105,0.0,0.0,0.105,1.0,0.0,0.0,1.0
2.3999999999999986,-1.7668294954134196,0.7376333084835855,0.105,0.0,0.0,0.105,1.0,0.0,0.0,1.0
2.5,-0.9734544197288564,1.275256866615583,0.105,0.0,0.0,0.105,1.0,0.0,0.0,1.0
2.5999999999999943,-1.4898885899320546,-0.13033517089920363,0.105,0.0,0.0,0.105,1.0,0.0,0.0,1.0
2.5009999999999977,-1.7912820413337491,0.8681803106529686,0.105,0.0,0.0,0.105,1.0,0.0,0.0,1.0
2.8000000000000043,-1.3240594582163272,1.5102920008458103,0.105,0.0,0.0,0.105,1.0,0.0,0.0,1.0
2.3999999999999986,-4.765094947637061,0.43471157763283114,0.105,0.0,0.0,0.105,1.0,0.0,0.0,1.0
2.6000000000000014,-3.4377918436650305,2.1207041938041495,0.105,0.0,0.0,0.105,1.0,0.0,0.0,1.0
2.5,-2.3231704807536095,2.059159240677245,0.105,0.0,0.0,0.105,1.0,0.0,0.0,1.0
2.4040000000000035,-2.8744149720531733,2.1581923281623694,0.105,0.0,0.0,0.105,1.0,0.0,0.0,1.0
2.3999999999999986,-1.43094258436175,1.4879630653181855,0.105,0.0,0.0,0.105,1.0,0.0,0.0,1.0
2.700000000000003,-1.981458338430968,-2.070163677733354,0.105,0.0,0.0,0.105,1.0,0.0,0.0,1.0
2.3000000000000043,-0.5598243104236376,-1.3535368480936703,0.105,0.0,0.0,0.105,1.0,0.0,0.0,1.0
2.3999999999999986,-4.018770261139724,-0.3114914814580568,0.105,0.0,0.0,0.105,1.0,0.0,0.0,1.0
2.5,-1.713804499805992,-1.0958121686435207,0.105,0.0,0.0,0.105,1.0,0.0,0.0,1.0
2.5009999999999977,-1.1465016155738026,2.4346191760957137,0.105,0.0,0.0,0.105,1.0,0.0,0.0,1.0
2.3999999999999986,-1.8141732198491267,-0.6482603838245006,0.105,0.0,0.0,0.105,1.0,0.0,0.0,1.0
2.6000000000000014,-4.501797824865992,1.1431793075109875,0.105,0.0,0.0,0.105,1.0,0.0,0.0,1.0
2.401999999999994,-4.799544672088712,1.7955516035495835,0.105,0.0,0.0,0.105,1.0,0.0,0.0,1.0
2.7010000000000005,-3.1351059706977416,-1.7681709723668553,0.105,0.0,0.0,0.105,1.0,0.0,0.0,1.0
2.6000000000000014,-1.264714433301066,-1.1349910201966056,0.105,0.0,0.0,0.105,1.0,0.0,0.0,1.0
2.5,-1.9293873103024946,-2.052674698495353,0.105,0.0,0.0,0.105,1.0,0.0,0.0,1.0
2.4010000000000034,-1.1029118426281823,-0.9505691917787014,0.105,0.0,0.0,0.105,1.0,0.0,0.0,1.0
2.5010000000000048,-4.5359217372173335,-1.8359309211615271,0.105,0.0,0.0,0.105,1.0,0.0,0.0,1.0
2.5019999999999953,-3.375374723916645,1.9881184785291937,0.105,0.0,0.0,0.105,1.0,0.0,0.0,1.0
2.5010000000000048,-2.012809456673466,-0.639752056732271,0.105,0.0,0.0,0.105,1.0,0.0,0.0,1.0
2.6000000000000014,-3.8488135124839236,2.2723108538917445,0.105,0.0,0.0,0.105,1.0,0.0,0.0,1.0
2.3999999999999986,-4.4546741955035625,-1.260801935129312,0.105,0.0,0.0,0.105,1.0,0.0,0.0,1.0
2.5,-4.339816390333155,0.3251046586301989,0.105,0.0,0.0,0.105,1.0,0.0,0.0,1.0
2.3999999999999986,-4.640950493929077,-0.7769425992240945,0.105,0.0,0.0,0.105,1.0,0.0,0.0,1.0
2.6019999999999968,-1.1287668711717838,-2.2924125503024966,0.105,0.0,0.0,0.105,1.0,0.0,0.0,1.0
2.5009999999999977,-3.4653434619699746,-0.8980365249670862,0.105,0.0,0.0,0.105,1.0,0.0,0.0,1.0
2.3999999999999986,-0.571030752150039,1.7026383796265134,0.105,0.0,0.0,0.105,1.0,0.0,0.0,1.0
2.4000000000000057,-0.08633046937448677,1.7251951826763443,0.105,0.0,0.0,0.105,1.0,0.0,0.0,1.0
2.299999999999997,-3.2329546719138182,0.4765719768956655,0.105,0.0,0.0,0.105,1.0,0.0,0.0,1.0
2.3999999999999986,-3.026748379683491,1.1175063910655199,0.105,0.0,0.0,0.105,1.0,0.0,0.0,1.0
2.5,-2.0100734466111705,2.1283894513752055,0.105,0.0,0.0,0.105,1.0,0.0,0.0,1.0
2.7010000000000005,-2.159903981642699,-0.6696335809382902,0.105,0.0,0.0,0.105,1.0,0.0,0.0,1.0
2.5010000000000048,-0.8785676287771668,1.1946914047669441,0.105,0.0,0.0,0.105,1.0,0.0,0.0,1.0
2.700000000000003,-4.820767696799132,-0.8031145427124133,0.105,0.0,0.0,0.105,1.0,0.0,0.0,1.0
2.301000000000002,-3.068008940280177,1.3461384315294265,0.105,0.0,0.0,0.105,1.0,0.0,0.0,1.0
2.6000000000000014,-3.5693017241515164,-0.5191326950274743,0.105,0.0,0.0,0.105,1.0,0.0,0.0,1.0
2.5,-3.5319775522039825,-0.40898880457294867,0.105,0.0,0.0,0.105,1.0,0.0,0.0,1.0
2.5,-0.5001342794576573,-0.5931193308638882,0.105,0.0,0.0,0.105,1.0,0.0,0.0,1.0
2.5,-2.706550159227308,-2.2738826190178365,0.105,0.0,0.0,0.105,1.0,0.0,0.0,1.0
2.6060000000000016,-3.457999008191096,-1.5093858414530152,0.105,0.0,0.0,0.105,1.0,0.0,0.0,1.0
2.5,-3.8946630319001123,0.7324302815430033,0.105,0.0,0.0,0.105,1.0,0.0,0.0,1.0
2.4009999999999962,-3.2207880664156514,2.4626946154472207,0.105,0.0,0.0,0.105,1.0,0.0,0.0,1.0
2.3999999999999986,-2.514025110879035,-0.18441651318094263,0.105,0.0,0.0,0.105,1.0,0.0,0.0,1.0
2.5,-4.117004825065739,-2.4524671505101003,0.105,0.0,0.0,0.105,1.0,0.0,0.0,1.0
2.402000000000001,-3.425803794244354,1.2146562122044249,0.105,0.0,0.0,0.105,1.0,0.0,0.0,1.0
2.5,-4.940136902651313,2.4923946506340138,0.105,0.0,0.0,0.105,1.0,0.0,0.0,1.0
2.5999999999999943,-1.3184212523746826,2.2176652033315634,0.105,0.0,0.0,0.105,1.0,0.0,0.0,1.0
2.5,-0.6636304095665084,-1.4293609238558038,0.105,0.0,0.0,0.105,1.0,0.0,0.0,1.0
2.6000000000000014,-1.643731205537536,2.2554354453675156,0.105,0.0,0.0,0.105,1.0,0.0,0.0,1.0
2.4010000000000034,-3.8800277043058164,-0.7890060425503596,0.105,0.0,0.0,0.105,1.0,0.0,0.0,1.0
2.5,-4.598041106745749,1.1722262090813544,0.105,0.0,0.0,0.105,1.0,0.0,0.0,1.0
2.200000000000003,-0.6476673379606157,-1.2640307443273955,0.105,0.0,0.0,0.105,1.0,0.0,0.0,1.0
2.5,-1.3097903011569914,-0.7705487732662547,0.105,0.0,0.0,0.105,1.0,0.0,0.0,1.0
2.5,-2.5985210808922043,1.3180562300023686,0.105,0.0,0.0,0.105,1.0,0.0,0.0,1.0
2.4009999999999962,-3.3705741338901847,1.9538166066512603,0.105,0.0,0.0,0.105,1.0,0.0,0.0,1.0
2.3999999999999986,-4.800075813515029,-0.8306091855684189,0.105,0.0,0.0,0.105,1.0,0.0,0.0,1.0
2.3060000000000045,-2.4703225305732945,-1.9888551600835724,0.105,0.0,0.0,0.105,1.0,0.0,0.0,1.0
2.3999999999999986,-4.992769443718807,0.4011721995215194,0.105,0.0,0.0,0.105,1.0,0.0,0.0,1.0
2.4010000000000034,-3.8093484440739744,-0.8082844409860206,0.105,0.0,0.0,0.105,1.0,0.0,0.0,1.0
2.3999999999999986,-2.3981977734266815,-2.0581145152991103,0.105,0.0,0.0,0.105,1.0,0.0,0.0,1.0
2.5,-0.5492118535961187,-0.7934435429754844,0.105,0.0,0.0,0.105,1.0,0.0,0.0,1.0
2.5,-1.950190934425458,0.9644722087823352,0.105,0.0,0.0,0.105,1.0,0.0,0.0,1.0
2.5,-1.4561549160497886,-1.5569772530927353,0.105,0.0,0.0,0.105,1.0,0.0,0.0,1.0
2.6000000000000014,-3.807917286934077,1.0166249604126625,0.105,0.0,0.0,0.105,1.0,0.0,0.0,1.0
2.5009999999999977,-4.766826793825123,-0.9052404479274933,0.105,0.0,0.0,0.105,1.0,0.0,0.0,1.0
2.5,-2.701291614479275,1.5262255208028797,0.105,0.0,0.0,0.105,1.0,0.0,0.0,1.0
2.5,-2.8542740885849267,1.7036381018613544,0.105,0.0,0.0,0.105,1.0,0.0,0.0,1.0
2.3059999999999974,-2.3764894906222294,-2.353078341079408,0.105,0.0,0.0,0.105,1.0,0.0,0.0,1.0
2.5009999999999977,-3.132732308452701,2.3185334796663915,0.105,0.0,0.0,0.105,1.0,0.0,0.0,1.0
2.4009999999999962,-4.664524999978766,0.005321430494068395,0.105,0.0,0.0,0.105,1.0,0.0,0.0,1.0
2.700000000000003,-4.147732316325752,-0.6347107047806089,0.105,0.0,0.0,0.105,1.0,0.0,0.0,1.0
2.5009999999999977,-2.5994311435590984,-1.4579444031292232,0.105,0.0,0.0,0.105,1.0,0.0,0.0,1.0
2.5999999999999943,-4.53034765983758,-0.35195650084429975,0.105,0.0,0.0,0.105,1.0,0.0,0.0,1.0
2.4000000000000057,-0.8427108944537605,0.02375145017473591,0.105,0.0,0.0,0.105,1.0,0.0,0.0,1.0
2.3999999999999986,-1.456319648994958,-0.844652203250259,0.105,0.0,0.0,0.105,1.0,0.0,0.0,1.0
2.7010000000000005,-1.8716841165864453,-2.332070917378537,0.105,0.0,0.0,0.105,1.0,0.0,0.0,1.0
2.6000000000000014,-3.2191033364431623,-0.6939128183713006,0.105,0.0,0.0,0.105,1.0,0.0,0.0,1.0
2.3999999999999986,-2.240644666501784,-1.373157995760922,0.105,0.0,0.0,0.105,1.0,0.0,0.0,1.0
2.299999999999997,-3.3702812966856666,-0.48675039329170644,0.105,0.0,0.0,0.105,1.0,0.0,0.0,1.0
2.5,-0.9434381215950651,2.420945875216635,0.105,0.0,0.0,0.105,1.0,0.0,0.0,1.0
2.2049999999999983,-4.059046290246523,-1.6437261324061103,0.105,0.0,0.0,0.105,1.0,0.0,0.0,1.0
2.3999999999999986,-3.3292098512188537,-0.045644311566437425,0.105,0.0,0.0,0.105,1.0,0.0,0.0,1.0
2.299999999999997,-2.693595351304375,1.49900801464894,0.105,0.0,0.0,0.105,1.0,0.0,0.0,1.0
2.5,-4.072795473225178,-1.4351618577984717,0.105,0.0,0.0,0.105,1.0,0.0,0.0,1.0
2.3999999999999986,-0.13404162665038527,2.1776683480257053,0.105,0.0,0.0,0.105,1.0,0.0,0.0,1.0
2.3999999999999986,-4.20706185251909,-0.10818196151429502,0.105,0.0,0.0,0.105,1.0,0.0,0.0,1.0
2.600999999999999,-1.5534974043102843,-0.26665795896874805,0.105,0.0,0.0,0.105,1.0,0.0,0.0,1.0
2.1999999999999957,-1.4514038257796587,1.1654211414143272,0.105,0.0,0.0,0.105,1.0,0.0,0.0,1.0
2.299999999999997,-4.261699152657644,-2.2336366508270085,0.105,0.0,0.0,0.105,1.0,0.0,0.0,1.0
2.6000000000000014,-0.3719707105374732,-1.9634397033314848,0.105,0.0,0.0,0.105,1.0,0.0,0.0,1.0
2.5,-3.0781295004304265,0.4961755505131194,0.105,0.0,0.0,0.105,1.0,0.0,0.0,1.0
2.5,-1.6767900795695048,2.4458771811088584,0.105,0.0,0.0,0.105,1.0,0.0,0.0,1.0
2.5,-4.612297357267499,-0.9891881334202373,0.105,0.0,0.0,0.105,1.0,0.0,0.0,1.0
2.3000000000000043,-2.628152563817692,-1.5018199374428922,0.105,0.0,0.0,0.105,1.0,0.0,0.0,1.0
2.299999999999997,-2.4879320654303725,-0.05981996397416332,0.105,0.0,0.0,0.105,1.0,0.0,0.0,1.0
2.3999999999999986,-1.5554440651863246,-1.606516475043207,0.105,0.0,0.0,0.105,1.0,0.0,0.0,1.0
2.6000000000000014,-1.8146230413068953,-1.4602546544818666,0.105,0.0,0.0,0.105,1.0,0.0,0.0,1.0
2.404999999999994,-2.9521275054521245,-1.9775932472659403,0.105,0.0,0.0,0.105,1.0,0.0,0.0,1.0
2.3999999999999986,-0.7130453693822678,-2.1627919660523625,0.105,0.0,0.0,0.105,1.0,0.0,0.0,1.0
2.3019999999999996,-1.5389941041914552,-0.271730450467286,0.105,0.0,0.0,0.105,1.0,0.0,0.0,1.0
2.6999999999999957,-1.0768507322099365,2.329811274305375,0.105,0.0,0.0,0.105,1.0,0.0,0.0,1.0
2.5999999999999943,-2.509338262920261,0.16187194311921857,0.105,0.0,0.0,0.105,1.0,0.0,0.0,1.0
2.3999999999999986,-0.23691948861427262,2.0145547334426332,0.105,0.0,0.0,0.105,1.0,0.0,0.0,1.0
2.4000000000000057,-0.45859353931075897,-1.0951283108373493,0.105,0.0,0.0,0.105,1.0,0.0,0.0,1.0
2.200000000000003,-3.389405874634719,0.3613125614897607,0.105,0.0,0.0,0.105,1.0,0.0,0.0,1.0
2.3999999999999986,-0.6510048793561091,1.6238840568003206,0.105,0.0,0.0,0.105,1.0,0.0,0.0,1.0
2.299999999999997,-2.891802774868288,1.2519430194393164,0.105,0.0,0.0,0.105,1.0,0.0,0.0,1.0
2.5,-2.368700145950161,-2.4913125842836297,0.105,0.0,0.0,0.105,1.0,0.0,0.0,1.0
2.299999999999997,-2.3239010709786005,1.3787723089664534,0.105,0.0,0.0,0.105,1.0,0.0,0.0,1.0
2.3999999999999986,-4.610266973561128,-1.4038873039418,0.105,0.0,0.0,0.105,1.0,0.0,0.0,1.0
2.5,-2.696101111581462,-1.2313384280052326,0.105,0.0,0.0,0.105,1.0,0.0,0.0,1.0
2.3999999999999986,-2.1748771106245166,1.3533292897932363,0.105,0.0,0.0,0.105,1.0,0.0,0.0,1.0
2.3999999999999986,-1.7747176147858132,0.9640720772143845,0.105,0.0,0.0,0.105,1.0,0.0,0.0,1.0
2.5,-2.7518764655670505,-1.0208908358471989,0.105,0.0,0.0,0.105,1.0,0.0,0.0,1.0
2.402000000000001,-4.077175509421983,2.446378179432059,0.105,0.0,0.0,0.105,1.0,0.0,0.0,1.0
2.5,-2.7493383122229194,-1.7017410578453205,0.105,0.0,0.0,0.105,1.0,0.0,0.0,1.0
2.299999999999997,-4.238687631715817,-0.23707146666764053,0.105,0.0,0.0,0.105,1.0,0.0,0.0,1.0
2.5,-1.5966891679368154,-2.144626496723529,0.105,0.0,0.0,0.105,1.0,0.0,0.0,1.0
2.5,-3.6029519324293897,0.18472209145595403,0.105,0.0,0.0,0.105,1.0,0.0,0.0,1.0
2.6000000000000014,-3.1336873214131145,1.0363630522240335,0.105,0.0,0.0,0.105,1.0,0.0,0.0,1.0
2.3030000000000044,-0.11054522081762612,0.954469894608882,0.105,0.0,0.0,0.105,1.0,0.0,0.0,1.0
2.299999999999997,-3.9559281575633376,-1.9326291124729165,0.105,0.0,0.0,0.105,1.0,0.0,0.0,1.0
2.4109999999999943,-4.903052604902431,1.0608467938365416,0.105,0.0,0.0,0.105,1.0,0.0,0.0,1.0
2.5999999999999943,-1.3482506431983405,0.17216301524227617,0.105,0.0,0.0,0.105,1.0,0.0,0.0,1.0
2.299999999999997,-0.09334228051525005,-2.1728920610303306,0.105,0.0,0.0,0.105,1.0,0.0,0.0,1.0
2.3999999999999986,-1.2391877508311737,-0.33125040246340465,0.105,0.0,0.0,0.105,1.0,0.0,0.0,1.0
2.3000000000000043,-0.19816403831096102,-2.2710520085618366,0.105,0.0,0.0,0.105,1.0,0.0,0.0,1.0
2.5,-0.7281930107305274,-1.231630434827068,0.105,0.0,0.0,0.105,1.0,0.0,0.0,1.0
2.4000000000000057,-1.4028173345581398,-2.3038750321946546,0.105,0.0,0.0,0.105,1.0,0.0,0.0,1.0
2.301000000000002,-3.457365738983677,-1.6764180235516184,0.105,0.0,0.0,0.105,1.0,0.0,0.0,1.0
2.601000000000006,-2.0268086243263923,-0.07699010388544862,0.105,0.0,0.0,0.105,1.0,0.0,0.0,1.0
2.299999999999997,-3.8080540164797116,-2.0429519747996694,0.105,0.0,0.0,0.105,1.0,0.0,0.0,1.0
2.5,-1.5956967726869868,0.7935773243146541,0.105,0.0,0.0,0.105,1.0,0.0,0.0,1.0
2.3999999999999986,-1.727289230257579,2.0250795328382836,0.105,0.0,0.0,0.105,1.0,0.0,0.0,1.0
2.3000000000000043,-3.8143837591384084,-1.4011608303403766,0.105,0.0,0.0,0.105,1.0,0.0,0.0,1.0
2.5,-3.5890863854983235,-0.23301139775785143,0.105,0.0,0.0,0.105,1.0,0.0,0.0,1.0
2.299999999999997,-2.543468789065447,-0.32538147119854777,0.105,0.0,0.0,0.105,1.0,0.0,0.0,1.0
2.5,-4.198528664831982,2.3717713923088604,0.105,0.0,0.0,0.105,1.0,0.0,0.0,1.0
2.5,-3.0024422678241915,-0.19293003808481024,0.105,0.0,0.0,0.105,1.0,0.0,0.0,1.0
2.3999999999999986,-3.0415417358354553,1.9420909987498407,0.105,0.0,0.0,0.105,1.0,0.0,0.0,1.0
2.5,-3.5079888710561065,-2.4635346367063673,0.105,0.0,0.0,0.105,1.0,0.0,0.0,1.0
2.5060000000000002,-4.648727971589861,1.6018592430558802,0.105,0.0,0.0,0.105,1.0,0.0,0.0,1.0
2.5,-3.5613511805653517,1.2698154279364584,0.105,0.0,0.0,0.105,1.0,0.0,0.0,1.0
2.3999999999999986,-1.8713394586493222,-1.6258000158668477,0.105,0.0,0.0,0.105,1.0,0.0,0.0,1.0
2.4009999999999962,-1.9027145574612956,1.1200777941658768,0.105,0.0,0.0,0.105,1.0,0.0,0.0,1.0
2.5,-4.128949197259296,1.95505818410155,0.105,0.0,0.0,0.105,1.0,0.0,0.0,1.0
2.507000000000005,-2.2104301822461228,1.7786294252428987,0.105,0.0,0.0,0.105,1.0,0.0,0.0,1.0
2.6000000000000014,-4.700679384670645,-2.378616788899435,0.105,0.0,0.0,0.105,1.0,0.0,0.0,1.0
2.299999999999997,-2.500658413302163,2.4097842848193856,0.105,0.0,0.0,0.105,1.0,0.0,0.0,1.0
2.5999999999999943,-2.1270048404880395,-0.40330141278203685,0.105,0.0,0.0,0.105,1.0,0.0,0.0,1.0
2.5,-4.276442086236509,0.7005675296768964,0.105,0.0,0.0,0.105,1.0,0.0,0.0,1.0
2.3999999999999986,-1.4708188704356853,0.1350695221386926,0.105,0.0,0.0,0.105,1.0,0.0,0.0,1.0
2.3999999999999986,-0.9054817857185108,1.509558537907043,0.105,0.0,0.0,0.105,1.0,0.0,0.0,1.0
2.5,-4.535939480414944,0.16305808453123302,0.105,0.0,0.0,0.105,1.0,0.0,0.0,1.0
2.299999999999997,-2.8792886223418885,2.2373413331044922,0.105,0.0,0.0,0.105,1.0,0.0,0.0,1.0
2.3999999999999986,-2.975109660454617,2.1341528649185677,0.105,0.0,0.0,0.105,1.0,0.0,0.0,1.0
2.600999999999999,-3.9932872073717802,1.6494998944020236,0.105,0.0,0.0,0.105,1.0,0.0,0.0,1.0
2.3999999999999986,-2.3138408187227926,-1.6893720112753292,0.105,0.0,0.0,0.105,1.0,0.0,0.0,1.0
2.5,-4.93784165592736,-0.1923655124493236,0.105,0.0,0.0,0.105,1.0,0.0,0.0,1.0
2.3999999999999986,-1.1972847656897583,-1.2870387388814593,0.105,0.0,0.0,0.105,1.0,0.0,0.0,1.0
2.4009999999999962,-1.6526484212087544,-0.7809957318347989,0.105,0.0,0.0,0.105,1.0,0.0,0.0,1.0
2.5020000000000024,-3.152432911528158,0.6252815357305538,0.105,0.0,0.0,0.105,1.0,0.0,0.0,1.0
2.3999999999999986,-4.017194838233764,-1.4440524645216664,0.105,0.0,0.0,0.105,1.0,0.0,0.0,1.0
2.3999999999999986,-4.418252207243801,1.408934496886544,0.105,0.0,0.0,0.105,1.0,0.0,0.0,1.0
2.3100000000000023,-0.078315118936726,0.5358985145409614,0.105,0.0,0.0,0.105,1.0,0.0,0.0,1.0
2.700000000000003,-1.246896033070097,1.2355217993569578,0.105,0.0,0.0,0.105,1.0,0.0,0.0,1.0
2.5,-4.453875165727474,-0.30931553445211063,0.105,0.0,0.0,0.105,1.0,0.0,0.0,1.0
2.2010000000000005,-2.697268171874107,-1.4371758344639491,0.105,0.0,0.0,0.105,1.0,0.0,0.0,1.0
2.5,-4.907887287006471,1.2543697863670298,0.105,0.0,0.0,0.105,1.0,0.0,0.0,1.0
2.3999999999999986,-4.705191968133854,0.6761155309919268,0.105,0.0,0.0,0.105,1.0,0.0,0.0,1.0
2.5,-2.063187824280586,-0.20228548406831562,0.105,0.0,0.0,0.105,1.0,0.0,0.0,1.0
2.5009999999999977,-3.34619808574015,1.579465939931768,0.105,0.0,0.0,0.105,1.0,0.0,0.0,1.0
2.5,-1.7475094972135696,-0.22227701474530273,0.105,0.0,0.0,0.105,1.0,0.0,0.0,1.0
2.3999999999999986,-2.5504494147925443,2.266099732437536,0.105,0.0,0.0,0.105,1.0,0.0,0.0,1.0
2.3999999999999986,-4.32049559940235,1.8129511036782129,0.105,0.0,0.0,0.105,1.0,0.0,0.0,1.0
2.3999999999999986,-1.292180844419239,0.602004487616241,0.105,0.0,0.0,0.105,1.0,0.0,0.0,1.0
2.6000000000000014,-0.24637003547750289,-1.8533076012355427,0.105,0.0,0.0,0.105,1.0,0.0,0.0,1.0
2.4000000000000057,-4.872585318787168,-2.033462018480786,0.105,0.0,0.0,0.105,1.0,0.0,0.0,1.0
2.4010000000000034,-4.243327525250207,-0.513789250396836,0.105,0.0,0.0,0.105,1.0,0.0,0.0,1.0
2.5009999999999977,-2.3963148939572485,0.5510003702811455,0.105,0.0,0.0,0.105,1.0,0.0,0.0,1.0
2.5,-0.9873158959426545,1.0992037913742498,0.105,0.0,0.0,0.105,1.0,0.0,0.0,1.0
2.700000000000003,-0.7332582457366535,0.3149835395666283,0.105,0.0,0.0,0.105,1.0,0.0,0.0,1.0
2.3000000000000043,-3.951257660450251,-1.0789050046346804,0.105,0.0,0.0,0.105,1.0,0.0,0.0,1.0
2.299999999999997,-2.194856448808396,1.6725891402841808,0.105,0.0,0.0,0.105,1.0,0.0,0.0,1.0
2.5,-0.8015697781562959,-1.559086560528151,0.105,0.0,0.0,0.105,1.0,0.0,0.0,1.0
2.3999999999999986,-4.540042757240605,1.668075106749669,0.105,0.0,0.0,0.105,1.0,0.0,0.0,1.0
2.5,-4.676322528841,-1.0752468875912924,0.105,0.0,0.0,0.105,1.0,0.0,0.0,1.0
2.5009999999999977,-1.843962873270018,2.101174560132516,0.105,0.0,0.0,0.105,1.0,0.0,0.0,1.0
2.5,-2.5368565848010425,-2.4533384982483737,0.105,0.0,0.0,0.105,1.0,0.0,0.0,1.0
2.3999999999999986,-1.9429628978869946,-0.05539845072180087,0.105,0.0,0.0,0.105,1.0,0.0,0.0,1.0
2.5060000000000002,-2.0838304831748995,1.0634935137835355,0.105,0.0,0.0,0.105,1.0,0.0,0.0,1.0
2.404999999999994,-4.580862280685561,-1.982115394901307,0.105,0.0,0.0,0.105,1.0,0.0,0.0,1.0
2.3999999999999986,-1.6897154600144695,-1.811421871032971,0.105,0.0,0.0,0.105,1.0,0.0,0.0,1.0
2.3000000000000043,-1.767916998964833,-0.3286308543669865,0.105,0.0,0.0,0.105,1.0,0.0,0.0,1.0
2.5,-0.03983669183268549,2.1158210541974563,0.105,0.0,0.0,0.105,1.0,0.0,0.0,1.0
