45.21,-1.7511686597630007,1.6438051215810032,0.105,0.0,0.0,0.105,1.0,0.0,0.0,1.0
45.495,-2.917154923931774,-0.15350932983809285,0.105,0.0,0.0,0.105,1.0,0.0,0.0,1.0
45.228,-0.15695779004172564,0.4145590168100755,0.105,0.0,0.0,0.105,1.0,0.0,0.0,1.0
45.186,-4.806578492545793,1.7639866202585202,0.105,0.0,0.0,0.105,1.0,0.0,0.0,1.0
45.282,-1.3670137523077748,-1.3382089307454623,0.105,0.0,0.0,0.105,1.0,0.0,0.0,1.0
45.398,-0.46278415885024204,1.377183723216837,0.105,0.0,0.0,0.105,1.0,0.0,0.0,1.0
45.368,-0.8907842930191624,0.872980530312737,0.105,0.0,0.0,0.105,1.0,0.0,0.0,1.0
45.199,-1.3908325745886705,1.2879701217263961,0.105,0.0,0.0,0.105,1.0,0.0,0.0,1.0
45.199,-1.0221905513112566,-0.09658651005086147,0.105,0.0,0.0,0.105,1.0,0.0,0.0,1.0
45.315,-1.5520929646091395,1.4072353604565686,0.105,0.0,0.0,0.105,1.0,0.0,0.0,1.0
45.373,-3.5171405429823865,-0.6335242931867785,0.105,0.0,0.0,0.105,1.0,0.0,0.0,1.0
45.147,-3.275422687122131,-1.1812193317437527,0.105,0.0,0.0,0.105,1.0,0.0,0.0,1.0
45.242,-4.152205377091583,-0.8933939578726605,0.105,0.0,0.0,0.105,1.0,0.0,0.0,1.0
45.317,-2.580463814088334,1.450480930533821,0.105,0.0,0.0,0.105,1.0,0.0,0.0,1.0
45.545,-3.3171782691954603,1.5141555541059535,0.105,0.0,0.0,0.105,1.0,0.0,0.0,1.0
45.367,-1.7051746418843978,1.5303613064653079,0.105,0.0,0.0,0.105,1.0,0.0,0.0,1.0
45.327,-0.8042898824923899,0.17712456058825501,0.105,0.0,0.0,0.105,1.0,0.0,0.0,1.0
45.178,-1.7483431468941273,0.21730371783063457,0.105,0.0,0.0,0.105,1.0,0.0,0.0,1.0
45.236,-1.2701989529196152,-2.4280383260073117,0.105,0.0,0.0,0.105,1.0,0.0,0.0,1.0
45.179,-3.987443053192435,-0.963127258687124,0.105,0.0,0.0,0.105,1.0,0.0,0.0,1.0
45.285,-2.609523277093094,-1.714014428698489,0.105,0.0,0.0,0.105,1.0,0.0,0.0,1.0
45.365,-4.1385841360144955,-0.751779112614429,0.105,0.0,0.0,0.105,1.0,0.0,0.0,1.0
45.481,-1.8324752294217,1.1870126460678603,0.105,0.0,0.0,0.105,1.0,0.0,0.0,1.0
45.289,-2.0686976794963168,1.1548053271747118,0.105,0.0,0.0,0.105,1.0,0.0,0.0,1.0
45.213,-1.7934662767614968,1.4995316589473564,0.105,0.0,0.0,0.105,1.0,0.0,0.0,1.0
45.498,-2.108980540492599,0.7970271925137342,0.105,0.0,0.0,0.105,1.0,0.0,0.0,1.0
45.389,-4.340282239009782,-0.29499869190449257,0.105,0.0,0.0,0.105,1.0,0.0,0.0,1.0
45.121,-0.5695149369529638,-0.45943875627108594,0.105,0.0,0.0,0.105,1.0,0.0,0.0,1.0
45.224,-0.17305691168927123,-1.6519781367655169,0.105,0.0,0.0,0.105,1.0,0.0,0.0,1.0
45.196,-4.668895024082428,1.537112560164148,0.105,0.0,0.0,0.105,1.0,0.0,0.0,1.0
45.307,-4.638698171368511,0.932830291304431,0.105,0.0,0.0,0.105,1.0,0.0,0.0,1.0
45.258,-0.888588624872946,-0.9783803833755661,0.105,0.0,0.0,0.105,1.0,0.0,0.0,1.0
45.198,-2.8636582859812094,-0.024525553089205888,0.105,0.0,0.0,0.105,1.0,0.0,0.0,1.0
45.286,-1.4109946212929543,-1.4136270480609785,0.105,0.0,0.0,0.105,1.0,0.0,0.0,1.0
45.205,-0.10037189472751283,1.6815937935114478,0.105,0.0,0.0,0.105,1.0,0.0,0.0,1.0
45.543,-3.479246857952526,1.2734803243733035,0.105,0.0,0.0,0.105,1.0,0.0,0.0,1.0
45.389,-2.4921387728259012,-2.4426484660646834,0.105,0.0,0.0,0.105,1.0,0.0,0.0,1.0
45.423,-0.7221390056580715,-0.803691273412128,0.105,0.0,0.0,0.105,1.0,0.0,0.0,1.0
45.445,-1.0255711654369846,-0.7002837257432198,0.105,0.0,0.0,0.105,1.0,0.0,0.0,1.0
45.323,-1.3587600675309155,1.800707226167884,0.105,0.0,0.0,0.105,1.0,0.0,0.0,1.0
45.189,-3.822340568913668,-1.0925321031179296,0.105,0.0,0.0,0.105,1.0,0.0,0.0,1.0
45.288,-2.076810588133897,-1.7014122446768567,0.105,0.0,0.0,0.105,1.0,0.0,0.0,1.0
45.352,-2.0998249649916927,-0.24970955356194885,0.105,0.0,0.0,0.105,1.0,0.0,0.0,1.0
45.281,-1.0459320305373605,-1.9850594215709851,0.105,0.0,0.0,0.105,1.0,0.0,0.0,1.0
45.133,-3.6925903160011133,-0.08520048253290116,0.105,0.0,0.0,0.105,1.0,0.0,0.0,1.0
45.222,-2.946843780623428,-2.196050812751495,0.105,0.0,0.0,0.105,1.0,0.0,0.0,1.0
45.289,-1.5325146133605505,1.1137119476759716,0.105,0.0,0.0,0.105,1.0,0.0,0.0,1.0
45.256,-2.2873192564541935,1.385118749171846,0.105,0.0,0.0,0.105,1.0,0.0,0.0,1.0
45.226,-0.12234249942754655,1.0357691283678412,0.105,0.0,0.0,0.105,1.0,0.0,0.0,1.0
45.147,-1.1805905039916202,-1.478360803835921,0.105,0.0,0.0,0.105,1.0,0.0,0.0,1.0
45.261,-0.8306634981429574,-0.0588354998358023,0.105,0.0,0.0,0.105,1.0,0.0,0.0,1.0
45.282,-3.7951796215076627,1.8469929096166178,0.105,0.0,0.0,0.105,1.0,0.0,0.0,1.0
45.597,-3.2713029883901004,0.9174176860987698,0.105,0.0,0.0,0.105,1.0,0.0,0.0,1.0
45.192,-4.7276113053195985,-0.3854143775957805,0.105,0.0,0.0,0.105,1.0,0.0,0.0,1.0
45.294,-4.285380615339352,-2.0354532135092462,0.105,0.0,0.0,0.105,1.0,0.0,0.0,1.0
45.208,-4.387750597388022,1.5634003686944429,0.105,0.0,0.0,0.105,1.0,0.0,0.0,1.0
45.499,-3.4008668977955496,1.7868856118918375,0.105,0.0,0.0,0.105,1.0,0.0,0.0,1.0
45.193,-1.1450513751347557,-0.023142931931543983,0.105,0.0,0.0,0.105,1.0,0.0,0.0,1.0
45.206,-0.8993367934379514,-1.488083239008013,0.105,0.0,0.0,0.105,1.0,0.0,0.0,1.0
45.491,-0.5636143077609947,-0.7551015016394299,0.105,0.0,0.0,0.105,1.0,0.0,0.0,1.0
45.286,-1.350345757649668,-0.581235029537861,0.105,0.0,0.0,0.105,1.0,0.0,0.0,1.0
45.259,-4.261188015010819,-0.21502177806979655,0.105,0.0,0.0,0.105,1.0,0.0,0.0,1.0
45.489,-2.162118187833057,0.2682628755537091,0.105,0.0,0.0,0.105,1.0,0.0,0.0,1.0
45.489,-1.5095179978395794,-0.5737480565063664,0.105,0.0,0.0,0.105,1.0,0.0,0.0,1.0
45.411,-1.2240673708377179,0.9321857792467692,0.105,0.0,0.0,0.105,1.0,0.0,0.0,1.0
45.141,-2.9286378041553958,1.9998554397590342,0.105,0.0,0.0,0.105,1.0,0.0,0.0,1.0
45.288,-4.710644411063852,0.5102498937697871,0.105,0.0,0.0,0.105,1.0,0.0,0.0,1.0
45.396,-0.10099536018786541,-2.1105978528631852,0.105,0.0,0.0,0.105,1.0,0.0,0.0,1.0
45.299,-4.862803918973947,1.4161590173461325,0.105,0.0,0.0,0.105,1.0,0.0,0.0,1.0
45.219,-2.5424436272845115,2.30654390084548,0.105,0.0,0.0,0.105,1.0,0.0,0.0,1.0
45.159,-2.5397389716097516,1.702399512816606,0.105,0.0,0.0,0.105,1.0,0.0,0.0,1.0
45.203,-1.0039564816575741,-1.2507784472652597,0.105,0.0,0.0,0.105,1.0,0.0,0.0,1.0
45.297,-2.790012237344147,1.2797796758411633,0.105,0.0,0.0,0.105,1.0,0.0,0.0,1.0
45.229,-3.1481822492446083,1.3857596963785197,0.105,0.0,0.0,0.105,1.0,0.0,0.0,1.0
45.484,-4.671403008275483,0.39633576162877626,0.105,0.0,0.0,0.105,1.0,0.0,0.0,1.0
45.484,-1.0439537614996228,-1.2825777983356537,0.105,0.0,0.0,0.105,1.0,0.0,0.0,1.0
45.501,-3.041834418280463,-1.0497331014744267,0.105,0.0,0.0,0.105,1.0,0.0,0.0,1.0
45.59,-2.7767348718467892,1.2035687232153944,0.105,0.0,0.0,0.105,1.0,0.0,0.0,1.0
45.258,-2.4977340599016897,-2.4964719771433033,0.105,0.0,0.0,0.105,1.0,0.0,0.0,1.0
45.329,-0.7850302948956451,-0.4704886718078495,0.105,0.0,0.0,0.105,1.0,0.0,0.0,1.0
45.399,-0.4665661102617957,0.42759866806748914,0.105,0.0,0.0,0.105,1.0,0.0,0.0,1.0
45.483,-1.5543381519358341,2.2010808880450274,0.105,0.0,0.0,0.105,1.0,0.0,0.0,1.0
45.182,-4.9806057069451155,-1.921001613144145,0.105,0.0,0.0,0.105,1.0,0.0,0.0,1.0
45.293,-1.6804113552096644,2.3893559437116862,0.105,0.0,0.0,0.105,1.0,0.0,0.0,1.0
45.401,-4.846830824388498,1.289079342836803,0.105,0.0,0.0,0.105,1.0,0.0,0.0,1.0
45.403,-3.578841758639749,-0.8333228564701148,0.105,0.0,0.0,0.105,1.0,0.0,0.0,1.0
45.116,-4.776263833596916,2.408472074016601,0.105,0.0,0.0,0.105,1.0,0.0,0.0,1.0
45.358,-0.9885130976468393,0.6745484588786989,0.105,0.0,0.0,0.105,1.0,0.0,0.0,1.0
45.309,-4.995922265072656,0.4455204754878431,0.105,0.0,0.0,0.105,1.0,0.0,0.0,1.0
45.437,-4.764262250099377,-0.7824243092003058,0.105,0.0,0.0,0.105,1.0,0.0,0.0,1.0
45.217,-2.210484872276666,0.7899944889793803,0.105,0.0,0.0,0.105,1.0,0.0,0.0,1.0
45.282,-2.9980092125543756,-2.1485668336224486,0.105,0.0,0.0,0.105,1.0,0.0,0.0,1.0
45.23,-0.7823339105080149,1.3184587363818463,0.105,0.0,0.0,0.105,1.0,0.0,0.0,1.0
45.19,-1.8141660456042183,-1.4061912638698137,0.105,0.0,0.0,0.105,1.0,0.0,0.0,1.0
45.284,-2.2524475522833516,-1.8004532524146681,0.105,0.0,0.0,0.105,1.0,0.0,0.0,1.0
45.229,-2.650207027722567,1.7956392593283879,0.105,0.0,0.0,0.105,1.0,0.0,0.0,1.0
45.287,-3.2609210905984862,-2.3226576258580574,0.105,0.0,0.0,0.105,1.0,0.0,0.0,1.0
45.282,-1.1878296796259014,-1.3834622100780634,0.105,0.0,0.0,0.105,1.0,0.0,0.0,1.0
45.263,-0.3874630795699876,-0.867448134884869,0.105,0.0,0.0,0.105,1.0,0.0,0.0,1.0
45.499,-0.260639980941052,-0.5986023872780946,0.105,0.0,0.0,0.105,1.0,0.0,0.0,1.0
45.101,-4.667851873276707,-2.051909123003213,0.105,0.0,0.0,0.105,1.0,0.0,0.0,1.0
45.157,-4.822621672247074,-0.9686214305188846,0.105,0.0,0.0,0.105,1.0,0.0,0.0,1.0
45.284,-0.2498552681274205,0.24765268546528255,0.105,0.0,0.0,0.105,1.0,0.0,0.0,1.0
45.195,-3.1236112011789343,-1.180199505516478,0.105,0.0,0.0,0.105,1.0,0.0,0.0,1.0
45.31,-3.012029596542323,1.5610329434678987,0.105,0.0,0.0,0.105,1.0,0.0,0.0,1.0
45.19,-2.5525971092703084,-0.12222526799468,0.105,0.0,0.0,0.105,1.0,0.0,0.0,1.0
45.312,-2.5274311627284933,-1.7142816121622015,0.105,0.0,0.0,0.105,1.0,0.0,0.0,1.0
45.347,-0.09827595291962016,-1.3726783260073225,0.105,0.0,0.0,0.105,1.0,0.0,0.0,1.0
45.496,-1.3172194411786475,-1.5801999984577426,0.105,0.0,0.0,0.105,1.0,0.0,0.0,1.0
45.222,-4.726420952521207,-1.4348238491684921,0.105,0.0,0.0,0.105,1.0,0.0,0.0,1.0
45.283,-1.057318756197624,1.1224271837929027,0.105,0.0,0.0,0.105,1.0,0.0,0.0,1.0
45.182,-0.9098455304231076,0.8229638712223727,0.105,0.0,0.0,0.105,1.0,0.0,0.0,1.0
45.397,-3.801825895637215,-2.1124814096475166,0.105,0.0,0.0,0.105,1.0,0.0,0.0,1.0
45.21,-1.5306499685334054,2.2408894564616757,0.105,0.0,0.0,0.105,1.0,0.0,0.0,1.0
45.301,-2.885685276104255,1.4100285001444368,0.105,0.0,0.0,0.105,1.0,0.0,0.0,1.0
45.179,-2.323574207526728,2.3653834098971385,0.105,0.0,0.0,0.105,1.0,0.0,0.0,1.0
45.316,-2.005301720335319,1.7662655921298516,0.105,0.0,0.0,0.105,1.0,0.0,0.0,1.0
45.41,-1.2999444596997658,0.1477908676450719,0.105,0.0,0.0,0.105,1.0,0.0,0.0,1.0
45.215,-0.10944946828109803,1.3652001758365346,0.105,0.0,0.0,0.105,1.0,0.0,0.0,1.0
45.18,-0.451326678934467,-0.5303482807947674,0.105,0.0,0.0,0.105,1.0,0.0,0.0,1.0
45.174,-2.1637545557229267,2.260543123645529,0.105,0.0,0.0,0.105,1.0,0.0,0.0,1.0
45.203,-2.9157974936917443,1.7535011173302681,0.105,0.0,0.0,0.105,1.0,0.0,0.0,1.0
45.218,-4.162365443265044,1.4532929208385381,0.105,0.0,0.0,0.105,1.0,0.0,0.0,1.0
45.283,-4.769104567121557,1.6289215650255213,0.105,0.0,0.0,0.105,1.0,0.0,0.0,1.0
45.214,-2.87699935494186,-0.2466693756587328,0.105,0.0,0.0,0.105,1.0,0.0,0.0,1.0
45.321,-1.9125276285236044,2.0851195739934423,0.105,0.0,0.0,0.105,1.0,0.0,0.0,1.0
45.197,-3.3856513573577804,-2.3635240507193647,0.105,0.0,0.0,0.105,1.0,0.0,0.0,1.0
45.228,-2.4200247289920735,2.0288913546694887,0.105,0.0,0.0,0.105,1.0,0.0,0.0,1.0
45.377,-1.323629365431024,0.7506920208388731,0.105,0.0,0.0,0.105,1.0,0.0,0.0,1.0
45.187,-3.7477911501525343,2.192035580349745,0.105,0.0,0.0,0.105,1.0,0.0,0.0,1.0
45.236,-1.11184174122968,1.839715573995761,0.105,0.0,0.0,0.105,1.0,0.0,0.0,1.0
45.209,-2.426158309746761,1.8649709855029772,0.105,0.0,0.0,0.105,1.0,0.0,0.0,1.0
45.308,-4.556381288146633,-0.161910080240172,0.105,0.0,0.0,0.105,1.0,0.0,0.0,1.0
45.29,-2.6067331750291225,2.102068616376418,0.105,0.0,0.0,0.105,1.0,0.0,0.0,1.0
45.389,-3.452264377460692,-0.8234112995248464,0.105,0.0,0.0,0.105,1.0,0.0,0.0,1.0
45.311,-1.3415582059196716,1.327165766655456,0.105,0.0,0.0,0.105,1.0,0.0,0.0,1.0
45.309,-4.883373909887092,-1.234241764673516,0.105,0.0,0.0,0.105,1.0,0.0,0.0,1.0
45.18,-3.184675431698214,-0.5092240800174984,0.105,0.0,0.0,0.105,1.0,0.0,0.0,1.0
45.392,-4.926258458592806,1.5779065516872945,0.105,0.0,0.0,0.105,1.0,0.0,0.0,1.0
45.227,-0.5002377221990818,-0.27115997901242084,0.105,0.0,0.0,0.105,1.0,0.0,0.0,1.0
45.279,-3.266365316237166,-1.0314920227553188,0.105,0.0,0.0,0.105,1.0,0.0,0.0,1.0
45.246,-0.28925141659867004,-0.08371748758214145,0.105,0.0,0.0,0.105,1.0,0.0,0.0,1.0
45.379,-1.70075513570632,0.16766052348492605,0.105,0.0,0.0,0.105,1.0,0.0,0.0,1.0
45.302,-4.7065334008702955,-0.044339265564611,0.105,0.0,0.0,0.105,1.0,0.0,0.0,1.0
45.088,-1.3099246902139197,1.240198403085293,0.105,0.0,0.0,0.105,1.0,0.0,0.0,1.0
45.274,-3.6417231482764523,0.13276046619387685,0.105,0.0,0.0,0.105,1.0,0.0,0.0,1.0
45.501,-3.2516394542565825,-2.251458284829524,0.105,0.0,0.0,0.105,1.0,0.0,0.0,1.0
45.506,-1.5541036142801423,2.3915093028354457,0.105,0.0,0.0,0.105,1.0,0.0,0.0,1.0
45.522,-0.12435910924017264,0.23941431304910876,0.105,0.0,0.0,0.105,1.0,0.0,0.0,1.0
45.115,-0.9010652160272676,1.6089484991343879,0.105,0.0,0.0,0.105,1.0,0.0,0.0,1.0
45.398,-0.8174072986064557,-1.601789076460403,0.105,0.0,0.0,0.105,1.0,0.0,0.0,1.0
45.307,-0.8002836975936933,1.8452091174734135,0.105,0.0,0.0,0.105,1.0,0.0,0.0,1.0
45.279,-2.920779881575555,-2.2342129909713075,0.105,0.0,0.0,0.105,1.0,0.0,0.0,1.0
45.301,-2.3214583663599755,-0.40028217429764157,0.105,0.0,0.0,0.105,1.0,0.0,0.0,1.0
45.306,-2.3689686534932406,-1.4752086479457214,0.105,0.0,0.0,0.105,1.0,0.0,0.0,1.0
45.364,-0.0008629759545149803,-2.1609193110602085,0.105,0.0,0.0,0.105,1.0,0.0,0.0,1.0
45.208,-4.836868111886929,2.1630109008020306,0.105,0.0,0.0,0.105,1.0,0.0,0.0,1.0
45.254,-0.2955310119144104,0.6420873943578921,0.105,0.0,0.0,0.105,1.0,0.0,0.0,1.0
45.39,-3.629980944908666,1.1503619814179846,0.105,0.0,0.0,0.105,1.0,0.0,0.0,1.0
45.204,-4.540541007779334,-1.5888984100910586,0.105,0.0,0.0,0.105,1.0,0.0,0.0,1.0
45.112,-1.4727252443486654,2.3063323843889108,0.105,0.0,0.0,0.105,1.0,0.0,0.0,1.0
45.4,-1.8460761205563445,-1.9763009790244517,0.105,0.0,0.0,0.105,1.0,0.0,0.0,1.0
45.404,-1.9958405004290545,-1.5562103473231066,0.105,0.0,0.0,0.105,1.0,0.0,0.0,1.0
45.323,-2.4221387705706263,-2.4769104996243603,0.105,0.0,0.0,0.105,1.0,0.0,0.0,1.0
45.287,-2.644700747756437,-0.06451213019760903,0.105,0.0,0.0,0.105,1.0,0.0,0.0,1.0
45.367,-0.02164935922601659,-1.7311640612419728,0.105,0.0,0.0,0.105,1.0,0.0,0.0,1.0
45.208,-4.710574118035393,-0.25963189931601605,0.105,0.0,0.0,0.105,1.0,0.0,0.0,1.0
45.208,-0.23364749191931536,-2.275805790707534,0.105,0.0,0.0,0.105,1.0,0.0,0.0,1.0
45.511,-1.8742810667775467,-1.0761640604255809,0.105,0.0,0.0,0.105,1.0,0.0,0.0,1.0
45.352,-3.6982991789010167,-1.7645868242068314,0.105,0.0,0.0,0.105,1.0,0.0,0.0,1.0
45.222,-2.910509019509574,-0.856117628106603,0.105,0.0,0.0,0.105,1.0,0.0,0.0,1.0
45.397,-0.488419464336533,-2.007850014513616,0.105,0.0,0.0,0.105,1.0,0.0,0.0,1.0
45.324,-2.9109763696825026,1.6577290428671034,0.105,0.0,0.0,0.105,1.0,0.0,0.0,1.0
45.22,-3.254218895254761,1.3787837929449505,0.105,0.0,0.0,0.105,1.0,0.0,0.0,1.0
45.368,-0.8185500213843465,0.03107757172553537,0.105,0.0,0.0,0.105,1.0,0.0,0.0,1.0
45.289,-2.5475338311813553,2.2413882811252632,0.105,0.0,0.0,0.105,1.0,0.0,0.0,1.0
45.321,-4.173032420051465,-0.3749675698313446,0.105,0.0,0.0,0.105,1.0,0.0,0.0,1.0
45.253,-4.276335867225347,1.9035018573532962,0.105,0.0,0.0,0.105,1.0,0.0,0.0,1.0
45.103,-2.9766698468671136,0.3306334699742945,0.105,0.0,0.0,0.105,1.0,0.0,0.0,1.0
45.301,-0.3117677134885972,0.1662766403008233,0.105,0.0,0.0,0.105,1.0,0.0,0.0,1.0
45.305,-3.9347769337492786,0.8774883291767059,0.105,0.0,0.0,0.105,1.0,0.0,0.0,1.0
45.398,-3.9667033933227693,0.9376665082874146,0.105,0.0,0.0,0.105,1.0,0.0,0.0,1.0
45.091,-2.2121405085944414,0.710779439085838,0.105,0.0,0.0,0.105,1.0,0.0,0.0,1.0
45.295,-2.5472456578988734,-0.8557952419790708,0.105,0.0,0.0,0.105,1.0,0.0,0.0,1.0
45.34,-0.8584448066628285,-2.129012684680267,0.105,0.0,0.0,0.105,1.0,0.0,0.0,1.0
45.252,-0.5612258096566677,-0.8408917058074548,0.105,0.0,0.0,0.105,1.0,0.0,0.0,1.0
2.3000000000000043,-1.232012557520004,-1.0798911394542496,0.105,0.0,0.0,0.105,1.0,0.0,0.0,1.0
45.203,-2.1917660187773835,-1.9036480323650677,0.105,0.0,0.0,0.105,1.0,0.0,0.0,1.0
45.336,-1.9121014812716959,1.4553292187650404,0.105,0.0,0.0,0.105,1.0,0.0,0.0,1.0
45.28,-4.6607521084188885,-1.35643933157899,0.105,0.0,0.0,0.105,1.0,0.0,0.0,1.0
45.19,-4.652664085593051,-1.235238077929753,0.105,0.0,0.0,0.105,1.0,0.0,0.0,1.0
45.455,-0.05260318761949442,0.10344050586192606,0.105,0.0,0.0,0.105,1.0,0.0,0.0,1.0
45.572,-1.1579629528624875,-0.9395803057810996,0.105,0.0,0.0,0.105,1.0,0.0,0.0,1.0
45.3,-1.787021395893041,-1.706704865281424,0.105,0.0,0.0,0.105,1.0,0.0,0.0,1.0
45.249,-0.5614202540540167,-0.8088836618553543,0.105,0.0,0.0,0.105,1.0,0.0,0.0,1.0
45.248,-2.48486246020201,-0.2255560371991354,0.105,0.0,0.0,0.105,1.0,0.0,0.0,1.0
45.141,-0.892508830077748,-0.6383344828145994,0.105,0.0,0.0,0.105,1.0,0.0,0.0,1.0
45.224,-3.927864594863947,1.1418571312450028,0.105,0.0,0.0,0.105,1.0,0.0,0.0,1.0
45.351,-1.0344858386145641,1.408748530438683,0.105,0.0,0.0,0.105,1.0,0.0,0.0,1.0
45.394,-1.2400706820874217,-0.2682670627811595,0.105,0.0,0.0,0.105,1.0,0.0,0.0,1.0
45.31,-0.8218793330648289,0.09133860520529068,0.105,0.0,0.0,0.105,1.0,0.0,0.0,1.0
45.404,-3.858436031470341,-1.1743612778837158,0.105,0.0,0.0,0.105,1.0,0.0,0.0,1.0
45.263,-4.401152102045134,0.7600245059873817,0.105,0.0,0.0,0.105,1.0,0.0,0.0,1.0
45.432,-4.602566604662425,1.270171492048149,0.105,0.0,0.0,0.105,1.0,0.0,0.0,1.0
45.438,-1.8609492706140047,2.37717882337152,0.105,0.0,0.0,0.105,1.0,0.0,0.0,1.0
45.198,-2.6599218459535012,0.544422207571807,0.105,0.0,0.0,0.105,1.0,0.0,0.0,1.0
45.565,-0.6913181261856058,-1.654866368383162,0.105,0.0,0.0,0.105,1.0,0.0,0.0,1.0
2.7010000000000005,-3.613871175426824,-1.0950053829411805,0.105,0.0,0.0,0.105,1.0,0.0,0.0,1.0
45.268,-1.9027764235888927,2.4916190911726592,0.105,0.0,0.0,0.105,1.0,0.0,0.0,1.0
45.298,-4.305080590368077,0.791694321331573,0.105,0.0,0.0,0.105,1.0,0.0,0.0,1.0
45.095,-1.1260315966696122,-1.7738442878947231,0.105,0.0,0.0,0.105,1.0,0.0,0.0,1.0
45.407,-1.8201949332281275,-0.13918055517168393,0.105,0.0,0.0,0.105,1.0,0.0,0.0,1.0
45.259,-4.622794172884122,0.7876770896806138,0.105,0.0,0.0,0.105,1.0,0.0,0.0,1.0
45.39,-4.591054355983942,1.585221160636294,0.105,0.0,0.0,0.105,1.0,0.0,0.0,1.0
45.314,-2.411148734821952,-0.5498382712667469,0.105,0.0,0.0,0.105,1.0,0.0,0.0,1.0
45.519,-1.247439787465469,-1.175827298119369,0.105,0.0,0.0,0.105,1.0,0.0,0.0,1.0
45.347,-4.418798786700999,1.2047745534356413,0.105,0.0,0.0,0.105,1.0,0.0,0.0,1.0
45.116,-2.1231994216110883,-1.0979381010360887,0.105,0.0,0.0,0.105,1.0,0.0,0.0,1.0
45.205,-3.5853038382796285,-1.3988179602801412,0.105,0.0,0.0,0.105,1.0,0.0,0.0,1.0
45.487,-4.3161684073862805,-0.9561032453480903,0.105,0.0,0.0,0.105,1.0,0.0,0.0,1.0
45.406,-4.97862828969716,-1.9223210046841999,0.105,0.0,0.0,0.105,1.0,0.0,0.0,1.0
45.27,-2.9168244186594174,-1.4852117809487664,0.105,0.0,0.0,0.105,1.0,0.0,0.0,1.0
45.289,-3.3568174850223707,2.380205155884295,0.105,0.0,0.0,0.105,1.0,0.0,0.0,1.0
45.305,-4.190131299626055,-2.00261138978992,0.105,0.0,0.0,0.105,1.0,0.0,0.0,1.0
45.277,-3.369103434797448,-1.5400859243518041,0.105,0.0,0.0,0.105,1.0,0.0,0.0,1.0
45.201,-2.137139426953586,0.873779768507727,0.105,0.0,0.0,0.105,1.0,0.0,0.0,1.0
45.39,-1.595145299933556,0.37766831960631225,0.105,0.0,0.0,0.105,1.0,0.0,0.0,1.0
45.308,-2.3738960355556236,-0.3763669932739228,0.105,0.0,0.0,0.105,1.0,0.0,0.0,1.0
45.28,-1.2328590830238217,1.865339505371396,0.105,0.0,0.0,0.105,1.0,0.0,0.0,1.0
45.313,-4.70599329094334,1.6966007960110985,0.105,0.0,0.0,0.105,1.0,0.0,0.0,1.0
45.286,-2.8224035939345207,-0.5380875918952989,0.105,0.0,0.0,0.105,1.0,0.0,0.0,1.0
45.541,-4.143818490536708,-2.281351195802891,0.105,0.0,0.0,0.105,1.0,0.0,0.0,1.0
45.389,-2.58749120681442,1.0044427099263522,0.105,0.0,0.0,0.105,1.0,0.0,0.0,1.0
45.292,-1.4719105131883645,0.8570876205126343,0.105,0.0,0.0,0.105,1.0,0.0,0.0,1.0
45.294,-4.161660387277627,-1.461229474576525,0.105,0.0,0.0,0.105,1.0,0.0,0.0,1.0
45.211,-4.639866201727931,0.9615620198174202,0.105,0.0,0.0,0.105,1.0,0.0,0.0,1.0
45.311,-3.5255684157808167,1.328205352981874,0.105,0.0,0.0,0.105,1.0,0.0,0.0,1.0
45.401,-3.248998346066486,0.26721134752864145,0.105,0.0,0.0,0.105,1.0,0.0,0.0,1.0
45.36,-4.46748911444517,1.8745959134934045,0.105,0.0,0.0,0.105,1.0,0.0,0.0,1.0
45.462,-1.8257594847089467,0.36256575765325433,0.105,0.0,0.0,0.105,1.0,0.0,0.0,1.0
45.327,-1.116937384121742,-0.33204384767958284,0.105,0.0,0.0,0.105,1.0,0.0,0.0,1.0
45.29,-2.7978983711433063,0.05629137716907663,0.105,0.0,0.0,0.105,1.0,0.0,0.0,1.0
45.271,-1.606481018870404,-0.689895090138082,0.105,0.0,0.0,0.105,1.0,0.0,0.0,1.0
45.19,-4.300751497777807,0.20607480876420425,0.105,0.0,0.0,0.105,1.0,0.0,0.0,1.0
45.299,-4.972218144923546,0.13424690023047628,0.105,0.0,0.0,0.105,1.0,0.0,0.0,1.0
45.29,-2.4138736365483386,1.5772760457265833,0.105,0.0,0.0,0.105,1.0,0.0,0.0,1.0
45.298,-3.9714686905906484,-2.2554452646035923,0.105,0.0,0.0,0.105,1.0,0.0,0.0,1.0
45.299,-4.665508179459359,-0.759430520474667,0.105,0.0,0.0,0.105,1.0,0.0,0.0,1.0
45.309,-4.871691423346746,-0.6837974915462772,0.105,0.0,0.0,0.105,1.0,0.0,0.0,1.0
45.187,-1.050110689832711,1.7536066948314362,0.105,0.0,0.0,0.105,1.0,0.0,0.0,1.0
45.383,-1.3023352598954399,-2.4931715225698565,0.105,0.0,0.0,0.105,1.0,0.0,0.0,1.0
45.098,-3.914214234954107,-1.0596484480364823,0.105,0.0,0.0,0.105,1.0,0.0,0.0,1.0
45.295,-0.5504454719486865,1.5739311719737024,0.105,0.0,0.0,0.105,1.0,0.0,0.0,1.0
45.362,-3.882064374007196,1.0930432854507375,0.105,0.0,0.0,0.105,1.0,0.0,0.0,1.0
45.381,-3.1815849418409607,-0.03085249112662827,0.105,0.0,0.0,0.105,1.0,0.0,0.0,1.0
45.397,-0.6329784905078746,0.4840296221262616,0.105,0.0,0.0,0.105,1.0,0.0,0.0,1.0
45.327,-3.377830772392147,-1.535210647925237,0.105,0.0,0.0,0.105,1.0,0.0,0.0,1.0
45.244,-2.80263755341403,1.2064800406615568,0.105,0.0,0.0,0.105,1.0,0.0,0.0,1.0
45.401,-2.5855637833398784,-2.0686238048952768,0.105,0.0,0.0,0.105,1.0,0.0,0.0,1.0
45.307,-2.446329479367586,-2.1392587366536393,0.105,0.0,0.0,0.105,1.0,0.0,0.0,1.0
45.293,-4.875923591783966,-1.9712106090065584,0.105,0.0,0.0,0.105,1.0,0.0,0.0,1.0
45.659,-4.194350611793673,-0.9318644002417226,0.105,0.0,0.0,0.105,1.0,0.0,0.0,1.0
45.288,-3.5314361069780347,1.1068407987576452,0.105,0.0,0.0,0.105,1.0,0.0,0.0,1.0
45.299,-4.150512603232794,-0.16752989234809873,0.105,0.0,0.0,0.105,1.0,0.0,0.0,1.0
45.395,-0.45115333980268446,1.3588495963800218,0.105,0.0,0.0,0.105,1.0,0.0,0.0,1.0
45.537,-4.149395464196835,0.4334869503535778,0.105,0.0,0.0,0.105,1.0,0.0,0.0,1.0
45.3,-0.6286851853405624,0.9571787055856672,0.105,0.0,0.0,0.105,1.0,0.0,0.0,1.0
45.326,-0.23597280012730895,-1.0713073375900686,0.105,0.0,0.0,0.105,1.0,0.0,0.0,1.0
45.324,-4.46097783097125,-2.223105164390224,0.105,0.0,0.0,0.105,1.0,0.0,0.0,1.0
45.523,-3.9164403530313154,0.49008411991687584,0.105,0.0,0.0,0.105,1.0,0.0,0.0,1.0
45.414,-4.417900708680891,1.861271117478871,0.105,0.0,0.0,0.105,1.0,0.0,0.0,1.0
45.311,-2.3638279922794525,-1.7620960655961293,0.105,0.0,0.0,0.105,1.0,0.0,0.0,1.0
45.576,-1.5792577176855078,1.2228354130392451,0.105,0.0,0.0,0.105,1.0,0.0,0.0,1.0
45.179,-3.220601573830806,0.239843520912077,0.105,0.0,0.0,0.105,1.0,0.0,0.0,1.0
45.301,-2.571086758660693,2.408107552591112,0.105,0.0,0.0,0.105,1.0,0.0,0.0,1.0
45.439,-3.3513192757487538,1.352122983047315,0.105,0.0,0.0,0.105,1.0,0.0,0.0,1.0
45.301,-3.7609691631444258,-0.8187417581601183,0.105,0.0,0.0,0.105,1.0,0.0,0.0,1.0
45.249,-0.7613487879944054,-1.8032790976430033,0.105,0.0,0.0,0.105,1.0,0.0,0.0,1.0
45.539,-4.851319134328312,-0.8936108660386122,0.105,0.0,0.0,0.105,1.0,0.0,0.0,1.0
45.4,-0.3468845410353808,-2.39046488376155,0.105,0.0,0.0,0.105,1.0,0.0,0.0,1.0
45.517,-1.2780755214650967,0.09154320577942121,0.105,0.0,0.0,0.105,1.0,0.0,0.0,1.0
45.19,-3.319017642095407,1.3811653098042573,0.105,0.0,0.0,0.105,1.0,0.0,0.0,1.0
45.527,-1.4557050355774013,-1.3256414328091752,0.105,0.0,0.0,0.105,1.0,0.0,0.0,1.0
45.287,-2.571107090159312,0.3317414614300198,0.105,0.0,0.0,0.105,1.0,0.0,0.0,1.0
45.543,-2.185370464067692,0.9304313420927914,0.105,0.0,0.0,0.105,1.0,0.0,0.0,1.0
45.616,-2.312492804286469,-2.3075048432511056,0.105,0.0,0.0,0.105,1.0,0.0,0.0,1.0
45.285,-3.52054186324636,-0.45353887708074964,0.105,0.0,0.0,0.105,1.0,0.0,0.0,1.0
45.404,-4.6409649894194045,-2.0668826054177174,0.105,0.0,0.0,0.105,1.0,0.0,0.0,1.0
45.316,-1.8413861100108944,-1.1533512007388036,0.105,0.0,0.0,0.105,1.0,0.0,0.0,1.0
45.405,-4.483518088611567,1.883940714579099,0.105,0.0,0.0,0.105,1.0,0.0,0.0,1.0
45.109,-1.1691448203467103,0.022880805555993197,0.105,0.0,0.0,0.105,1.0,0.0,0.0,1.0
45.226,-2.34070425619556,-0.22244084320211427,0.105,0.0,0.0,0.105,1.0,0.0,0.0,1.0
45.193,-3.0112461663367642,0.4216727189131101,0.105,0.0,0.0,0.105,1.0,0.0,0.0,1.0
45.201,-3.530755756840877,1.810650983272242,0.105,0.0,0.0,0.105,1.0,0.0,0.0,1.0
45.19,-2.29192045413355,-1.969802326099298,0.105,0.0,0.0,0.105,1.0,0.0,0.0,1.0
45.634,-2.742120494154174,0.7476354302494267,0.105,0.0,0.0,0.105,1.0,0.0,0.0,1.0
45.305,-3.4747440685432576,-0.30002805181021697,0.105,0.0,0.0,0.105,1.0,0.0,0.0,1.0
45.632,-0.629169141639543,-1.7189013205606525,0.105,0.0,0.0,0.105,1.0,0.0,0.0,1.0
45.421,-1.172382197975108,2.2765995994591206,0.105,0.0,0.0,0.105,1.0,0.0,0.0,1.0
45.177,-1.7052588111454163,-1.7810892788979193,0.105,0.0,0.0,0.105,1.0,0.0,0.0,1.0
45.604,-1.4707584291446958,1.941174646463663,0.105,0.0,0.0,0.105,1.0,0.0,0.0,1.0
45.205,-2.0039129825667956,-1.0859712947315467,0.105,0.0,0.0,0.105,1.0,0.0,0.0,1.0
45.436,-4.041528657257371,-1.841639253228839,0.105,0.0,0.0,0.105,1.0,0.0,0.0,1.0
45.296,-3.7038790878294665,0.2904364978217574,0.105,0.0,0.0,0.105,1.0,0.0,0.0,1.0
45.277,-0.07202761785671294,0.8536719356556335,0.105,0.0,0.0,0.105,1.0,0.0,0.0,1.0
45.362,-4.7615538063616505,0.32310329653356284,0.105,0.0,0.0,0.105,1.0,0.0,0.0,1.0
45.417,-1.5944854023330988,1.8840380689293557,0.105,0.0,0.0,0.105,1.0,0.0,0.0,1.0
45.285,-2.5350406448665805,1.1583406851722564,0.105,0.0,0.0,0.105,1.0,0.0,0.0,1.0
45.303,-1.311153156839974,-0.8223022562527922,0.105,0.0,0.0,0.105,1.0,0.0,0.0,1.0
45.177,-3.300532261826489,0.44716047992661245,0.105,0.0,0.0,0.105,1.0,0.0,0.0,1.0
45.086,-4.112742308114106,-0.2860825198772057,0.105,0.0,0.0,0.105,1.0,0.0,0.0,1.0
45.36,-2.48150165694963,0.06996663859886117,0.105,0.0,0.0,0.105,1.0,0.0,0.0,1.0
45.383,-2.8828201785532737,-0.030773675432638245,0.105,0.0,0.0,0.105,1.0,0.0,0.0,1.0
45.186,-0.48058604005631655,2.314760669223158,0.105,0.0,0.0,0.105,1.0,0.0,0.0,1.0
45.078,-2.4268641027988163,-0.9105204432996367,0.105,0.0,0.0,0.105,1.0,0.0,0.0,1.0
45.598,-1.5681462054920399,2.039486250726021,0.105,0.0,0.0,0.105,1.0,0.0,0.0,1.0
45.316,-4.339099297583894,2.3626062762082705,0.105,0.0,0.0,0.105,1.0,0.0,0.0,1.0
45.286,-3.4375997243942185,2.2970227807962553,0.105,0.0,0.0,0.105,1.0,0.0,0.0,1.0
45.459,-4.383370315295993,1.6747721841427619,0.105,0.0,0.0,0.105,1.0,0.0,0.0,1.0
45.294,-2.7123091636776344,-0.034252512016370515,0.105,0.0,0.0,0.105,1.0,0.0,0.0,1.0
45.449,-0.4066818269308113,1.5276415759605435,0.105,0.0,0.0,0.105,1.0,0.0,0.0,1.0
45.481,-4.477253704753001,-0.23935789185477802,0.105,0.0,0.0,0.105,1.0,0.0,0.0,1.0
45.354,-0.781758224627216,0.26544947449814266,0.105,0.0,0.0,0.105,1.0,0.0,0.0,1.0
45.293,-4.0438031995787656,0.23152169852954282,0.105,0.0,0.0,0.105,1.0,0.0,0.0,1.0
45.306,-1.2205242494721786,2.2925215691342165,0.105,0.0,0.0,0.105,1.0,0.0,0.0,1.0
45.407,-2.4684078287159026,1.2371794026364074,0.105,0.0,0.0,0.105,1.0,0.0,0.0,1.0
45.278,-3.877691394176197,1.3427951849251771,0.105,0.0,0.0,0.105,1.0,0.0,0.0,1.0
45.662,-3.927378390652117,-1.6467045487575938,0.105,0.0,0.0,0.105,1.0,0.0,0.0,1.0
45.266,-4.222810491042237,-1.9261607585246254,0.105,0.0,0.0,0.105,1.0,0.0,0.0,1.0
45.454,-0.793081386628453,-0.8126561565827471,0.105,0.0,0.0,0.105,1.0,0.0,0.0,1.0
45.314,-1.1089386657960123,1.7264713934483116,0.105,0.0,0.0,0.105,1.0,0.0,0.0,1.0
45.279,-1.6723213543247943,1.0155092361419615,0.105,0.0,0.0,0.105,1.0,0.0,0.0,1.0
45.4,-1.2245550586887533,-1.6003013596761309,0.105,0.0,0.0,0.105,1.0,0.0,0.0,1.0
45.177,-4.276780524361726,0.5377927423776449,0.105,0.0,0.0,0.105,1.0,0.0,0.0,1.0
45.187,-0.7424777472570456,-0.9940695517547915,0.105,0.0,0.0,0.105,1.0,0.0,0.0,1.0
45.556,-3.879704525095571,-1.6265083192995986,0.105,0.0,0.0,0.105,1.0,0.0,0.0,1.0
45.177,-3.1126302031808555,0.3620374282377242,0.105,0.0,0.0,0.105,1.0,0.0,0.0,1.0
45.358,-3.410770480676751,-0.20894732530384308,0.105,0.0,0.0,0.105,1.0,0.0,0.0,1.0
45.277,-4.610304791962423,0.443880528230186,0.105,0.0,0.0,0.105,1.0,0.0,0.0,1.0
45.286,-4.700156918216076,1.7330755932854998,0.105,0.0,0.0,0.105,1.0,0.0,0.0,1.0
45.179,-1.9820949889586934,-1.7628523719041538,0.105,0.0,0.0,0.105,1.0,0.0,0.0,1.0
45.309,-1.4433658842054309,-2.1484019183183265,0.105,0.0,0.0,0.105,1.0,0.0,0.0,1.0
45.734,-2.6781442979426533,2.4084116219758225,0.105,0.0,0.0,0.105,1.0,0.0,0.0,1.0
45.097,-4.079182934614292,0.5149182644565987,0.105,0.0,0.0,0.105,1.0,0.0,0.0,1.0
45.671,-0.23617050837346776,-0.5034400265467698,0.105,0.0,0.0,0.105,1.0,0.0,0.0,1.0
45.524,-1.0871106729952311,1.669500804828716,0.105,0.0,0.0,0.105,1.0,0.0,0.0,1.0
45.23,-4.5433236374498644,-2.13982910276303,0.105,0.0,0.0,0.105,1.0,0.0,0.0,1.0
45.411,-2.329176301815416,-0.06275901938336591,0.105,0.0,0.0,0.105,1.0,0.0,0.0,1.0
45.217,-2.684141267520903,-0.17175659073131513,0.105,0.0,0.0,0.105,1.0,0.0,0.0,1.0
45.384,-1.9289753112953836,2.3370985603959986,0.105,0.0,0.0,0.105,1.0,0.0,0.0,1.0
45.531,-3.877404907047328,1.5420113606939556,0.105,0.0,0.0,0.105,1.0,0.0,0.0,1.0
45.186,-3.6851892979287664,-1.7022009482580935,0.105,0.0,0.0,0.105,1.0,0.0,0.0,1.0
45.365,-4.571578727353792,0.3960371177519622,0.105,0.0,0.0,0.105,1.0,0.0,0.0,1.0
45.311,-4.3469975353859,-0.9410559271857815,0.105,0.0,0.0,0.105,1.0,0.0,0.0,1.0
45.181,-3.6816958278927383,0.3941069764972165,0.105,0.0,0.0,0.105,1.0,0.0,0.0,1.0
45.345,-1.2268242276968315,-0.3803809787130765,0.105,0.0,0.0,0.105,1.0,0.0,0.0,1.0
45.558,-3.9358286852032625,-2.1939785560737435,0.105,0.0,0.0,0.105,1.0,0.0,0.0,1.0
45.483,-0.45124167949722505,0.11870458392714706,0.105,0.0,0.0,0.105,1.0,0.0,0.0,1.0
45.173,-3.830157557737478,-0.6664153254711348,0.105,0.0,0.0,0.105,1.0,0.0,0.0,1.0
45.288,-1.609359796020475,1.960647708311606,0.105,0.0,0.0,0.105,1.0,0.0,0.0,1.0
45.195,-0.5367262849044405,-1.5713477407450978,0.105,0.0,0.0,0.105,1.0,0.0,0.0,1.0
45.277,-3.2053052875013934,-1.2639129208924949,0.105,0.0,0.0,0.105,1.0,0.0,0.0,1.0
45.232,-1.248458686682034,1.590668588638166,0.105,0.0,0.0,0.105,1.0,0.0,0.0,1.0
45.233,-4.253611516302123,0.8851522024902695,0.105,0.0,0.0,0.105,1.0,0.0,0.0,1.0
45.407,-3.9199512690112397,1.9681060371942338,0.105,0.0,0.0,0.105,1.0,0.0,0.0,1.0
45.277,-2.4713361279273522,-2.4895711832694176,0.105,0.0,0.0,0.105,1.0,0.0,0.0,1.0
45.347,-1.0851837852384505,-2.176623781720841,0.105,0.0,0.0,0.105,1.0,0.0,0.0,1.0
45.296,-2.867743983719627,1.0042012914819343,0.105,0.0,0.0,0.105,1.0,0.0,0.0,1.0
45.224,-1.8147833659087116,2.1853341438706453,0.105,0.0,0.0,0.105,1.0,0.0,0.0,1.0
45.277,-3.9714514962806615,1.8957658082545825,0.105,0.0,0.0,0.105,1.0,0.0,0.0,1.0
45.177,-0.666248253079457,0.787181733367113,0.105,0.0,0.0,0.105,1.0,0.0,0.0,1.0
45.309,-2.7169475942239103,-0.7573677494599373,0.105,0.0,0.0,0.105,1.0,0.0,0.0,1.0
45.177,-3.422955412751822,-1.0530371177953886,0.105,0.0,0.0,0.105,1.0,0.0,0.0,1.0
45.393,-4.498970593640696,0.3024837888392612,0.105,0.0,0.0,0.105,1.0,0.0,0.0,1.0
45.426,-1.2231956246706115,-2.146191697003135,0.105,0.0,0.0,0.105,1.0,0.0,0.0,1.0
45.314,-4.200140081897174,-1.6814005377344023,0.105,0.0,0.0,0.105,1.0,0.0,0.0,1.0
45.277,-4.538048136499346,2.4219241578294795,0.105,0.0,0.0,0.105,1.0,0.0,0.0,1.0
45.285,-3.088027399324993,-1.919220612236541,0.105,0.0,0.0,0.105,1.0,0.0,0.0,1.0
45.292,-0.14434701097845476,-1.4442439845108692,0.105,0.0,0.0,0.105,1.0,0.0,0.0,1.0
45.355,-1.848468039994283,-1.5166760173397527,0.105,0.0,0.0,0.105,1.0,0.0,0.0,1.0
45.402,-4.373043921773541,-1.7823709275502622,0.105,0.0,0.0,0.105,1.0,0.0,0.0,1.0
45.395,-0.5491902812213401,-0.8830131450537634,0.105,0.0,0.0,0.105,1.0,0.0,0.0,1.0
45.397,-0.26858229962209856,1.1592594996091072,0.105,0.0,0.0,0.105,1.0,0.0,0.0,1.0
45.39,-4.311187823792192,-0.635301556588807,0.105,0.0,0.0,0.105,1.0,0.0,0.0,1.0
45.202,-4.954983145683107,-1.7244673888442128,0.105,0.0,0.0,0.105,1.0,0.0,0.0,1.0
45.177,-1.9709419632740737,2.2142728693092053,0.105,0.0,0.0,0.105,1.0,0.0,0.0,1.0
45.178,-0.29808328111175797,2.2281288916207282,0.105,0.0,0.0,0.105,1.0,0.0,0.0,1.0
45.327,-2.109543727028759,-0.3971988502672675,0.105,0.0,0.0,0.105,1.0,0.0,0.0,1.0
45.263,-3.109954765702343,0.6966101071973401,0.105,0.0,0.0,0.105,1.0,0.0,0.0,1.0
45.177,-0.3605602657203358,-1.6287166342448058,0.105,0.0,0.0,0.105,1.0,0.0,0.0,1.0
45.394,-2.1626093402905817,-1.2309373561281631,0.105,0.0,0.0,0.105,1.0,0.0,0.0,1.0
45.359,-3.6621516791698165,0.5148580905771597,0.105,0.0,0.0,0.105,1.0,0.0,0.0,1.0
45.283,-0.3394381892191532,1.293015786942389,0.105,0.0,0.0,0.105,1.0,0.0,0.0,1.0
45.392,-0.2551338949817543,0.21926620277565223,0.105,0.0,0.0,0.105,1.0,0.0,0.0,1.0
45.277,-0.48859459254903187,-0.2535675921672929,0.105,0.0,0.0,0.105,1.0,0.0,0.0,1.0
45.277,-0.02743138367673651,-0.1349000596479222,0.105,0.0,0.0,0.105,1.0,0.0,0.0,1.0
45.361,-0.04950960889730762,0.7228472425364124,0.105,0.0,0.0,0.105,1.0,0.0,0.0,1.0
45.077,-2.7167825966485,0.12013579170623467,0.105,0.0,0.0,0.105,1.0,0.0,0.0,1.0
45.177,-0.6198881614220275,0.8785271068617592,0.105,0.0,0.0,0.105,1.0,0.0,0.0,1.0
45.3,-2.8842078845343746,-1.5077137076873055,0.105,0.0,0.0,0.105,1.0,0.0,0.0,1.0
45.282,-1.811552659195735,1.4593749821036799,0.105,0.0,0.0,0.105,1.0,0.0,0.0,1.0
45.292,-1.837625968241782,-0.7103190673869597,0.105,0.0,0.0,0.105,1.0,0.0,0.0,1.0
45.228,-1.243640069405628,0.7304894512410517,0.105,0.0,0.0,0.105,1.0,0.0,0.0,1.0
45.396,-2.2602902665453986,-2.1060625333475236,0.105,0.0,0.0,0.105,1.0,0.0,0.0,1.0
45.399,-4.692605283904085,1.488878735743419,0.105,0.0,0.0,0.105,1.0,0.0,0.0,1.0
45.097,-1.7036125673165898,-0.8328790782584969,0.105,0.0,0.0,0.105,1.0,0.0,0.0,1.0
45.362,-4.812948660602438,1.124981414754805,0.105,0.0,0.0,0.105,1.0,0.0,0.0,1.0
45.329,-0.5345128376157106,0.16714252478782937,0.105,0.0,0.0,0.105,1.0,0.0,0.0,1.0
45.18,-1.244856861761744,-0.5889655501754517,0.105,0.0,0.0,0.105,1.0,0.0,0.0,1.0
45.331,-4.664064135003907,0.7353964419011567,0.105,0.0,0.0,0.105,1.0,0.0,0.0,1.0
45.411,-3.905836989723465,-1.3025798796493213,0.105,0.0,0.0,0.105,1.0,0.0,0.0,1.0
45.282,-3.4695428004760216,0.3762292818649342,0.105,0.0,0.0,0.105,1.0,0.0,0.0,1.0
45.42,-3.9972895207124335,-2.4760187646571343,0.105,0.0,0.0,0.105,1.0,0.0,0.0,1.0
45.579,-4.640351153613229,0.8402485329214597,0.105,0.0,0.0,0.105,1.0,0.0,0.0,1.0
45.177,-4.642115317753408,2.3878427541392595,0.105,0.0,0.0,0.105,1.0,0.0,0.0,1.0
45.077,-1.1022208081192533,-0.6420552704426694,0.105,0.0,0.0,0.105,1.0,0.0,0.0,1.0
45.505,-2.527270543630707,1.5851000593305626,0.105,0.0,0.0,0.105,1.0,0.0,0.0,1.0
45.429,-0.47825345425815863,1.4327817646549579,0.105,0.0,0.0,0.105,1.0,0.0,0.0,1.0
45.116,-1.4598930069592608,-1.1896555294604194,0.105,0.0,0.0,0.105,1.0,0.0,0.0,1.0
45.077,-3.583789163686417,1.7831718919844661,0.105,0.0,0.0,0.105,1.0,0.0,0.0,1.0
45.507,-0.3021467898407608,-1.9565588933311386,0.105,0.0,0.0,0.105,1.0,0.0,0.0,1.0
2.5,-1.8263723095172193,0.8160459449642598,0.105,0.0,0.0,0.105,1.0,0.0,0.0,1.0
45.179,-0.49808884532690784,-2.485207289781258,0.105,0.0,0.0,0.105,1.0,0.0,0.0,1.0
45.472,-2.499530390679836,1.0022822033446723,0.105,0.0,0.0,0.105,1.0,0.0,0.0,1.0
45.288,-2.4316864404383987,0.1390657867232912,0.105,0.0,0.0,0.105,1.0,0.0,0.0,1.0
45.277,-0.6382874430368873,-2.4759212278335183,0.105,0.0,0.0,0.105,1.0,0.0,0.0,1.0
45.59,-1.567069444773556,2.182321904311889,0.105,0.0,0.0,0.105,1.0,0.0,0.0,1.0
45.504,-0.6021406618887454,1.4901391783489701,0.105,0.0,0.0,0.105,1.0,0.0,0.0,1.0
45.277,-1.1165945970765097,-1.249332266499461,0.105,0.0,0.0,0.105,1.0,0.0,0.0,1.0
45.471,-4.691960394061542,1.6558321569656016,0.105,0.0,0.0,0.105,1.0,0.0,0.0,1.0
45.278,-3.926669847347881,-1.131400510910758,0.105,0.0,0.0,0.105,1.0,0.0,0.0,1.0
45.262,-3.4873816814779084,-0.46839969900135275,0.105,0.0,0.0,0.105,1.0,0.0,0.0,1.0
45.28,-2.4552775045224426,1.5802667541301016,0.105,0.0,0.0,0.105,1.0,0.0,0.0,1.0
45.389,-4.184511073827735,0.913719541201948,0.105,0.0,0.0,0.105,1.0,0.0,0.0,1.0
45.302,-2.9297294433729646,-0.34188653556081383,0.105,0.0,0.0,0.105,1.0,0.0,0.0,1.0
45.579,-2.248585161613911,-0.34231354007749704,0.105,0.0,0.0,0.105,1.0,0.0,0.0,1.0
45.289,-2.501370368191052,1.2505374794077961,0.105,0.0,0.0,0.105,1.0,0.0,0.0,1.0
45.277,-3.5919161434258253,2.33072629965158,0.105,0.0,0.0,0.105,1.0,0.0,0.0,1.0
45.646,-0.49476658507374,0.8181889188979321,0.105,0.0,0.0,0.105,1.0,0.0,0.0,1.0
45.292,-1.5642498050316747,0.6944366558619417,0.105,0.0,0.0,0.105,1.0,0.0,0.0,1.0
45.39,-1.8421851442519404,-1.8719221993852704,0.105,0.0,0.0,0.105,1.0,0.0,0.0,1.0
45.252,-2.206842517437964,-1.5240511173304254,0.105,0.0,0.0,0.105,1.0,0.0,0.0,1.0
45.39,-4.922898638183884,-0.18970860247131627,0.105,0.0,0.0,0.105,1.0,0.0,0.0,1.0
45.4,-0.8280044820704695,1.4357303976819271,0.105,0.0,0.0,0.105,1.0,0.0,0.0,1.0
45.283,-0.01864224094786711,1.7105124630245971,0.105,0.0,0.0,0.105,1.0,0.0,0.0,1.0
45.38,-1.473733768644626,1.763872073491756,0.105,0.0,0.0,0.105,1.0,0.0,0.0,1.0
45.277,-4.884245781422227,-1.9269215304904561,0.105,0.0,0.0,0.105,1.0,0.0,0.0,1.0
45.105,-0.04299752846354999,1.4012941623409336,0.105,0.0,0.0,0.105,1.0,0.0,0.0,1.0
45.278,-4.627061523430895,-1.515555204263125,0.105,0.0,0.0,0.105,1.0,0.0,0.0,1.0
45.277,-1.398430809554398,-1.816596055619172,0.105,0.0,0.0,0.105,1.0,0.0,0.0,1.0
45.277,-0.6600472363319305,-0.4390013602127697,0.105,0.0,0.0,0.105,1.0,0.0,0.0,1.0
45.277,-1.8288768814346263,-0.6131157961809384,0.105,0.0,0.0,0.105,1.0,0.0,0.0,1.0
45.178,-2.1962902010071113,-1.784022642470531,0.105,0.0,0.0,0.105,1.0,0.0,0.0,1.0
45.286,-2.0449879961947444,-0.8972147787428907,0.105,0.0,0.0,0.105,1.0,0.0,0.0,1.0
45.51,-2.6661647184301467,0.6257284245454677,0.105,0.0,0.0,0.105,1.0,0.0,0.0,1.0
45.678,-2.6756399300215663,-1.0920771873230808,0.105,0.0,0.0,0.105,1.0,0.0,0.0,1.0
45.2,-2.9966181835461705,0.31920949839393353,0.105,0.0,0.0,0.105,1.0,0.0,0.0,1.0
45.388,-2.2508796478775883,-1.1968805116824137,0.105,0.0,0.0,0.105,1.0,0.0,0.0,1.0
45.298,-1.5221818453232803,-1.4099594771010209,0.105,0.0,0.0,0.105,1.0,0.0,0.0,1.0
45.401,-1.0722687622437184,1.4233795251397876,0.105,0.0,0.0,0.105,1.0,0.0,0.0,1.0
45.414,-4.3081311611887845,1.537962575013534,0.105,0.0,0.0,0.105,1.0,0.0,0.0,1.0
45.238,-3.0818269551161332,0.7014112241636273,0.105,0.0,0.0,0.105,1.0,0.0,0.0,1.0
45.178,-3.639768955510103,-2.1553159812351503,0.105,0.0,0.0,0.105,1.0,0.0,0.0,1.0
45.487,-4.228878370348782,1.4273110853180162,0.105,0.0,0.0,0.105,1.0,0.0,0.0,1.0
45.296,-4.983941974456328,2.377376083913156,0.105,0.0,0.0,0.105,1.0,0.0,0.0,1.0
45.177,-0.7029727189216338,0.802262456239066,0.105,0.0,0.0,0.105,1.0,0.0,0.0,1.0
45.278,-4.875351678512424,0.5041791661100703,0.105,0.0,0.0,0.105,1.0,0.0,0.0,1.0
45.2,-2.4208163391039568,0.9916178789942186,0.105,0.0,0.0,0.105,1.0,0.0,0.0,1.0
45.496,-1.479912649163655,-0.1996473731661413,0.105,0.0,0.0,0.105,1.0,0.0,0.0,1.0
45.277,-2.337740802232198,-0.6984629743003742,0.105,0.0,0.0,0.105,1.0,0.0,0.0,1.0
45.406,-3.5790793549318676,-2.1709267524908666,0.105,0.0,0.0,0.105,1.0,0.0,0.0,1.0
45.607,-4.92310444910789,0.7661559488714299,0.105,0.0,0.0,0.105,1.0,0.0,0.0,1.0
45.427,-4.012083442802362,-2.0230215144127306,0.105,0.0,0.0,0.105,1.0,0.0,0.0,1.0
45.179,-4.691401781510619,0.2682139413394945,0.105,0.0,0.0,0.105,1.0,0.0,0.0,1.0
45.08,-2.429093989580315,-1.5458680471855386,0.105,0.0,0.0,0.105,1.0,0.0,0.0,1.0
45.413,-1.4811355687348424,0.1405652404009743,0.105,0.0,0.0,0.105,1.0,0.0,0.0,1.0
45.526,-4.541127346916301,-1.2705250200910163,0.105,0.0,0.0,0.105,1.0,0.0,0.0,1.0
45.277,-3.5775439572559375,1.8953319124710646,0.105,0.0,0.0,0.105,1.0,0.0,0.0,1.0
45.384,-4.034505688333131,-2.406103331938304,0.105,0.0,0.0,0.105,1.0,0.0,0.0,1.0
45.438,-1.3584118213357732,1.2082392017340555,0.105,0.0,0.0,0.105,1.0,0.0,0.0,1.0
45.178,-2.8955815141093693,-1.5242446674472763,0.105,0.0,0.0,0.105,1.0,0.0,0.0,1.0
45.333,-3.7252992824106013,0.6809588460946147,0.105,0.0,0.0,0.105,1.0,0.0,0.0,1.0
45.404,-2.3527110192389395,1.3248882156658455,0.105,0.0,0.0,0.105,1.0,0.0,0.0,1.0
45.281,-4.00977945319149,-1.762160500274116,0.105,0.0,0.0,0.105,1.0,0.0,0.0,1.0
45.409,-1.1344807442083797,-1.8795631717445693,0.105,0.0,0.0,0.105,1.0,0.0,0.0,1.0
45.464,-1.4006426165698203,2.074850167583052,0.105,0.0,0.0,0.105,1.0,0.0,0.0,1.0
45.408,-2.3110385735490975,-1.3060149267576524,0.105,0.0,0.0,0.105,1.0,0.0,0.0,1.0
45.178,-3.668149031627353,-2.151526358487151,0.105,0.0,0.0,0.105,1.0,0.0,0.0,1.0
45.324,-4.075696575601206,0.3427402931591695,0.105,0.0,0.0,0.105,1.0,0.0,0.0,1.0
45.567,-4.903946662859534,-0.4443156565047975,0.105,0.0,0.0,0.105,1.0,0.0,0.0,1.0
45.279,-2.122891720521865,0.9474707922211766,0.105,0.0,0.0,0.105,1.0,0.0,0.0,1.0
45.278,-4.084791497169778,0.8282407739046881,0.105,0.0,0.0,0.105,1.0,0.0,0.0,1.0
45.289,-0.7680804318826836,1.7018110979780028,0.105,0.0,0.0,0.105,1.0,0.0,0.0,1.0
45.083,-0.21473822782580418,-0.8370423221993794,0.105,0.0,0.0,0.105,1.0,0.0,0.0,1.0
45.403,-3.907691670043616,-1.5580354188070906,0.105,0.0,0.0,0.105,1.0,0.0,0.0,1.0
45.277,-2.620815689476018,2.266096667413702,0.105,0.0,0.0,0.105,1.0,0.0,0.0,1.0
45.278,-2.071606853854988,0.015205637657521413,0.105,0.0,0.0,0.105,1.0,0.0,0.0,1.0
45.471,-4.480738715165599,2.3361439794148366,0.105,0.0,0.0,0.105,1.0,0.0,0.0,1.0
45.205,-4.795338195479807,1.1578060585050902,0.105,0.0,0.0,0.105,1.0,0.0,0.0,1.0
45.088,-1.8196205000593075,-2.409630687759243,0.105,0.0,0.0,0.105,1.0,0.0,0.0,1.0
45.338,-2.9995633870220733,0.7044476069740454,0.105,0.0,0.0,0.105,1.0,0.0,0.0,1.0
45.177,-1.277729295647864,1.1921989244958326,0.105,0.0,0.0,0.105,1.0,0.0,0.0,1.0
45.171,-2.4663912602115317,2.1460560440679393,0.105,0.0,0.0,0.105,1.0,0.0,0.0,1.0
45.321,-0.25037678722080753,-2.334623611552734,0.105,0.0,0.0,0.105,1.0,0.0,0.0,1.0
45.275,-3.846874438179596,0.6636922154449639,0.105,0.0,0.0,0.105,1.0,0.0,0.0,1.0
45.177,-4.7355465537862225,-0.5028844405042353,0.105,0.0,0.0,0.105,1.0,0.0,0.0,1.0
45.079,-1.1880372865434914,1.961933030405407,0.105,0.0,0.0,0.105,1.0,0.0,0.0,1.0
45.077,-4.538109481012434,0.2119965461227908,0.105,0.0,0.0,0.105,1.0,0.0,0.0,1.0
45.177,-1.8509515904647076,2.148869179529934,0.105,0.0,0.0,0.105,1.0,0.0,0.0,1.0
45.448,-4.407533033620539,1.460575361347931,0.105,0.0,0.0,0.105,1.0,0.0,0.0,1.0
45.406,-4.0920593302199215,-1.393771949764143,0.105,0.0,0.0,0.105,1.0,0.0,0.0,1.0
45.558,-0.7116539884062714,0.3987846436967273,0.105,0.0,0.0,0.105,1.0,0.0,0.0,1.0
45.077,-1.8057893793065276,1.096712454632353,0.105,0.0,0.0,0.105,1.0,0.0,0.0,1.0
45.379,-2.4183396857107686,-1.1423222702634421,0.105,0.0,0.0,0.105,1.0,0.0,0.0,1.0
45.177,-0.5067842451581175,-1.7366046566332614,0.105,0.0,0.0,0.105,1.0,0.0,0.0,1.0
45.38,-3.410523743579613,1.3635179266352682,0.105,0.0,0.0,0.105,1.0,0.0,0.0,1.0
45.432,-3.830920841124355,0.7221580305017947,0.105,0.0,0.0,0.105,1.0,0.0,0.0,1.0
45.277,-0.3133194826255261,1.963182196928672,0.105,0.0,0.0,0.105,1.0,0.0,0.0,1.0
45.277,-1.621743051455408,0.9624422980878274,0.105,0.0,0.0,0.105,1.0,0.0,0.0,1.0
45.243,-0.836212558052911,-1.7569520554350817,0.105,0.0,0.0,0.105,1.0,0.0,0.0,1.0
45.331,-0.725500085051743,-0.7863503557893544,0.105,0.0,0.0,0.105,1.0,0.0,0.0,1.0
45.177,-1.7584408892555379,1.90978644837499,0.105,0.0,0.0,0.105,1.0,0.0,0.0,1.0
45.278,-0.7906619185352455,0.06860090200636412,0.105,0.0,0.0,0.105,1.0,0.0,0.0,1.0
45.277,-4.695879679823718,-0.8252594206189017,0.105,0.0,0.0,0.105,1.0,0.0,0.0,1.0
45.292,-2.3703188873011265,1.1673975761572746,0.105,0.0,0.0,0.105,1.0,0.0,0.0,1.0
45.311,-3.2170421114314545,-0.7917913342394172,0.105,0.0,0.0,0.105,1.0,0.0,0.0,1.0
45.52,-3.704137660722397,-1.0939289450616099,0.105,0.0,0.0,0.105,1.0,0.0,0.0,1.0
45.531,-2.508970763342723,-1.0583562968979554,0.105,0.0,0.0,0.105,1.0,0.0,0.0,1.0
45.28,-3.167555746691196,1.466641976164356,0.105,0.0,0.0,0.105,1.0,0.0,0.0,1.0
45.314,-0.21239553042927065,0.7793721681430398,0.105,0.0,0.0,0.105,1.0,0.0,0.0,1.0
45.18,-0.8076906373871795,1.7065875348667592,0.105,0.0,0.0,0.105,1.0,0.0,0.0,1.0
45.378,-1.9101769685260968,0.3909748266240406,0.105,0.0,0.0,0.105,1.0,0.0,0.0,1.0
45.295,-0.49639466824722894,0.38912317445587297,0.105,0.0,0.0,0.105,1.0,0.0,0.0,1.0
45.402,-3.755199387084873,0.012149356136030914,0.105,0.0,0.0,0.105,1.0,0.0,0.0,1.0
45.603,-3.617674932234484,-1.6174224352534174,0.105,0.0,0.0,0.105,1.0,0.0,0.0,1.0
45.177,-0.9177939216600157,-2.470606513101872,0.105,0.0,0.0,0.105,1.0,0.0,0.0,1.0
45.488,-3.6057009034452427,-1.4721106568046618,0.105,0.0,0.0,0.105,1.0,0.0,0.0,1.0
45.278,-3.41900589611005,0.7010659160679167,0.105,0.0,0.0,0.105,1.0,0.0,0.0,1.0
45.378,-4.5276520826570295,0.0555438068035998,0.105,0.0,0.0,0.105,1.0,0.0,0.0,1.0
45.3,-3.977978358196655,-2.4957590301469113,0.105,0.0,0.0,0.105,1.0,0.0,0.0,1.0
45.282,-3.607409392005683,1.3644823763967582,0.105,0.0,0.0,0.105,1.0,0.0,0.0,1.0
45.277,-0.9880352174506607,0.866203747151136,0.105,0.0,0.0,0.105,1.0,0.0,0.0,1.0
45.399,-2.6320560074686528,2.089193550667544,0.105,0.0,0.0,0.105,1.0,0.0,0.0,1.0
45.496,-0.9596474224463833,-1.812462317789655,0.105,0.0,0.0,0.105,1.0,0.0,0.0,1.0
45.415,-2.9932670840408613,-0.21685353538766985,0.105,0.0,0.0,0.105,1.0,0.0,0.0,1.0
45.178,-3.643276186110758,2.2560917083405134,0.105,0.0,0.0,0.105,1.0,0.0,0.0,1.0
45.57,-3.6180286811592612,1.8001707516241912,0.105,0.0,0.0,0.105,1.0,0.0,0.0,1.0
45.288,-2.3444779747649824,2.384000950255658,0.105,0.0,0.0,0.105,1.0,0.0,0.0,1.0
45.177,-0.09598553475708946,0.2709801626303185,0.105,0.0,0.0,0.105,1.0,0.0,0.0,1.0
2.799999999999997,-0.33090675146985493,1.939221068634563,0.105,0.0,0.0,0.105,1.0,0.0,0.0,1.0
45.555,-1.3909991399854804,0.6360044210426327,0.105,0.0,0.0,0.105,1.0,0.0,0.0,1.0
45.309,-1.9169185195055243,1.381644989315172,0.105,0.0,0.0,0.105,1.0,0.0,0.0,1.0
45.407,-4.0968101844087625,-1.8378394788847034,0.105,0.0,0.0,0.105,1.0,0.0,0.0,1.0
45.278,-0.49056221662680355,1.8617427474487487,0.105,0.0,0.0,0.105,1.0,0.0,0.0,1.0
45.236,-1.664349498957776,1.5422107730613501,0.105,0.0,0.0,0.105,1.0,0.0,0.0,1.0
45.587,-0.20647011909732083,1.7436543827356696,0.105,0.0,0.0,0.105,1.0,0.0,0.0,1.0
45.344,-2.6977488914279584,0.7032945769336008,0.105,0.0,0.0,0.105,1.0,0.0,0.0,1.0
45.48,-3.006924554459863,-1.3282616141765615,0.105,0.0,0.0,0.105,1.0,0.0,0.0,1.0
45.316,-2.440211973925974,1.5702242353251386,0.105,0.0,0.0,0.105,1.0,0.0,0.0,1.0
45.42,-2.5407693258977595,-0.4241139247059867,0.105,0.0,0.0,0.105,1.0,0.0,0.0,1.0
45.502,-1.5735417643027179,-0.43818519499736885,0.105,0.0,0.0,0.105,1.0,0.0,0.0,1.0
45.204,-3.5012902738643756,1.587462256532661,0.105,0.0,0.0,0.105,1.0,0.0,0.0,1.0
45.277,-2.8668941507603276,1.698558090877561,0.105,0.0,0.0,0.105,1.0,0.0,0.0,1.0
2.5009999999999977,-2.1822087633535987,-1.0744514272191548,0.105,0.0,0.0,0.105,1.0,0.0,0.0,1.0
45.277,-1.6405241622650324,2.1669210409444517,0.105,0.0,0.0,0.105,1.0,0.0,0.0,1.0
45.306,-2.983939933133457,0.1975550721921713,0.105,0.0,0.0,0.105,1.0,0.0,0.0,1.0
45.277,-0.7971070296435224,1.202315306681242,0.105,0.0,0.0,0.105,1.0,0.0,0.0,1.0
45.547,-2.6128185123114673,0.22585418508689778,0.105,0.0,0.0,0.105,1.0,0.0,0.0,1.0
45.363,-3.6998989456752636,1.7632795125584977,0.105,0.0,0.0,0.105,1.0,0.0,0.0,1.0
45.407,-2.314764441163039,-0.17939806573281966,0.105,0.0,0.0,0.105,1.0,0.0,0.0,1.0
45.177,-3.465165828324955,-1.2329410443660658,0.105,0.0,0.0,0.105,1.0,0.0,0.0,1.0
45.407,-2.0492990521248498,0.41381566514087187,0.105,0.0,0.0,0.105,1.0,0.0,0.0,1.0
45.394,-4.315574393105974,-0.2920132772011157,0.105,0.0,0.0,0.105,1.0,0.0,0.0,1.0
45.444,-2.144108055194137,1.755925850762081,0.105,0.0,0.0,0.105,1.0,0.0,0.0,1.0
45.279,-0.924006474205978,-1.9176106053151385,0.105,0.0,0.0,0.105,1.0,0.0,0.0,1.0
45.616,-3.4319715095786956,1.080558779214619,0.105,0.0,0.0,0.105,1.0,0.0,0.0,1.0
45.278,-4.566098372876175,1.616299473048273,0.105,0.0,0.0,0.105,1.0,0.0,0.0,1.0
45.358,-2.833189986721144,-0.7801871788959321,0.105,0.0,0.0,0.105,1.0,0.0,0.0,1.0
45.182,-4.903027594445909,1.869229622877631,0.105,0.0,0.0,0.105,1.0,0.0,0.0,1.0
45.217,-0.09523516146879496,1.8494905703919045,0.105,0.0,0.0,0.105,1.0,0.0,0.0,1.0
45.372,-4.214188438191932,-1.920665245219217,0.105,0.0,0.0,0.105,1.0,0.0,0.0,1.0
45.278,-1.9996061228815394,0.7709739560336982,0.105,0.0,0.0,0.105,1.0,0.0,0.0,1.0
45.263,-0.3393717421871101,-1.9330333717076675,0.105,0.0,0.0,0.105,1.0,0.0,0.0,1.0
45.301,-1.838305891053128,-0.8560934221268702,0.105,0.0,0.0,0.105,1.0,0.0,0.0,1.0
45.716,-0.42017701473795266,0.9477453091095983,0.105,0.0,0.0,0.105,1.0,0.0,0.0,1.0
45.474,-2.3682380793369417,-2.3174393419265438,0.105,0.0,0.0,0.105,1.0,0.0,0.0,1.0
45.377,-1.7416753911983414,-0.3298800292500436,0.105,0.0,0.0,0.105,1.0,0.0,0.0,1.0
45.336,-1.4407912595524541,1.017106047161894,0.105,0.0,0.0,0.105,1.0,0.0,0.0,1.0
45.078,-1.023813108212782,1.833195405612126,0.105,0.0,0.0,0.105,1.0,0.0,0.0,1.0
45.134,-0.06464847782160849,1.1701811528923882,0.105,0.0,0.0,0.105,1.0,0.0,0.0,1.0
45.294,-4.022031974765328,-0.4704418928155388,0.105,0.0,0.0,0.105,1.0,0.0,0.0,1.0
45.338,-2.5811549172312205,1.9776913655528479,0.105,0.0,0.0,0.105,1.0,0.0,0.0,1.0
45.365,-0.10720283712056423,0.4891121866846358,0.105,0.0,0.0,0.105,1.0,0.0,0.0,1.0
45.417,-3.92627736104913,-1.0701147555543933,0.105,0.0,0.0,0.105,1.0,0.0,0.0,1.0
45.41,-1.3971922668689836,-1.2173194253622481,0.105,0.0,0.0,0.105,1.0,0.0,0.0,1.0
45.19,-2.7844131863377926,-1.6547294113475575,0.105,0.0,0.0,0.105,1.0,0.0,0.0,1.0
45.28,-3.2603505527826986,0.324194870156581,0.105,0.0,0.0,0.105,1.0,0.0,0.0,1.0
45.592,-4.516533479603374,1.2446740403040213,0.105,0.0,0.0,0.105,1.0,0.0,0.0,1.0
45.497,-0.6545499050709784,2.4228808574260934,0.105,0.0,0.0,0.105,1.0,0.0,0.0,1.0
45.209,-3.7744299356132673,0.7584714891694279,0.105,0.0,0.0,0.105,1.0,0.0,0.0,1.0
45.277,-1.8639772329252056,0.7876018912480406,0.105,0.0,0.0,0.105,1.0,0.0,0.0,1.0
45.312,-0.531160605979724,-1.8671365664898014,0.105,0.0,0.0,0.105,1.0,0.0,0.0,1.0
45.377,-1.3202117479440874,-0.3607254363880188,0.105,0.0,0.0,0.105,1.0,0.0,0.0,1.0
45.277,-1.3927975998305107,0.8018422567921547,0.105,0.0,0.0,0.105,1.0,0.0,0.0,1.0
45.279,-2.3666770865001596,-1.8003328507302814,0.105,0.0,0.0,0.105,1.0,0.0,0.0,1.0
45.416,-4.819935148140255,-0.7781632022929583,0.105,0.0,0.0,0.105,1.0,0.0,0.0,1.0
45.539,-3.9055138076342706,-0.9337310925983984,0.105,0.0,0.0,0.105,1.0,0.0,0.0,1.0
45.541,-1.927469394863462,-1.65533764180419,0.105,0.0,0.0,0.105,1.0,0.0,0.0,1.0
45.288,-4.645756010914559,-1.3207335855062163,0.105,0.0,0.0,0.105,1.0,0.0,0.0,1.0
45.077,-3.5388633570096206,0.19603142372505167,0.105,0.0,0.0,0.105,1.0,0.0,0.0,1.0
45.477,-0.8271154752149619,-1.1133509036213334,0.105,0.0,0.0,0.105,1.0,0.0,0.0,1.0
45.446,-0.7594374383216878,-0.2861910378255148,0.105,0.0,0.0,0.105,1.0,0.0,0.0,1.0
45.077,-4.556062725466057,2.14205510289869,0.105,0.0,0.0,0.105,1.0,0.0,0.0,1.0
45.279,-0.8220338149385136,2.4606104806387132,0.105,0.0,0.0,0.105,1.0,0.0,0.0,1.0
45.217,-0.6584349561565124,2.460867422258763,0.105,0.0,0.0,0.105,1.0,0.0,0.0,1.0
45.077,-1.6525179040676867,0.24375976685821416,0.105,0.0,0.0,0.105,1.0,0.0,0.0,1.0
45.083,-4.2443708588787175,1.3867480889625339,0.105,0.0,0.0,0.105,1.0,0.0,0.0,1.0
45.531,-1.5263775383063778,0.21344176486932087,0.105,0.0,0.0,0.105,1.0,0.0,0.0,1.0
45.377,-4.205289635474602,-0.7109454754843717,0.105,0.0,0.0,0.105,1.0,0.0,0.0,1.0
45.381,-3.051121899108482,-1.660334577323314,0.105,0.0,0.0,0.105,1.0,0.0,0.0,1.0
45.385,-2.9499518273756844,2.4524709604643293,0.105,0.0,0.0,0.105,1.0,0.0,0.0,1.0
45.378,-4.576652247148537,2.032164563311442,0.105,0.0,0.0,0.105,1.0,0.0,0.0,1.0
45.29,-0.9093652330445543,-1.4478806726099458,0.105,0.0,0.0,0.105,1.0,0.0,0.0,1.0
45.296,-1.4821013027515801,0.7105312231690546,0.105,0.0,0.0,0.105,1.0,0.0,0.0,1.0
45.499,-4.31378372278791,1.3153638223383224,0.105,0.0,0.0,0.105,1.0,0.0,0.0,1.0
45.497,-0.9312061295336603,-0.6951289864203446,0.105,0.0,0.0,0.105,1.0,0.0,0.0,1.0
45.399,-3.1865901644884684,-0.19583562450470854,0.105,0.0,0.0,0.105,1.0,0.0,0.0,1.0
45.377,-4.335341761685691,-0.8659684536861916,0.105,0.0,0.0,0.105,1.0,0.0,0.0,1.0
45.189,-0.5913356716871023,-1.6124434848303488,0.105,0.0,0.0,0.105,1.0,0.0,0.0,1.0
45.077,-1.251613008396633,0.4803144456065163,0.105,0.0,0.0,0.105,1.0,0.0,0.0,1.0
45.405,-0.07779010896547343,-0.9027008022990317,0.105,0.0,0.0,0.105,1.0,0.0,0.0,1.0
45.519,-3.1808930914525453,-1.8939825371604964,0.105,0.0,0.0,0.105,1.0,0.0,0.0,1.0
45.43,-1.8452945585118463,0.08380232894826631,0.105,0.0,0.0,0.105,1.0,0.0,0.0,1.0
45.417,-1.8418674983555445,0.7646509867783541,0.105,0.0,0.0,0.105,1.0,0.0,0.0,1.0
45.277,-2.8184005397526755,-2.035770613897876,0.105,0.0,0.0,0.105,1.0,0.0,0.0,1.0
45.178,-4.304090369722369,1.3601075115918149,0.105,0.0,0.0,0.105,1.0,0.0,0.0,1.0
45.415,-0.3373678711237806,0.10207661470367892,0.105,0.0,0.0,0.105,1.0,0.0,0.0,1.0
45.187,-3.695222418520109,-0.29200510152373815,0.105,0.0,0.0,0.105,1.0,0.0,0.0,1.0
45.484,-1.2358188569549462,-1.8027561643599492,0.105,0.0,0.0,0.105,1.0,0.0,0.0,1.0
45.399,-3.155662604806172,0.4310782157289351,0.105,0.0,0.0,0.105,1.0,0.0,0.0,1.0
45.516,-1.6203989981526963,-0.1485013308638427,0.105,0.0,0.0,0.105,1.0,0.0,0.0,1.0
45.297,-1.7479514377140155,2.4852805180297772,0.105,0.0,0.0,0.105,1.0,0.0,0.0,1.0
45.279,-4.706960529865443,2.2626482578500133,0.105,0.0,0.0,0.105,1.0,0.0,0.0,1.0
45.504,-4.394995266999372,0.2170530572453599,0.105,0.0,0.0,0.105,1.0,0.0,0.0,1.0
45.177,-2.464210495303728,2.0364490151527934,0.105,0.0,0.0,0.105,1.0,0.0,0.0,1.0
45.413,-2.1729991043631474,2.197439531843642,0.105,0.0,0.0,0.105,1.0,0.0,0.0,1.0
45.277,-4.98267324631652,-0.636943316707594,0.105,0.0,0.0,0.105,1.0,0.0,0.0,1.0
45.396,-4.2883121694358115,2.120189564736119,0.105,0.0,0.0,0.105,1.0,0.0,0.0,1.0
45.665,-2.120828853749819,-0.988911534315802,0.105,0.0,0.0,0.105,1.0,0.0,0.0,1.0
45.079,-3.1152567299605916,0.14915416526206832,0.105,0.0,0.0,0.105,1.0,0.0,0.0,1.0
45.3,-1.481595164699991,0.4092321975707998,0.105,0.0,0.0,0.105,1.0,0.0,0.0,1.0
45.281,-2.016095141709532,1.7139615162501771,0.105,0.0,0.0,0.105,1.0,0.0,0.0,1.0
45.277,-2.351886225919454,2.468109047974325,0.105,0.0,0.0,0.105,1.0,0.0,0.0,1.0
45.498,-0.911138009868422,0.8572950492461083,0.105,0.0,0.0,0.105,1.0,0.0,0.0,1.0
45.401,-4.97403876533058,1.3665246609310917,0.105,0.0,0.0,0.105,1.0,0.0,0.0,1.0
45.397,-0.3913754705267285,0.9479024890005718,0.105,0.0,0.0,0.105,1.0,0.0,0.0,1.0
45.277,-3.583239920811335,-2.305782917416391,0.105,0.0,0.0,0.105,1.0,0.0,0.0,1.0
45.391,-2.771602204927787,-0.7151124168669739,0.105,0.0,0.0,0.105,1.0,0.0,0.0,1.0
45.515,-4.4327385914940844,-2.0995150905176807,0.105,0.0,0.0,0.105,1.0,0.0,0.0,1.0
45.277,-4.45154063560336,-1.338389371556578,0.105,0.0,0.0,0.105,1.0,0.0,0.0,1.0
45.399,-2.447089840729818,2.2222825979765366,0.105,0.0,0.0,0.105,1.0,0.0,0.0,1.0
45.308,-3.9697677153591995,0.3034280427162401,0.105,0.0,0.0,0.105,1.0,0.0,0.0,1.0
45.277,-1.7718490652322636,1.0750580628998117,0.105,0.0,0.0,0.105,1.0,0.0,0.0,1.0
45.333,-0.4977707169812394,-0.8769579052345442,0.105,0.0,0.0,0.105,1.0,0.0,0.0,1.0
45.426,-3.5080105367174808,-0.16156911070526023,0.105,0.0,0.0,0.105,1.0,0.0,0.0,1.0
45.305,-3.784977572929655,2.0718595569989646,0.105,0.0,0.0,0.105,1.0,0.0,0.0,1.0
45.553,-1.236928203330672,-0.8350901212948578,0.105,0.0,0.0,0.105,1.0,0.0,0.0,1.0
45.648,-2.4704080118909775,-1.3789807752986165,0.105,0.0,0.0,0.105,1.0,0.0,0.0,1.0
45.277,-2.763336921430582,0.6293012408545064,0.105,0.0,0.0,0.105,1.0,0.0,0.0,1.0
45.335,-3.0080841357985206,-0.9369905349079929,0.105,0.0,0.0,0.105,1.0,0.0,0.0,1.0
45.646,-4.182549345493029,0.6534200230019728,0.105,0.0,0.0,0.105,1.0,0.0,0.0,1.0
45.205,-0.1535257000474105,0.927478496921979,0.105,0.0,0.0,0.105,1.0,0.0,0.0,1.0
45.199,-4.025533983311729,1.5131912920935362,0.105,0.0,0.0,0.105,1.0,0.0,0.0,1.0
45.394,-1.3120048610115778,1.6834987442728115,0.105,0.0,0.0,0.105,1.0,0.0,0.0,1.0
45.41,-0.09015431686091374,-1.1970808445975338,0.105,0.0,0.0,0.105,1.0,0.0,0.0,1.0
45.338,-4.317285960215656,-1.2164380926938756,0.105,0.0,0.0,0.105,1.0,0.0,0.0,1.0
45.277,-1.3812800626645,-2.415252523092431,0.105,0.0,0.0,0.105,1.0,0.0,0.0,1.0
45.277,-2.7783073574982358,-2.2291569593622573,0.105,0.0,0.0,0.105,1.0,0.0,0.0,1.0
45.302,-0.2908845684778354,1.9260191986238244,0.105,0.0,0.0,0.105,1.0,0.0,0.0,1.0
45.44,-4.019981339606563,-0.22823236941438146,0.105,0.0,0.0,0.105,1.0,0.0,0.0,1.0
45.49,-2.4161800132079176,0.8190834875436621,0.105,0.0,0.0,0.105,1.0,0.0,0.0,1.0
45.49,-3.6102394040074417,-2.422413636914313,0.105,0.0,0.0,0.105,1.0,0.0,0.0,1.0
45.38,-4.481506310856177,0.36103790815236025,0.105,0.0,0.0,0.105,1.0,0.0,0.0,1.0
45.278,-1.6421541131500812,-1.2795982034629618,0.105,0.0,0.0,0.105,1.0,0.0,0.0,1.0
45.753,-2.326955269699877,0.7928686798151189,0.105,0.0,0.0,0.105,1.0,0.0,0.0,1.0
45.516,-4.012900772685367,2.207111376023467,0.105,0.0,0.0,0.105,1.0,0.0,0.0,1.0
45.093,-1.4673391646456941,1.0789134873683766,0.105,0.0,0.0,0.105,1.0,0.0,0.0,1.0
45.365,-1.0616695265936804,-1.2658320558544347,0.105,0.0,0.0,0.105,1.0,0.0,0.0,1.0
45.278,-0.25371715933147343,-0.10041139218020559,0.105,0.0,0.0,0.105,1.0,0.0,0.0,1.0
45.411,-3.9319355389411017,2.0231867778079526,0.105,0.0,0.0,0.105,1.0,0.0,0.0,1.0
45.374,-0.22253513257561067,-0.8180695423631114,0.105,0.0,0.0,0.105,1.0,0.0,0.0,1.0
45.685,-0.9800559308131936,2.2993155938773717,0.105,0.0,0.0,0.105,1.0,0.0,0.0,1.0
45.437,-0.37218656431680053,-0.7206838990671842,0.105,0.0,0.0,0.105,1.0,0.0,0.0,1.0
45.421,-4.478086264951405,0.6043187793391149,0.105,0.0,0.0,0.105,1.0,0.0,0.0,1.0
45.545,-1.6609290769095333,2.09198381999097,0.105,0.0,0.0,0.105,1.0,0.0,0.0,1.0
45.191,-2.718351260731627,-0.8292527321164226,0.105,0.0,0.0,0.105,1.0,0.0,0.0,1.0
45.416,-4.975864813692595,-1.1975686071843215,0.105,0.0,0.0,0.105,1.0,0.0,0.0,1.0
45.277,-2.1798594198803647,1.9207223670027396,0.105,0.0,0.0,0.105,1.0,0.0,0.0,1.0
45.177,-0.1863474959092766,1.6479989261800694,0.105,0.0,0.0,0.105,1.0,0.0,0.0,1.0
45.532,-0.7932434526509926,-0.8975177342957348,0.105,0.0,0.0,0.105,1.0,0.0,0.0,1.0
45.377,-0.7397296165837047,0.9535510905823141,0.105,0.0,0.0,0.105,1.0,0.0,0.0,1.0
45.377,-0.09271803178267901,0.12381387716557775,0.105,0.0,0.0,0.105,1.0,0.0,0.0,1.0
45.437,-3.951979985432304,1.6262525288921597,0.105,0.0,0.0,0.105,1.0,0.0,0.0,1.0
45.383,-1.730592605788017,0.6994951437805896,0.105,0.0,0.0,0.105,1.0,0.0,0.0,1.0
45.281,-1.6137126789577805,0.26513320980934596,0.105,0.0,0.0,0.105,1.0,0.0,0.0,1.0
45.077,-2.3198494769508224,-0.8385782882800408,0.105,0.0,0.0,0.105,1.0,0.0,0.0,1.0
45.631,-3.1623242912321725,-2.2123083274857196,0.105,0.0,0.0,0.105,1.0,0.0,0.0,1.0
45.277,-3.9456692908796214,-2.2997566703791996,0.105,0.0,0.0,0.105,1.0,0.0,0.0,1.0
45.609,-3.3994422406767284,0.04472756823496143,0.105,0.0,0.0,0.105,1.0,0.0,0.0,1.0
45.084,-2.708655347471761,-1.7296016601630437,0.105,0.0,0.0,0.105,1.0,0.0,0.0,1.0
45.621,-1.4061657729239598,0.7715767869953063,0.105,0.0,0.0,0.105,1.0,0.0,0.0,1.0
45.277,-1.4259104885242848,1.8938987248081955,0.105,0.0,0.0,0.105,1.0,0.0,0.0,1.0
45.476,-4.583257350938247,2.319675002620878,0.105,0.0,0.0,0.105,1.0,0.0,0.0,1.0
45.632,-0.9888614775596112,-1.2986484049968103,0.105,0.0,0.0,0.105,1.0,0.0,0.0,1.0
45.277,-1.3205278903541828,-0.3649802170773336,0.105,0.0,0.0,0.105,1.0,0.0,0.0,1.0
45.302,-4.1286749312615205,-0.625554636429259,0.105,0.0,0.0,0.105,1.0,0.0,0.0,1.0
45.077,-1.5674977885921215,-0.18267098449871955,0.105,0.0,0.0,0.105,1.0,0.0,0.0,1.0
45.405,-4.53208560359462,1.3368382483658434,0.105,0.0,0.0,0.105,1.0,0.0,0.0,1.0
45.278,-1.2080024247755803,-0.7912747661269756,0.105,0.0,0.0,0.105,1.0,0.0,0.0,1.0
45.639,-3.165072149116916,0.25662445251466726,0.105,0.0,0.0,0.105,1.0,0.0,0.0,1.0
45.625,-3.5069208193492645,-1.896763312775125,0.105,0.0,0.0,0.105,1.0,0.0,0.0,1.0
45.359,-4.084509363323436,0.3191431412615926,0.105,0.0,0.0,0.105,1.0,0.0,0.0,1.0
45.384,-0.04490029931790561,-1.5501086258090784,0.105,0.0,0.0,0.105,1.0,0.0,0.0,1.0
45.281,-3.929317991518958,-1.2844905255225147,0.105,0.0,0.0,0.105,1.0,0.0,0.0,1.0
45.565,-1.0493650913473194,-1.1359975293100315,0.105,0.0,0.0,0.105,1.0,0.0,0.0,1.0
45.177,-3.063493517377988,-1.262200547804827,0.105,0.0,0.0,0.105,1.0,0.0,0.0,1.0
45.401,-0.5722706062773179,1.637415872852755,0.105,0.0,0.0,0.105,1.0,0.0,0.0,1.0
45.415,-2.630086473905763,0.8681571352626306,0.105,0.0,0.0,0.105,1.0,0.0,0.0,1.0
45.397,-1.175157726595991,0.32119693600743676,0.105,0.0,0.0,0.105,1.0,0.0,0.0,1.0
45.258,-4.834094723152074,-2.495301338159636,0.105,0.0,0.0,0.105,1.0,0.0,0.0,1.0
45.382,-1.5627206248966148,0.3594674617961466,0.105,0.0,0.0,0.105,1.0,0.0,0.0,1.0
45.484,-3.2320894500177464,-2.120990019971849,0.105,0.0,0.0,0.105,1.0,0.0,0.0,1.0
45.379,-3.0172905572214885,-0.9339380485807053,0.105,0.0,0.0,0.105,1.0,0.0,0.0,1.0
45.384,-0.21269073654340195,0.8660651553867629,0.105,0.0,0.0,0.105,1.0,0.0,0.0,1.0
45.401,-3.440373422731652,-0.12443323828193265,0.105,0.0,0.0,0.105,1.0,0.0,0.0,1.0
45.399,-1.5760471048431317,0.6454306411822867,0.105,0.0,0.0,0.105,1.0,0.0,0.0,1.0
45.311,-0.5417306801604422,-1.804259250309917,0.105,0.0,0.0,0.105,1.0,0.0,0.0,1.0
2.6999999999999957,-2.042684618949314,0.10313234365655313,0.105,0.0,0.0,0.105,1.0,0.0,0.0,1.0
45.277,-4.935869500051295,0.07477509141683646,0.105,0.0,0.0,0.105,1.0,0.0,0.0,1.0
45.078,-4.259514705287475,1.847181292961103,0.105,0.0,0.0,0.105,1.0,0.0,0.0,1.0
45.278,-1.5111520889667314,2.079113828706132,0.105,0.0,0.0,0.105,1.0,0.0,0.0,1.0
45.279,-3.71195949234686,-0.7813269108254915,0.105,0.0,0.0,0.105,1.0,0.0,0.0,1.0
45.121,-0.10274137881612364,-2.3021149026943206,0.105,0.0,0.0,0.105,1.0,0.0,0.0,1.0
45.277,-0.9275948085718004,0.8082282878616925,0.105,0.0,0.0,0.105,1.0,0.0,0.0,1.0
45.433,-4.9569409486226395,0.04759522658420424,0.105,0.0,0.0,0.105,1.0,0.0,0.0,1.0
45.57,-3.0127980543684463,0.029300051587672574,0.105,0.0,0.0,0.105,1.0,0.0,0.0,1.0
45.477,-1.1694260012204825,1.5124186946771847,0.105,0.0,0.0,0.105,1.0,0.0,0.0,1.0
45.625,-2.788564742634642,2.415887596072121,0.105,0.0,0.0,0.105,1.0,0.0,0.0,1.0
45.277,-2.5289386937841583,0.2543837360928124,0.105,0.0,0.0,0.105,1.0,0.0,0.0,1.0
45.177,-4.160071167860976,-1.8620143073804534,0.105,0.0,0.0,0.105,1.0,0.0,0.0,1.0
45.537,-1.2527866781140045,-0.42920018662847176,0.105,0.0,0.0,0.105,1.0,0.0,0.0,1.0
45.277,-1.0112973738599704,0.7633278275726767,0.105,0.0,0.0,0.105,1.0,0.0,0.0,1.0
45.372,-1.1499011801032895,1.6951555647753576,0.105,0.0,0.0,0.105,1.0,0.0,0.0,1.0
45.29,-4.89528777309346,-2.361816529151913,0.105,0.0,0.0,0.105,1.0,0.0,0.0,1.0
45.399,-4.065912629278894,-0.49469488954792995,0.105,0.0,0.0,0.105,1.0,0.0,0.0,1.0
45.278,-2.1580374220960143,2.3772731858182445,0.105,0.0,0.0,0.105,1.0,0.0,0.0,1.0
2.700000000000003,-0.7907725047018087,0.17197982848708931,0.105,0.0,0.0,0.105,1.0,0.0,0.0,1.0
45.281,-1.5237000035032444,0.6023051334947576,0.105,0.0,0.0,0.105,1.0,0.0,0.0,1.0
45.28,-0.625996939027163,0.5876873955853344,0.105,0.0,0.0,0.105,1.0,0.0,0.0,1.0
45.277,-0.4725209889463329,-0.1443383624165369,0.105,0.0,0.0,0.105,1.0,0.0,0.0,1.0
45.277,-3.1291398523668,1.709187598706058,0.105,0.0,0.0,0.105,1.0,0.0,0.0,1.0
