2.1999999999999957,-4.503513030364388,-1.2175795327982797,0.105,0.0,0.0,0.105,1.0,0.0,0.0,1.0
2.5999999999999943,-3.699155335086385,-2.404987229222675,0.105,0.0,0.0,0.105,1.0,0.0,0.0,1.0
2.3999999999999986,-2.779584360720481,0.6037816822117156,0.105,0.0,0.0,0.105,1.0,0.0,0.0,1.0
2.6999999999999957,-2.8551175085343434,2.446979612845241,0.105,0.0,0.0,0.105,1.0,0.0,0.0,1.0
2.200000000000003,-0.46065483147446323,-1.6614553994992216,0.105,0.0,0.0,0.105,1.0,0.0,0.0,1.0
2.3999999999999986,-1.5836927981489126,2.4483106497079263,0.105,0.0,0.0,0.105,1.0,0.0,0.0,1.0
2.5999999999999943,-3.1939077373663114,-0.8559255317651303,0.105,0.0,0.0,0.105,1.0,0.0,0.0,1.0
2.600999999999999,-4.7148653554756805,0.5535880202588496,0.105,0.0,0.0,0.105,1.0,0.0,0.0,1.0
2.6999999999999957,-1.7797420867695029,-0.6211896502086548,0.105,0.0,0.0,0.105,1.0,0.0,0.0,1.0
2.299999999999997,-4.434681426828314,-0.8686330979617521,0.105,0.0,0.0,0.105,1.0,0.0,0.0,1.0
2.3999999999999986,-1.7702013394530833,-1.5349369543772686,0.105,0.0,0.0,0.105,1.0,0.0,0.0,1.0
2.6000000000000014,-3.4444878518453996,0.6050889895773303,0.105,0.0,0.0,0.105,1.0,0.0,0.0,1.0
2.5010000000000048,-4.119610469338135,-0.4829509915149492,0.105,0.0,0.0,0.105,1.0,0.0,0.0,1.0
2.5,-2.104741136039909,1.483806170931463,0.105,0.0,0.0,0.105,1.0,0.0,0.0,1.0
2.4009999999999962,-3.878166057881822,-1.4446436270191143,0.105,0.0,0.0,0.105,1.0,0.0,0.0,1.0
2.6000000000000014,-1.9782231272864217,0.9434794671298953,0.105,0.0,0.0,0.105,1.0,0.0,0.0,1.0
2.4009999999999962,-4.076424797589007,-1.655662450392252,0.105,0.0,0.0,0.105,1.0,0.0,0.0,1.0
2.5,-3.0777875443535176,-0.09060089504711301,0.105,0.0,0.0,0.105,1.0,0.0,0.0,1.0
2.799999999999997,-3.3291795140969427,-1.9745982338679593,0.105,0.0,0.0,0.105,1.0,0.0,0.0,1.0
2.5,-3.1383467961758384,-0.04380130011209206,0.105,0.0,0.0,0.105,1.0,0.0,0.0,1.0
2.5,-2.3978284927577476,2.1747712511362165,0.105,0.0,0.0,0.105,1.0,0.0,0.0,1.0
2.6999999999999957,-2.4157588500725153,0.7347478419923599,0.105,0.0,0.0,0.105,1.0,0.0,0.0,1.0
2.5,-4.313122442014361,-2.4978700866492094,0.105,0.0,0.0,0.105,1.0,0.0,0.0,1.0
2.6000000000000014,-2.773098496912852,0.4573927533693091,0.105,0.0,0.0,0.105,1.0,0.0,0.0,1.0
2.5999999999999943,-3.4965605394651567,-1.1804598703743008,0.105,0.0,0.0,0.105,1.0,0.0,0.0,1.0
2.600999999999999,-2.370445085103636,-0.09339240204255378,0.105,0.0,0.0,0.105,1.0,0.0,0.0,1.0
2.5,-2.350696672760682,1.9348092331420115,0.105,0.0,0.0,0.105,1.0,0.0,0.0,1.0
2.5060000000000002,-4.036249447570648,1.4573123207574243,0.105,0.0,0.0,0.105,1.0,0.0,0.0,1.0
2.600999999999999,-4.147270751467056,-0.908852119034454,0.105,0.0,0.0,0.105,1.0,0.0,0.0,1.0
2.5999999999999943,-3.928963528591201,1.2906607953061093,0.105,0.0,0.0,0.105,1.0,0.0,0.0,1.0
2.5,-3.980716604205674,-0.30345876594740595,0.105,0.0,0.0,0.105,1.0,0.0,0.0,1.0
2.5999999999999943,-3.81405602777084,-0.7037382597158022,0.105,0.0,0.0,0.105,1.0,0.0,0.0,1.0
2.5,-0.08342791249353101,1.8145754022048073,0.105,0.0,0.0,0.105,1.0,0.0,0.0,1.0
2.600999999999999,-4.812216721905798,-0.7964805660118515,0.105,0.0,0.0,0.105,1.0,0.0,0.0,1.0
2.6000000000000014,-0.07311952559612826,1.8250848136782087,0.105,0.0,0.0,0.105,1.0,0.0,0.0,1.0
2.5,-1.5894611385390454,-2.1441643508836035,0.105,0.0,0.0,0.105,1.0,0.0,0.0,1.0
2.3059999999999974,-0.5904326605178668,-2.312419230668236,0.105,0.0,0.0,0.105,1.0,0.0,0.0,1.0
2.5,-3.0002188947418995,0.4504083802379921,0.105,0.0,0.0,0.105,1.0,0.0,0.0,1.0
2.603999999999999,-3.384912045809187,2.162590786636129,0.105,0.0,0.0,0.105,1.0,0.0,0.0,1.0
2.4010000000000034,-3.4916097237211274,-1.5799104978008673,0.105,0.0,0.0,0.105,1.0,0.0,0.0,1.0
2.5,-4.931996142274788,-1.0441491766645095,0.105,0.0,0.0,0.105,1.0,0.0,0.0,1.0
2.5,-2.5332569495494703,1.8292695143364566,0.105,0.0,0.0,0.105,1.0,0.0,0.0,1.0
2.299999999999997,-4.790303687140117,-0.9280621483396387,0.105,0.0,0.0,0.105,1.0,0.0,0.0,1.0
2.5999999999999943,-1.2689286840531488,-1.2479414591965954,0.105,0.0,0.0,0.105,1.0,0.0,0.0,1.0
2.4009999999999962,-2.0318107838986164,0.5298229225364608,0.105,0.0,0.0,0.105,1.0,0.0,0.0,1.0
2.5,-3.8190051889093355,-0.60025141935034,0.105,0.0,0.0,0.105,1.0,0.0,0.0,1.0
2.5,-3.899783390580725,1.395842411201188,0.105,0.0,0.0,0.105,1.0,0.0,0.0,1.0
2.5999999999999943,-4.609226995553186,-2.3034204479193763,0.105,0.0,0.0,0.105,1.0,0.0,0.0,1.0
2.5020000000000024,-4.7447506702507845,0.5886488195237003,0.105,0.0,0.0,0.105,1.0,0.0,0.0,1.0
2.6000000000000014,-1.094423694262837,1.215859329205644,0.105,0.0,0.0,0.105,1.0,0.0,0.0,1.0
2.7010000000000005,-4.072329035845643,1.219633907491561,0.105,0.0,0.0,0.105,1.0,0.0,0.0,1.0
2.799999999999997,-3.9165008888573563,-0.873234219685252,0.105,0.0,0.0,0.105,1.0,0.0,0.0,1.0
2.1999999999999957,-1.9422922772014939,-0.37010338531218834,0.105,0.0,0.0,0.105,1.0,0.0,0.0,1.0
2.5,-0.17215758981035473,1.8527669170853898,0.105,0.0,0.0,0.105,1.0,0.0,0.0,1.0
2.5999999999999943,-2.370806746661371,-1.2948675878653646,0.105,0.0,0.0,0.105,1.0,0.0,0.0,1.0
2.6000000000000014,-4.435483009966808,0.9174956977418743,0.105,0.0,0.0,0.105,1.0,0.0,0.0,1.0
2.5,-3.684074057312277,-1.886946470785078,0.105,0.0,0.0,0.105,1.0,0.0,0.0,1.0
2.5999999999999943,-0.3165105315633607,0.41903144114067237,0.105,0.0,0.0,0.105,1.0,0.0,0.0,1.0
2.5999999999999943,-3.9710293767397453,-0.3189814662529797,0.105,0.0,0.0,0.105,1.0,0.0,0.0,1.0
2.6999999999999957,-0.8482737897822143,-0.5443635298169469,0.105,0.0,0.0,0.105,1.0,0.0,0.0,1.0
2.5,-4.817037436781746,-1.4171130733157964,0.105,0.0,0.0,0.105,1.0,0.0,0.0,1.0
2.600999999999999,-4.390918884224836,0.0394023833055785,0.105,0.0,0.0,0.105,1.0,0.0,0.0,1.0
2.5,-0.49522887489008977,-2.3941961801563,0.105,0.0,0.0,0.105,1.0,0.0,0.0,1.0
2.5,-1.6226133184403413,-1.838609298780788,0.105,0.0,0.0,0.105,1.0,0.0,0.0,1.0
2.6000000000000014,-2.3755336862498866,-2.255743907982995,0.105,0.0,0.0,0.105,1.0,0.0,0.0,1.0
2.300999999999995,-2.168611338544308,0.7961562333640472,0.105,0.0,0.0,0.105,1.0,0.0,0.0,1.0
2.5,-0.9419158611184413,0.31882927594703275,0.105,0.0,0.0,0.105,1.0,0.0,0.0,1.0
2.5,-4.847843193153517,-1.2496214032006052,0.105,0.0,0.0,0.105,1.0,0.0,0.0,1.0
2.600999999999999,-2.770589292293286,-1.9856219323339952,0.105,0.0,0.0,0.105,1.0,0.0,0.0,1.0
2.4010000000000034,-1.5382983038133884,-1.110124380754827,0.105,0.0,0.0,0.105,1.0,0.0,0.0,1.0
2.6999999999999957,-4.735009307147757,-2.4014810509136355,0.105,0.0,0.0,0.105,1.0,0.0,0.0,1.0
2.5,-1.911926062940573,-2.4917519570365543,0.105,0.0,0.0,0.105,1.0,0.0,0.0,1.0
2.5999999999999943,-4.116038746283982,1.9171971455773409,0.105,0.0,0.0,0.105,1.0,0.0,0.0,1.0
2.5,-4.273484398311948,1.0602715642152398,0.105,0.0,0.0,0.105,1.0,0.0,0.0,1.0
2.5,-2.642037555595152,-2.4701499162455356,0.105,0.0,0.0,0.105,1.0,0.0,0.0,1.0
2.5,-4.932479426742178,1.9107623559924722,0.105,0.0,0.0,0.105,1.0,0.0,0.0,1.0
2.5,-2.124367005491428,-0.26921570655450267,0.105,0.0,0.0,0.105,1.0,0.0,0.0,1.0
2.6000000000000014,-1.7816844283664393,1.3065232452226716,0.105,0.0,0.0,0.105,1.0,0.0,0.0,1.0
2.5,-4.368298456893146,2.156216548611396,0.105,0.0,0.0,0.105,1.0,0.0,0.0,1.0
2.700000000000003,-0.2322561128723869,-0.6068274305531749,0.105,0.0,0.0,0.105,1.0,0.0,0.0,1.0
2.6000000000000014,-0.09069255604295512,-1.4222298404536238,0.105,0.0,0.0,0.105,1.0,0.0,0.0,1.0
2.5,-0.8906342836515653,-1.5447337768993974,0.105,0.0,0.0,0.105,1.0,0.0,0.0,1.0
2.5,-3.208627236555429,-0.40838166022310957,0.105,0.0,0.0,0.105,1.0,0.0,0.0,1.0
2.700000000000003,-1.7637132633043404,-0.7257847466034817,0.105,0.0,0.0,0.105,1.0,0.0,0.0,1.0
2.600999999999999,-0.7959853963154159,1.922986875903563,0.105,0.0,0.0,0.105,1.0,0.0,0.0,1.0
2.600999999999999,-0.7817880785570563,-0.22221539544141256,0.105,0.0,0.0,0.105,1.0,0.0,0.0,1.0
2.5,-1.249456314983462,1.2587779279583102,0.105,0.0,0.0,0.105,1.0,0.0,0.0,1.0
2.5,-0.9130684631670716,-2.155457766197526,0.105,0.0,0.0,0.105,1.0,0.0,0.0,1.0
2.5,-3.792053794005022,2.1466408771403866,0.105,0.0,0.0,0.105,1.0,0.0,0.0,1.0
2.5,-0.044017610892887936,1.7408745459907513,0.105,0.0,0.0,0.105,1.0,0.0,0.0,1.0
2.3999999999999986,-2.9836491292750758,-0.5045034704531396,0.105,0.0,0.0,0.105,1.0,0.0,0.0,1.0
2.5,-3.3449258187939632,1.2141909669897608,0.105,0.0,0.0,0.105,1.0,0.0,0.0,1.0
2.5999999999999943,-4.790221744218478,2.265674338489012,0.105,0.0,0.0,0.105,1.0,0.0,0.0,1.0
2.1999999999999957,-1.321748880055218,-1.8062756967548035,0.105,0.0,0.0,0.105,1.0,0.0,0.0,1.0
2.5999999999999943,-3.2469893206163927,-2.4603109082831907,0.105,0.0,0.0,0.105,1.0,0.0,0.0,1.0
2.6000000000000014,-0.1214356178371846,1.6681677271885906,0.105,0.0,0.0,0.105,1.0,0.0,0.0,1.0
2.5999999999999943,-2.6320431199539325,1.264694371209365,0.105,0.0,0.0,0.105,1.0,0.0,0.0,1.0
2.5019999999999953,-1.0217464927335873,1.2025978226460996,0.105,0.0,0.0,0.105,1.0,0.0,0.0,1.0
2.5999999999999943,-3.0732784709690195,0.28921444050616396,0.105,0.0,0.0,0.105,1.0,0.0,0.0,1.0
2.6000000000000014,-3.966420249087668,-0.7857596959369332,0.105,0.0,0.0,0.105,1.0,0.0,0.0,1.0
2.5999999999999943,-3.5803840496624346,-1.3444581632262391,0.105,0.0,0.0,0.105,1.0,0.0,0.0,1.0
2.503,-2.7726627014379557,-1.2138349713576606,0.105,0.0,0.0,0.105,1.0,0.0,0.0,1.0
2.509999999999998,-4.023262892091789,2.204359943303777,0.105,0.0,0.0,0.105,1.0,0.0,0.0,1.0
2.5999999999999943,-3.770060474302361,1.3884094086938261,0.105,0.0,0.0,0.105,1.0,0.0,0.0,1.0
2.3999999999999986,-3.8555321739513895,-1.822775389116917,0.105,0.0,0.0,0.105,1.0,0.0,0.0,1.0
2.605000000000004,-1.4712450900962544,0.3878714233108313,0.105,0.0,0.0,0.105,1.0,0.0,0.0,1.0
2.6000000000000014,-1.1834407876211848,-2.012428532759189,0.105,0.0,0.0,0.105,1.0,0.0,0.0,1.0
2.5,-2.067641481088867,-0.7323311412814828,0.105,0.0,0.0,0.105,1.0,0.0,0.0,1.0
2.700000000000003,-2.190970366728221,-1.490262899476195,0.105,0.0,0.0,0.105,1.0,0.0,0.0,1.0
2.5060000000000002,-0.4586991171516134,-0.6073170649131846,0.105,0.0,0.0,0.105,1.0,0.0,0.0,1.0
2.6999999999999957,-3.37561738128032,-0.29761685143886263,0.105,0.0,0.0,0.105,1.0,0.0,0.0,1.0
2.5999999999999943,-1.1781536867342104,1.7076383597737095,0.105,0.0,0.0,0.105,1.0,0.0,0.0,1.0
2.299999999999997,-0.19320005702662538,-1.4077795045462151,0.105,0.0,0.0,0.105,1.0,0.0,0.0,1.0
2.200000000000003,-2.3621465952896274,0.4147804994825719,0.105,0.0,0.0,0.105,1.0,0.0,0.0,1.0
2.6019999999999968,-3.1043619522203847,-0.04050407744793651,0.105,0.0,0.0,0.105,1.0,0.0,0.0,1.0
2.5,-0.26422870851776825,-0.913730893424321,0.105,0.0,0.0,0.105,1.0,0.0,0.0,1.0
2.5009999999999977,-3.7184133286153385,0.14401338642189934,0.105,0.0,0.0,0.105,1.0,0.0,0.0,1.0
2.3999999999999986,-0.2598631649279399,2.31233781873437,0.105,0.0,0.0,0.105,1.0,0.0,0.0,1.0
2.7010000000000005,-2.1551000114078698,0.8612284936469793,0.105,0.0,0.0,0.105,1.0,0.0,0.0,1.0
2.700000000000003,-3.7439309448276776,0.8864013842874281,0.105,0.0,0.0,0.105,1.0,0.0,0.0,1.0
2.6000000000000014,-4.765908426673504,-0.42100671621626873,0.105,0.0,0.0,0.105,1.0,0.0,0.0,1.0
2.200000000000003,-1.568346614467474,1.2498824630653447,0.105,0.0,0.0,0.105,1.0,0.0,0.0,1.0
2.503,-3.336111379783471,-1.335331357678289,0.105,0.0,0.0,0.105,1.0,0.0,0.0,1.0
2.5999999999999943,-2.351336667706798,1.8276592835087153,0.105,0.0,0.0,0.105,1.0,0.0,0.0,1.0
2.3999999999999986,-3.7338576847657476,2.3436802194615964,0.105,0.0,0.0,0.105,1.0,0.0,0.0,1.0
2.700000000000003,-1.6195042045538477,-1.8149709516845594,0.105,0.0,0.0,0.105,1.0,0.0,0.0,1.0
2.6000000000000014,-0.3230998181457578,1.2263737347947696,0.105,0.0,0.0,0.105,1.0,0.0,0.0,1.0
2.5049999999999955,-0.3772782205447742,0.7954261147223581,0.105,0.0,0.0,0.105,1.0,0.0,0.0,1.0
2.600999999999999,-4.707588296107747,-0.6400391201967797,0.105,0.0,0.0,0.105,1.0,0.0,0.0,1.0
2.3000000000000043,-0.14461047726261403,-1.0563792737078284,0.105,0.0,0.0,0.105,1.0,0.0,0.0,1.0
2.3999999999999986,-1.5861484568742188,-1.1962604798483503,0.105,0.0,0.0,0.105,1.0,0.0,0.0,1.0
2.5,-4.579873052945251,-1.3251713240073113,0.105,0.0,0.0,0.105,1.0,0.0,0.0,1.0
2.5,-0.9698154640605878,-2.29521805198859,0.105,0.0,0.0,0.105,1.0,0.0,0.0,1.0
2.3999999999999986,-0.8684450089841909,1.2834618159221534,0.105,0.0,0.0,0.105,1.0,0.0,0.0,1.0
2.5,-4.99654896875985,-1.105296284415971,0.105,0.0,0.0,0.105,1.0,0.0,0.0,1.0
2.6000000000000014,-4.9037273017768515,-1.4440501671679788,0.105,0.0,0.0,0.105,1.0,0.0,0.0,1.0
2.5,-2.8945272952859984,-2.388620207100935,0.105,0.0,0.0,0.105,1.0,0.0,0.0,1.0
2.6030000000000015,-0.3885753599327933,-0.7183944763612132,0.105,0.0,0.0,0.105,1.0,0.0,0.0,1.0
2.6999999999999957,-2.335444520484325,-1.2574910655802747,0.105,0.0,0.0,0.105,1.0,0.0,0.0,1.0
2.6999999999999957,-2.7003342641571457,-1.8209284264765577,0.105,0.0,0.0,0.105,1.0,0.0,0.0,1.0
2.402000000000001,-4.881815719270218,-0.039240130887482336,0.105,0.0,0.0,0.105,1.0,0.0,0.0,1.0
2.5,-3.942086226549511,-0.37788131464479874,0.105,0.0,0.0,0.105,1.0,0.0,0.0,1.0
2.3999999999999986,-4.591946813668059,-0.19875468642748198,0.105,0.0,0.0,0.105,1.0,0.0,0.0,1.0
2.603999999999999,-1.8001362424909448,1.7565789266807348,0.105,0.0,0.0,0.105,1.0,0.0,0.0,1.0
2.5999999999999943,-1.8426023547869899,0.6705055770307426,0.105,0.0,0.0,0.105,1.0,0.0,0.0,1.0
2.5020000000000024,-2.298748680147883,2.2993647767622734,0.105,0.0,0.0,0.105,1.0,0.0,0.0,1.0
2.5999999999999943,-4.214668562423446,2.2485441452126445,0.105,0.0,0.0,0.105,1.0,0.0,0.0,1.0
2.4010000000000034,-1.1684782035232044,-0.7964312276179761,0.105,0.0,0.0,0.105,1.0,0.0,0.0,1.0
2.5,-4.684585426853303,-2.081011905738793,0.105,0.0,0.0,0.105,1.0,0.0,0.0,1.0
2.600999999999999,-3.9648770820986114,-0.6640152595226807,0.105,0.0,0.0,0.105,1.0,0.0,0.0,1.0
2.3999999999999986,-0.8120595856628711,0.7105492338021568,0.105,0.0,0.0,0.105,1.0,0.0,0.0,1.0
2.600999999999999,-0.8250482194163278,-0.19813695620672273,0.105,0.0,0.0,0.105,1.0,0.0,0.0,1.0
2.6000000000000014,-4.303418437323681,0.22518927344075862,0.105,0.0,0.0,0.105,1.0,0.0,0.0,1.0
2.5019999999999953,-4.475799619496932,-0.931504306008906,0.105,0.0,0.0,0.105,1.0,0.0,0.0,1.0
2.3999999999999986,-2.8550383091898217,0.3693743833719204,0.105,0.0,0.0,0.105,1.0,0.0,0.0,1.0
2.3999999999999986,-0.3919938812509009,0.013919657977588554,0.105,0.0,0.0,0.105,1.0,0.0,0.0,1.0
2.6000000000000014,-2.1245694671935533,1.347753104123682,0.105,0.0,0.0,0.105,1.0,0.0,0.0,1.0
2.600999999999999,-0.8518541009970189,-0.16830498828678256,0.105,0.0,0.0,0.105,1.0,0.0,0.0,1.0
2.5999999999999943,-0.14233090351865135,-1.4494843769470922,0.105,0.0,0.0,0.105,1.0,0.0,0.0,1.0
2.5009999999999977,-3.5133865690108195,0.7572629005604014,0.105,0.0,0.0,0.105,1.0,0.0,0.0,1.0
2.3999999999999986,-2.401391727027907,0.8918281431618448,0.105,0.0,0.0,0.105,1.0,0.0,0.0,1.0
2.5,-1.2205369114155187,-2.1423486625231707,0.105,0.0,0.0,0.105,1.0,0.0,0.0,1.0
2.5019999999999953,-0.8651062280054836,1.4850212409752535,0.105,0.0,0.0,0.105,1.0,0.0,0.0,1.0
2.7010000000000005,-0.3129507982251389,-0.7208534058557873,0.105,0.0,0.0,0.105,1.0,0.0,0.0,1.0
2.5,-0.15075257330628253,-0.15759276659619378,0.105,0.0,0.0,0.105,1.0,0.0,0.0,1.0
2.6000000000000014,-0.9899010918670801,-0.853116271186261,0.105,0.0,0.0,0.105,1.0,0.0,0.0,1.0
2.5,-4.447201354201991,1.1455414189902962,0.105,0.0,0.0,0.105,1.0,0.0,0.0,1.0
2.7010000000000005,-0.38525970143034477,1.9358976186584014,0.105,0.0,0.0,0.105,1.0,0.0,0.0,1.0
2.6999999999999957,-0.5623359887766471,2.3521395466159523,0.105,0.0,0.0,0.105,1.0,0.0,0.0,1.0
2.3999999999999986,-0.01728454861062624,0.3638988899045192,0.105,0.0,0.0,0.105,1.0,0.0,0.0,1.0
2.299999999999997,-2.644058559433395,1.0982650719755218,0.105,0.0,0.0,0.105,1.0,0.0,0.0,1.0
2.6000000000000014,-1.1315153253020187,-2.3251120117376303,0.105,0.0,0.0,0.105,1.0,0.0,0.0,1.0
2.6000000000000014,-1.1164923460008833,1.9445646659540636,0.105,0.0,0.0,0.105,1.0,0.0,0.0,1.0
2.5,-4.945529859658895,-0.13626310196633531,0.105,0.0,0.0,0.105,1.0,0.0,0.0,1.0
2.5999999999999943,-4.903981943304779,1.3900861052467752,0.105,0.0,0.0,0.105,1.0,0.0,0.0,1.0
2.299999999999997,-4.902742836364518,0.4918370063952882,0.105,0.0,0.0,0.105,1.0,0.0,0.0,1.0
2.6000000000000014,-0.07699598026315944,2.2816542827059387,0.105,0.0,0.0,0.105,1.0,0.0,0.0,1.0
2.5,-1.4682563655082221,-1.9867993207518053,0.105,0.0,0.0,0.105,1.0,0.0,0.0,1.0
2.5,-3.92036324332378,0.6541336419775141,0.105,0.0,0.0,0.105,1.0,0.0,0.0,1.0
2.4000000000000057,-1.882330249181176,-0.20764672229976414,0.105,0.0,0.0,0.105,1.0,0.0,0.0,1.0
2.600999999999999,-1.6878095734885126,2.332566584657291,0.105,0.0,0.0,0.105,1.0,0.0,0.0,1.0
2.6000000000000014,-3.63913871975543,-1.0981553963836335,0.105,0.0,0.0,0.105,1.0,0.0,0.0,1.0
2.5999999999999943,-3.868420386689102,-1.8137495066332365,0.105,0.0,0.0,0.105,1.0,0.0,0.0,1.0
2.600999999999999,-1.4295038465452037,-2.2398217265600775,0.105,0.0,0.0,0.105,1.0,0.0,0.0,1.0
2.4009999999999962,-2.338496183446997,0.09613974820419112,0.105,0.0,0.0,0.105,1.0,0.0,0.0,1.0
2.5999999999999943,-1.7560437467426948,-0.40684807135287404,0.105,0.0,0.0,0.105,1.0,0.0,0.0,1.0
2.3999999999999986,-2.1434478740927845,-1.1876907076569936,0.105,0.0,0.0,0.105,1.0,0.0,0.0,1.0
2.6000000000000014,-0.530449268955322,-2.475435043309851,0.105,0.0,0.0,0.105,1.0,0.0,0.0,1.0
2.5,-4.222690150011387,-0.8247255819675693,0.105,0.0,0.0,0.105,1.0,0.0,0.0,1.0
2.600999999999999,-3.588848395912283,-1.3622246109460905,0.105,0.0,0.0,0.105,1.0,0.0,0.0,1.0
2.299999999999997,-2.206634914115401,-1.5613972768029534,0.105,0.0,0.0,0.105,1.0,0.0,0.0,1.0
2.8999999999999986,-2.6380894716661345,0.0816798746677926,0.105,0.0,0.0,0.105,1.0,0.0,0.0,1.0
2.6999999999999957,-3.2401941265081073,0.43603895502363627,0.105,0.0,0.0,0.105,1.0,0.0,0.0,1.0
2.3999999999999986,-1.635709486648413,2.0064603366261973,0.105,0.0,0.0,0.105,1.0,0.0,0.0,1.0
2.5,-3.2141779675264077,0.09909371224377919,0.105,0.0,0.0,0.105,1.0,0.0,0.0,1.0
2.5,-1.6189879457729361,-1.3025743186637484,0.105,0.0,0.0,0.105,1.0,0.0,0.0,1.0
2.3999999999999986,-2.874040871986688,-0.761747508982568,0.105,0.0,0.0,0.105,1.0,0.0,0.0,1.0
2.5009999999999977,-2.934670875754843,1.1045717722403754,0.105,0.0,0.0,0.105,1.0,0.0,0.0,1.0
2.600999999999999,-2.91191847541879,0.35056253920161223,0.105,0.0,0.0,0.105,1.0,0.0,0.0,1.0
2.5999999999999943,-1.1519525962848112,-2.429066947916935,0.105,0.0,0.0,0.105,1.0,0.0,0.0,1.0
2.4000000000000057,-1.2587599986186337,-0.5630045128451177,0.105,0.0,0.0,0.105,1.0,0.0,0.0,1.0
2.5,-4.883279206068192,-1.6941165181446074,0.105,0.0,0.0,0.105,1.0,0.0,0.0,1.0
2.5,-1.3733105287756937,2.3647997467819057,0.105,0.0,0.0,0.105,1.0,0.0,0.0,1.0
2.6999999999999957,-1.9093227368440517,2.2270988122991837,0.105,0.0,0.0,0.105,1.0,0.0,0.0,1.0
2.5,-0.1384847030560115,1.3241770540253137,0.105,0.0,0.0,0.105,1.0,0.0,0.0,1.0
2.5999999999999943,-4.016324368333721,-0.4644948889231674,0.105,0.0,0.0,0.105,1.0,0.0,0.0,1.0
2.6999999999999957,-3.359273484046468,1.6162258286030227,0.105,0.0,0.0,0.105,1.0,0.0,0.0,1.0
2.6000000000000014,-0.09285988817508854,1.4070211971302693,0.105,0.0,0.0,0.105,1.0,0.0,0.0,1.0
2.7010000000000005,-2.930829357677774,-1.2896920306809785,0.105,0.0,0.0,0.105,1.0,0.0,0.0,1.0
2.6019999999999968,-0.26950222038987454,1.259713307358022,0.105,0.0,0.0,0.105,1.0,0.0,0.0,1.0
2.3000000000000043,-0.8207435401803471,-2.497461535310779,0.105,0.0,0.0,0.105,1.0,0.0,0.0,1.0
2.5,-2.6977478362975336,1.712549434698937,0.105,0.0,0.0,0.105,1.0,0.0,0.0,1.0
2.5999999999999943,-3.976282530204543,1.4963100077388631,0.105,0.0,0.0,0.105,1.0,0.0,0.0,1.0
2.5,-1.7033105371423916,1.1051081323206824,0.105,0.0,0.0,0.105,1.0,0.0,0.0,1.0
2.6000000000000014,-0.09265761338888084,1.5589182898483263,0.105,0.0,0.0,0.105,1.0,0.0,0.0,1.0
2.5,-2.0774533960712116,-0.5653892450046389,0.105,0.0,0.0,0.105,1.0,0.0,0.0,1.0
2.5,-0.35411478479586833,1.4371964552074463,0.105,0.0,0.0,0.105,1.0,0.0,0.0,1.0
2.402000000000001,-4.462186357139997,2.307399031132093,0.105,0.0,0.0,0.105,1.0,0.0,0.0,1.0
2.5,-0.446666209301748,2.3268044804242254,0.105,0.0,0.0,0.105,1.0,0.0,0.0,1.0
2.5,-3.860807179219795,1.330293338634405,0.105,0.0,0.0,0.105,1.0,0.0,0.0,1.0
2.3999999999999986,-1.8403208344126796,-0.986112401532154,0.105,0.0,0.0,0.105,1.0,0.0,0.0,1.0
2.3999999999999986,-3.831465391332141,-0.9180539428367818,0.105,0.0,0.0,0.105,1.0,0.0,0.0,1.0
2.5999999999999943,-0.006533422631466239,-2.0035403944820995,0.105,0.0,0.0,0.105,1.0,0.0,0.0,1.0
2.4000000000000057,-3.5726795156720237,0.8317166651763062,0.105,0.0,0.0,0.105,1.0,0.0,0.0,1.0
2.700000000000003,-2.575524038277805,-1.128083535983689,0.105,0.0,0.0,0.105,1.0,0.0,0.0,1.0
2.6000000000000014,-4.449528352772835,-0.8391696491576,0.105,0.0,0.0,0.105,1.0,0.0,0.0,1.0
2.5,-4.377290914581743,1.2960193346957511,0.105,0.0,0.0,0.105,1.0,0.0,0.0,1.0
2.6000000000000014,-3.927640501271435,1.3029997849206068,0.105,0.0,0.0,0.105,1.0,0.0,0.0,1.0
2.5,-3.9246407857993417,1.191226742172984,0.105,0.0,0.0,0.105,1.0,0.0,0.0,1.0
2.5,-1.0307766590359282,-0.2295567165681385,0.105,0.0,0.0,0.105,1.0,0.0,0.0,1.0
2.3999999999999986,-1.683842271567358,0.5906615992452602,0.105,0.0,0.0,0.105,1.0,0.0,0.0,1.0
2.1999999999999957,-1.5237957872810461,-1.584608930077197,0.105,0.0,0.0,0.105,1.0,0.0,0.0,1.0
2.6060000000000016,-2.810252679930462,1.4800050019325635,0.105,0.0,0.0,0.105,1.0,0.0,0.0,1.0
2.6999999999999957,-1.6198405923915808,2.440260432738891,0.105,0.0,0.0,0.105,1.0,0.0,0.0,1.0
2.600999999999999,-3.978004747288255,0.012099090830715734,0.105,0.0,0.0,0.105,1.0,0.0,0.0,1.0
2.5999999999999943,-0.7825886622369285,0.9235174031003713,0.105,0.0,0.0,0.105,1.0,0.0,0.0,1.0
2.600999999999999,-1.7519647516778913,-1.9800624359247745,0.105,0.0,0.0,0.105,1.0,0.0,0.0,1.0
2.600999999999999,-3.871768969052957,-2.295448282148389,0.105,0.0,0.0,0.105,1.0,0.0,0.0,1.0
2.3999999999999986,-0.42672292323924194,-0.8117841328659481,0.105,0.0,0.0,0.105,1.0,0.0,0.0,1.0
2.6000000000000014,-0.4387502519028366,1.5272024044207353,0.105,0.0,0.0,0.105,1.0,0.0,0.0,1.0
2.3999999999999986,-4.98074726780341,1.669789904477136,0.105,0.0,0.0,0.105,1.0,0.0,0.0,1.0
2.700000000000003,-0.49258894791955565,0.9964528971045133,0.105,0.0,0.0,0.105,1.0,0.0,0.0,1.0
2.6000000000000014,-4.720889399675849,0.9316587164153145,0.105,0.0,0.0,0.105,1.0,0.0,0.0,1.0
2.3999999999999986,-4.546461437047985,-0.6005587813875514,0.105,0.0,0.0,0.105,1.0,0.0,0.0,1.0
2.5,-4.540541812822328,-1.391706060028177,0.105,0.0,0.0,0.105,1.0,0.0,0.0,1.0
2.5,-3.2788636222652787,-2.3538039807160493,0.105,0.0,0.0,0.105,1.0,0.0,0.0,1.0
2.6000000000000014,-0.7244426740829425,-0.5970760036387142,0.105,0.0,0.0,0.105,1.0,0.0,0.0,1.0
2.299999999999997,-1.9449506441283895,2.1255636272645857,0.105,0.0,0.0,0.105,1.0,0.0,0.0,1.0
2.299999999999997,-0.2734374001268824,0.618070137471677,0.105,0.0,0.0,0.105,1.0,0.0,0.0,1.0
2.5,-4.706932267710989,-1.3236754254158638,0.105,0.0,0.0,0.105,1.0,0.0,0.0,1.0
2.6000000000000014,-3.1530106328067187,0.561342320653216,0.105,0.0,0.0,0.105,1.0,0.0,0.0,1.0
2.3999999999999986,-1.8562464142436246,-1.5073439534088768,0.105,0.0,0.0,0.105,1.0,0.0,0.0,1.0
2.5,-1.891221446460281,0.8880102428912622,0.105,0.0,0.0,0.105,1.0,0.0,0.0,1.0
2.5999999999999943,-2.2417550279061254,-0.9366393779686345,0.105,0.0,0.0,0.105,1.0,0.0,0.0,1.0
2.700000000000003,-3.702697587567013,0.7303930796400169,0.105,0.0,0.0,0.105,1.0,0.0,0.0,1.0
2.600999999999999,-2.9864967591001395,0.40287248566691874,0.105,0.0,0.0,0.105,1.0,0.0,0.0,1.0
2.5009999999999977,-1.0093952221628022,-0.5361837106483324,0.105,0.0,0.0,0.105,1.0,0.0,0.0,1.0
2.3999999999999986,-2.9371205525469497,1.6655980755091813,0.105,0.0,0.0,0.105,1.0,0.0,0.0,1.0
2.5,-1.1032283504485931,-0.73391466108596,0.105,0.0,0.0,0.105,1.0,0.0,0.0,1.0
2.6000000000000014,-2.444908601378726,-0.09417190101818408,0.105,0.0,0.0,0.105,1.0,0.0,0.0,1.0
2.5009999999999977,-0.3970053825700466,0.06763071810798515,0.105,0.0,0.0,0.105,1.0,0.0,0.0,1.0
2.503,-1.4154815016208355,1.082065798447872,0.105,0.0,0.0,0.105,1.0,0.0,0.0,1.0
2.5,-4.461347199073448,0.9767168935157884,0.105,0.0,0.0,0.105,1.0,0.0,0.0,1.0
2.600999999999999,-4.63586441305074,-1.6504482686188997,0.105,0.0,0.0,0.105,1.0,0.0,0.0,1.0
2.5999999999999943,-3.7277475983823316,1.2130948149958898,0.105,0.0,0.0,0.105,1.0,0.0,0.0,1.0
2.5999999999999943,-0.4698853422255556,1.4579521285436114,0.105,0.0,0.0,0.105,1.0,0.0,0.0,1.0
2.5999999999999943,-2.5368612155775074,0.8154674742603085,0.105,0.0,0.0,0.105,1.0,0.0,0.0,1.0
2.4069999999999965,-0.03975256288434422,-0.3114017902156319,0.105,0.0,0.0,0.105,1.0,0.0,0.0,1.0
2.7049999999999983,-2.421588737978257,-2.0238014381120375,0.105,0.0,0.0,0.105,1.0,0.0,0.0,1.0
2.200000000000003,-2.4150684801953974,-1.9837334050438782,0.105,0.0,0.0,0.105,1.0,0.0,0.0,1.0
2.6000000000000014,-1.709319410622243,-0.06525838611333348,0.105,0.0,0.0,0.105,1.0,0.0,0.0,1.0
2.6069999999999993,-4.925992110985693,-0.3219505594362221,0.105,0.0,0.0,0.105,1.0,0.0,0.0,1.0
2.3999999999999986,-1.2155723784139392,-0.23962859640682435,0.105,0.0,0.0,0.105,1.0,0.0,0.0,1.0
2.6000000000000014,-1.600359392803041,2.0539794828646984,0.105,0.0,0.0,0.105,1.0,0.0,0.0,1.0
2.5,-3.7056777516930417,0.7596884492026742,0.105,0.0,0.0,0.105,1.0,0.0,0.0,1.0
2.6099999999999994,-3.6290294389112105,-2.453217841146121,0.105,0.0,0.0,0.105,1.0,0.0,0.0,1.0
2.5999999999999943,-0.6912196039910534,-0.5805621317108525,0.105,0.0,0.0,0.105,1.0,0.0,0.0,1.0
2.4000000000000057,-0.4465639894443723,-1.1131914490669026,0.105,0.0,0.0,0.105,1.0,0.0,0.0,1.0
2.5,-3.625560789476321,-0.037699537002961615,0.105,0.0,0.0,0.105,1.0,0.0,0.0,1.0
2.5,-4.556017360885313,1.4805552581225516,0.105,0.0,0.0,0.105,1.0,0.0,0.0,1.0
2.5,-0.8112403741726335,-1.8535005543124319,0.105,0.0,0.0,0.105,1.0,0.0,0.0,1.0
2.3999999999999986,-2.83429289558655,1.1273406698404065,0.105,0.0,0.0,0.105,1.0,0.0,0.0,1.0
2.5,-2.369840502834589,0.8334177295437928,0.105,0.0,0.0,0.105,1.0,0.0,0.0,1.0
2.402000000000001,-1.6461355689221238,1.8514611218947448,0.105,0.0,0.0,0.105,1.0,0.0,0.0,1.0
2.5999999999999943,-1.2285772865674838,-1.46392503354151,0.105,0.0,0.0,0.105,1.0,0.0,0.0,1.0
2.5999999999999943,-3.8334685985014594,-1.465998649790266,0.105,0.0,0.0,0.105,1.0,0.0,0.0,1.0
2.503,-0.8514295024694065,-0.7003396444388075,0.105,0.0,0.0,0.105,1.0,0.0,0.0,1.0
2.6000000000000014,-4.775976673401184,1.4469392604161422,0.105,0.0,0.0,0.105,1.0,0.0,0.0,1.0
2.5,-4.516069514641219,-2.4298484315855764,0.105,0.0,0.0,0.105,1.0,0.0,0.0,1.0
2.3999999999999986,-4.476522368418166,2.154240447587906,0.105,0.0,0.0,0.105,1.0,0.0,0.0,1.0
2.600999999999999,-3.9878104541015227,0.8251708692659073,0.105,0.0,0.0,0.105,1.0,0.0,0.0,1.0
2.5009999999999977,-4.721244518894487,0.08103884933380706,0.105,0.0,0.0,0.105,1.0,0.0,0.0,1.0
2.5999999999999943,-0.6463735087390582,0.06410402233652743,0.105,0.0,0.0,0.105,1.0,0.0,0.0,1.0
2.5999999999999943,-3.626359861058997,2.0627668584061896,0.105,0.0,0.0,0.105,1.0,0.0,0.0,1.0
2.6000000000000014,-2.611400232919713,-2.150042655591391,0.105,0.0,0.0,0.105,1.0,0.0,0.0,1.0
2.5999999999999943,-3.6457796782016523,-2.4295732877193115,0.105,0.0,0.0,0.105,1.0,0.0,0.0,1.0
2.5,-2.4470425346847757,2.4027630899254744,0.105,0.0,0.0,0.105,1.0,0.0,0.0,1.0
2.600999999999999,-3.91047361497745,-0.4562070767521686,0.105,0.0,0.0,0.105,1.0,0.0,0.0,1.0
2.603999999999999,-2.384223058167046,-0.9992703240681872,0.105,0.0,0.0,0.105,1.0,0.0,0.0,1.0
2.299999999999997,-1.1561839155110651,-1.8999836461426343,0.105,0.0,0.0,0.105,1.0,0.0,0.0,1.0
2.3999999999999986,-0.2609409849194777,-1.2698874706821528,0.105,0.0,0.0,0.105,1.0,0.0,0.0,1.0
2.801000000000002,-0.7233614394393912,0.02501048164806438,0.105,0.0,0.0,0.105,1.0,0.0,0.0,1.0
2.5999999999999943,-1.2211661468530888,0.9236867151060721,0.105,0.0,0.0,0.105,1.0,0.0,0.0,1.0
2.6000000000000014,-2.7026609775111696,-1.636625747359369,0.105,0.0,0.0,0.105,1.0,0.0,0.0,1.0
2.503,-0.32033955720490814,2.0430051603240984,0.105,0.0,0.0,0.105,1.0,0.0,0.0,1.0
2.5999999999999943,-2.9462902863815024,-0.33560455657720645,0.105,0.0,0.0,0.105,1.0,0.0,0.0,1.0
2.600999999999999,-2.8290866082177732,-2.3622623177707887,0.105,0.0,0.0,0.105,1.0,0.0,0.0,1.0
2.6029999999999944,-2.953938025229316,-0.4103413298818131,0.105,0.0,0.0,0.105,1.0,0.0,0.0,1.0
2.5,-4.369112861134123,0.8740205641827691,0.105,0.0,0.0,0.105,1.0,0.0,0.0,1.0
2.5,-3.3615576566123804,-1.8296049977672162,0.105,0.0,0.0,0.105,1.0,0.0,0.0,1.0
2.4009999999999962,-3.7006676708306236,-2.4367297639015164,0.105,0.0,0.0,0.105,1.0,0.0,0.0,1.0
2.5999999999999943,-3.1088404973733357,2.3684395206399946,0.105,0.0,0.0,0.105,1.0,0.0,0.0,1.0
2.5,-0.819349023286016,1.216702603736069,0.105,0.0,0.0,0.105,1.0,0.0,0.0,1.0
2.299999999999997,-4.231912990000272,-2.0554312969792394,0.105,0.0,0.0,0.105,1.0,0.0,0.0,1.0
2.6000000000000014,-4.556988045449771,-2.454299313430328,0.105,0.0,0.0,0.105,1.0,0.0,0.0,1.0
2.3999999999999986,-3.831641971863376,1.3802539741746591,0.105,0.0,0.0,0.105,1.0,0.0,0.0,1.0
2.5,-0.7623187427784063,1.0564501617454793,0.105,0.0,0.0,0.105,1.0,0.0,0.0,1.0
2.6000000000000014,-2.202315902418905,-0.8566811814989781,0.105,0.0,0.0,0.105,1.0,0.0,0.0,1.0
2.6000000000000014,-3.7261564547278394,2.150707806256219,0.105,0.0,0.0,0.105,1.0,0.0,0.0,1.0
2.5999999999999943,-0.9616651718043452,-0.2661531659742652,0.105,0.0,0.0,0.105,1.0,0.0,0.0,1.0
2.1999999999999957,-0.4617635098284513,1.7283011651903941,0.105,0.0,0.0,0.105,1.0,0.0,0.0,1.0
2.5999999999999943,-0.5943999112816092,2.0158462129623924,0.105,0.0,0.0,0.105,1.0,0.0,0.0,1.0
2.5,-3.4512486458671723,1.4689948323407365,0.105,0.0,0.0,0.105,1.0,0.0,0.0,1.0
2.503,-0.3103170035326728,2.4786219130714824,0.105,0.0,0.0,0.105,1.0,0.0,0.0,1.0
2.700000000000003,-2.8775191354049587,0.3647026902002191,0.105,0.0,0.0,0.105,1.0,0.0,0.0,1.0
2.4110000000000014,-4.7411102126589055,1.5151872992105344,0.105,0.0,0.0,0.105,1.0,0.0,0.0,1.0
2.3999999999999986,-4.1474250477702395,0.6981876920124962,0.105,0.0,0.0,0.105,1.0,0.0,0.0,1.0
2.6999999999999957,-2.112978314919584,1.1844110003810913,0.105,0.0,0.0,0.105,1.0,0.0,0.0,1.0
2.5,-3.198460599325257,1.6752876795527916,0.105,0.0,0.0,0.105,1.0,0.0,0.0,1.0
2.5,-4.428256079596882,0.6946847693669372,0.105,0.0,0.0,0.105,1.0,0.0,0.0,1.0
2.600999999999999,-1.651464698142554,-0.9268061740716992,0.105,0.0,0.0,0.105,1.0,0.0,0.0,1.0
2.5,-0.15947932526104266,-0.5815254154076177,0.105,0.0,0.0,0.105,1.0,0.0,0.0,1.0
2.4029999999999987,-0.7394162038844851,0.8928675447222643,0.105,0.0,0.0,0.105,1.0,0.0,0.0,1.0
2.5,-3.6785993524803104,1.7956421865361931,0.105,0.0,0.0,0.105,1.0,0.0,0.0,1.0
2.3999999999999986,-2.4075004813788152,0.3979832593226312,0.105,0.0,0.0,0.105,1.0,0.0,0.0,1.0
2.5999999999999943,-1.5711151520857851,0.11615315800709865,0.105,0.0,0.0,0.105,1.0,0.0,0.0,1.0
2.5999999999999943,-1.480231366940275,-2.1219347159924453,0.105,0.0,0.0,0.105,1.0,0.0,0.0,1.0
2.5,-0.527675562264393,-2.320665131431416,0.105,0.0,0.0,0.105,1.0,0.0,0.0,1.0
2.3999999999999986,-3.030842287248698,0.5003825656778853,0.105,0.0,0.0,0.105,1.0,0.0,0.0,1.0
2.5009999999999977,-2.4657848445629322,1.5391174624782396,0.105,0.0,0.0,0.105,1.0,0.0,0.0,1.0
2.5999999999999943,-4.554359291412151,0.9218346347900469,0.105,0.0,0.0,0.105,1.0,0.0,0.0,1.0
2.4009999999999962,0.012311312937941157,1.0060502758366352,0.105,0.0,0.0,0.105,1.0,0.0,0.0,1.0
2.3000000000000043,-2.7822080392101673,-2.392950825842938,0.105,0.0,0.0,0.105,1.0,0.0,0.0,1.0
2.6059999999999945,-2.0385447050752923,-0.416216365145646,0.105,0.0,0.0,0.105,1.0,0.0,0.0,1.0
2.5999999999999943,-2.9282984721563285,-2.435963420402883,0.105,0.0,0.0,0.105,1.0,0.0,0.0,1.0
2.6000000000000014,-0.8614794117912467,-1.6567431021703045,0.105,0.0,0.0,0.105,1.0,0.0,0.0,1.0
2.5,-4.425431794738374,0.11735052290056912,0.105,0.0,0.0,0.105,1.0,0.0,0.0,1.0
2.3999999999999986,-4.330452975228178,0.3197916513144757,0.105,0.0,0.0,0.105,1.0,0.0,0.0,1.0
2.2010000000000005,-4.162996293750796,-1.475897861908632,0.105,0.0,0.0,0.105,1.0,0.0,0.0,1.0
2.5009999999999977,-0.7702990528376427,0.36596609522935547,0.105,0.0,0.0,0.105,1.0,0.0,0.0,1.0
2.4009999999999962,-0.38208936357463547,-0.3752496746732802,0.105,0.0,0.0,0.105,1.0,0.0,0.0,1.0
2.5,-0.8241769515142892,1.5633212583600105,0.105,0.0,0.0,0.105,1.0,0.0,0.0,1.0
2.6999999999999957,-1.9026046917859056,-1.214268763283187,0.105,0.0,0.0,0.105,1.0,0.0,0.0,1.0
2.5999999999999943,-2.3105471833041737,1.830179934441822,0.105,0.0,0.0,0.105,1.0,0.0,0.0,1.0
2.6000000000000014,-1.7297896564907231,-2.2100494297621602,0.105,0.0,0.0,0.105,1.0,0.0,0.0,1.0
2.6000000000000014,-0.5195922287523774,-0.27172857892385405,0.105,0.0,0.0,0.105,1.0,0.0,0.0,1.0
2.5009999999999977,-4.338310825323883,-2.4440783870956126,0.105,0.0,0.0,0.105,1.0,0.0,0.0,1.0
2.5,-1.9521889647421555,2.1815717842033338,0.105,0.0,0.0,0.105,1.0,0.0,0.0,1.0
2.5999999999999943,-2.2313594486803865,-1.4262594062938159,0.105,0.0,0.0,0.105,1.0,0.0,0.0,1.0
2.5999999999999943,-4.592684870487814,-2.402822512075749,0.105,0.0,0.0,0.105,1.0,0.0,0.0,1.0
2.5,-0.9375198044525933,2.0281595180659195,0.105,0.0,0.0,0.105,1.0,0.0,0.0,1.0
2.5020000000000024,-3.17249067704256,0.21598791449981067,0.105,0.0,0.0,0.105,1.0,0.0,0.0,1.0
2.3999999999999986,-3.9231556981107056,-1.8525616225976367,0.105,0.0,0.0,0.105,1.0,0.0,0.0,1.0
2.5010000000000048,-3.1610020580414693,-2.4940162015346705,0.105,0.0,0.0,0.105,1.0,0.0,0.0,1.0
2.600999999999999,-1.4255062962165757,1.5373689752151558,0.105,0.0,0.0,0.105,1.0,0.0,0.0,1.0
2.299999999999997,-1.549266134350979,1.8878263181953825,0.105,0.0,0.0,0.105,1.0,0.0,0.0,1.0
2.5009999999999977,-1.9058226553015523,-1.2991949965396181,0.105,0.0,0.0,0.105,1.0,0.0,0.0,1.0
2.5009999999999977,-2.4656462550425986,2.049762112601499,0.105,0.0,0.0,0.105,1.0,0.0,0.0,1.0
2.6000000000000014,-2.8693304597766516,1.7196692257448625,0.105,0.0,0.0,0.105,1.0,0.0,0.0,1.0
2.6000000000000014,-3.6216564229729276,-1.6727584170927698,0.105,0.0,0.0,0.105,1.0,0.0,0.0,1.0
2.6000000000000014,-3.1088971723190384,-2.12463458614288,0.105,0.0,0.0,0.105,1.0,0.0,0.0,1.0
2.603999999999999,-3.935094188076441,-1.5767719488149137,0.105,0.0,0.0,0.105,1.0,0.0,0.0,1.0
2.4000000000000057,-4.519676340423639,1.8466590158718812,0.105,0.0,0.0,0.105,1.0,0.0,0.0,1.0
2.600999999999999,-0.4964163124027713,2.1439680651798687,0.105,0.0,0.0,0.105,1.0,0.0,0.0,1.0
2.5010000000000048,-3.8080176114667097,0.7790432751999766,0.105,0.0,0.0,0.105,1.0,0.0,0.0,1.0
2.7010000000000005,-2.939992386912355,1.1424733293059053,0.105,0.0,0.0,0.105,1.0,0.0,0.0,1.0
2.3999999999999986,-2.895728748573513,-0.05266482127156931,0.105,0.0,0.0,0.105,1.0,0.0,0.0,1.0
2.600999999999999,-4.91242141441009,1.219649249037467,0.105,0.0,0.0,0.105,1.0,0.0,0.0,1.0
2.5019999999999953,-3.4767318726172722,2.0866608946614,0.105,0.0,0.0,0.105,1.0,0.0,0.0,1.0
2.5,-2.6272429935073127,1.0164998824810778,0.105,0.0,0.0,0.105,1.0,0.0,0.0,1.0
2.700000000000003,-2.3163444797454855,-2.4450267916463146,0.105,0.0,0.0,0.105,1.0,0.0,0.0,1.0
2.5999999999999943,-3.9651516609591115,-0.18340483375999458,0.105,0.0,0.0,0.105,1.0,0.0,0.0,1.0
2.3999999999999986,-0.9434996884414334,1.0934168517876806,0.105,0.0,0.0,0.105,1.0,0.0,0.0,1.0
2.5999999999999943,-4.293134433955851,0.007950762590939272,0.105,0.0,0.0,0.105,1.0,0.0,0.0,1.0
2.4000000000000057,-0.15738073351504514,-0.27848318902105446,0.105,0.0,0.0,0.105,1.0,0.0,0.0,1.0
2.700000000000003,-0.9850396792644017,-0.76392447326168,0.105,0.0,0.0,0.105,1.0,0.0,0.0,1.0
2.5999999999999943,-2.0604799457363376,1.498120514445673,0.105,0.0,0.0,0.105,1.0,0.0,0.0,1.0
2.5009999999999977,-4.776905657800182,-2.3893016631895923,0.105,0.0,0.0,0.105,1.0,0.0,0.0,1.0
2.6000000000000014,-1.6050325611441147,-2.413039422571163,0.105,0.0,0.0,0.105,1.0,0.0,0.0,1.0
2.5,-1.605745074867231,-0.2593512776258859,0.105,0.0,0.0,0.105,1.0,0.0,0.0,1.0
2.5999999999999943,-1.0589114870732992,1.3395412399671733,0.105,0.0,0.0,0.105,1.0,0.0,0.0,1.0
2.5,-4.172186335546066,1.2560291473323428,0.105,0.0,0.0,0.105,1.0,0.0,0.0,1.0
2.6000000000000014,-1.1614291397902143,2.0011006270946208,0.105,0.0,0.0,0.105,1.0,0.0,0.0,1.0
2.3999999999999986,-1.5286317299435208,-0.15027690578461653,0.105,0.0,0.0,0.105,1.0,0.0,0.0,1.0
2.600999999999999,-2.249145041949569,1.967112406180141,0.105,0.0,0.0,0.105,1.0,0.0,0.0,1.0
2.299999999999997,-1.4865294696704299,-0.7829761524485476,0.105,0.0,0.0,0.105,1.0,0.0,0.0,1.0
2.5999999999999943,-0.7356910268936958,-1.504914487020919,0.105,0.0,0.0,0.105,1.0,0.0,0.0,1.0
2.5,-3.047188119133753,0.2830219356748629,0.105,0.0,0.0,0.105,1.0,0.0,0.0,1.0
2.299999999999997,-4.402471274599062,-1.7063907352132814,0.105,0.0,0.0,0.105,1.0,0.0,0.0,1.0
2.600999999999999,-2.3018324679705784,-2.1402596127896936,0.105,0.0,0.0,0.105,1.0,0.0,0.0,1.0
2.5,-3.603220382214861,-0.8639729169362942,0.105,0.0,0.0,0.105,1.0,0.0,0.0,1.0
2.6000000000000014,-0.31079805944339806,0.24900842538633502,0.105,0.0,0.0,0.105,1.0,0.0,0.0,1.0
2.6000000000000014,-2.1095924286756684,-0.9626205490288111,0.105,0.0,0.0,0.105,1.0,0.0,0.0,1.0
2.5,-4.216259325165197,1.8186191865702048,0.105,0.0,0.0,0.105,1.0,0.0,0.0,1.0
2.4000000000000057,-1.5687644745039089,-0.5365917978349738,0.105,0.0,0.0,0.105,1.0,0.0,0.0,1.0
2.5999999999999943,-0.2562245396428998,-2.2299187942919056,0.105,0.0,0.0,0.105,1.0,0.0,0.0,1.0
2.3999999999999986,-3.339534152136135,-0.7234985494699611,0.105,0.0,0.0,0.105,1.0,0.0,0.0,1.0
2.700000000000003,-2.5937898829281374,-2.3738524647114243,0.105,0.0,0.0,0.105,1.0,0.0,0.0,1.0
2.5,-2.284519607586256,0.20578452015433385,0.105,0.0,0.0,0.105,1.0,0.0,0.0,1.0
2.6000000000000014,-4.805359112569833,-1.8345617590246777,0.105,0.0,0.0,0.105,1.0,0.0,0.0,1.0
2.5,-3.8641777404307764,-0.1991937019314334,0.105,0.0,0.0,0.105,1.0,0.0,0.0,1.0
2.5999999999999943,-0.9835054809561046,-1.212040918728294,0.105,0.0,0.0,0.105,1.0,0.0,0.0,1.0
2.5999999999999943,-3.78216382733915,2.2797611398751463,0.105,0.0,0.0,0.105,1.0,0.0,0.0,1.0
2.3999999999999986,-2.862860483969498,-1.3429206735778256,0.105,0.0,0.0,0.105,1.0,0.0,0.0,1.0
2.5,-2.71794435797453,0.5050501147104696,0.105,0.0,0.0,0.105,1.0,0.0,0.0,1.0
2.6999999999999957,-2.9116251099609993,-1.7614887137408517,0.105,0.0,0.0,0.105,1.0,0.0,0.0,1.0
2.3999999999999986,-0.4599320727847192,0.8941039735133303,0.105,0.0,0.0,0.105,1.0,0.0,0.0,1.0
2.5009999999999977,-2.8915232328549227,2.42926248549691,0.105,0.0,0.0,0.105,1.0,0.0,0.0,1.0
2.700000000000003,-0.5671266848856256,-2.340633329235463,0.105,0.0,0.0,0.105,1.0,0.0,0.0,1.0
2.5,-0.9638593692570238,-0.8669333892754907,0.105,0.0,0.0,0.105,1.0,0.0,0.0,1.0
2.5,-3.0949092655479027,-1.5289193540195318,0.105,0.0,0.0,0.105,1.0,0.0,0.0,1.0
2.5009999999999977,-3.828040884042442,-2.071079527846336,0.105,0.0,0.0,0.105,1.0,0.0,0.0,1.0
2.3999999999999986,-2.331626756848537,0.29320441287843296,0.105,0.0,0.0,0.105,1.0,0.0,0.0,1.0
2.700000000000003,-4.833378700614975,1.0303970423870787,0.105,0.0,0.0,0.105,1.0,0.0,0.0,1.0
2.600999999999999,-1.8665017595843436,0.14660650539588885,0.105,0.0,0.0,0.105,1.0,0.0,0.0,1.0
2.5,-0.6606350628068107,0.13169133974880576,0.105,0.0,0.0,0.105,1.0,0.0,0.0,1.0
2.5999999999999943,-0.22673502506282378,0.6636681974431027,0.105,0.0,0.0,0.105,1.0,0.0,0.0,1.0
2.6000000000000014,-3.540447617075376,-0.9302666912697437,0.105,0.0,0.0,0.105,1.0,0.0,0.0,1.0
2.5999999999999943,-1.4228005494945242,-0.8213795911860818,0.105,0.0,0.0,0.105,1.0,0.0,0.0,1.0
2.5,-4.583053229223568,-2.084117541791618,0.105,0.0,0.0,0.105,1.0,0.0,0.0,1.0
2.5,-1.9323591353708816,1.8888735530257779,0.105,0.0,0.0,0.105,1.0,0.0,0.0,1.0
2.5009999999999977,-3.8850429905175057,-1.9024295639677402,0.105,0.0,0.0,0.105,1.0,0.0,0.0,1.0
2.5,-3.274259494773609,-0.5958277204262639,0.105,0.0,0.0,0.105,1.0,0.0,0.0,1.0
2.6000000000000014,-0.6469000079734684,-1.9659164309774917,0.105,0.0,0.0,0.105,1.0,0.0,0.0,1.0
2.4000000000000057,-1.2737140399424065,1.879158110400773,0.105,0.0,0.0,0.105,1.0,0.0,0.0,1.0
2.6000000000000014,-2.5330405972900873,-0.7693316687334725,0.105,0.0,0.0,0.105,1.0,0.0,0.0,1.0
2.5999999999999943,-0.36167050460260297,-2.023566806686688,0.105,0.0,0.0,0.105,1.0,0.0,0.0,1.0
2.3999999999999986,-3.921881282660481,0.08558790928030559,0.105,0.0,0.0,0.105,1.0,0.0,0.0,1.0
2.6000000000000014,-2.8563576207327483,2.3326033423262627,0.105,0.0,0.0,0.105,1.0,0.0,0.0,1.0
2.3999999999999986,-1.9938447698431927,1.8805954197840515,0.105,0.0,0.0,0.105,1.0,0.0,0.0,1.0
2.6000000000000014,-4.5237306431113415,-1.996112201228776,0.105,0.0,0.0,0.105,1.0,0.0,0.0,1.0
2.5999999999999943,-0.2367495037356813,-0.6782226288700253,0.105,0.0,0.0,0.105,1.0,0.0,0.0,1.0
2.3999999999999986,-1.2446210879666804,-1.180817652167594,0.105,0.0,0.0,0.105,1.0,0.0,0.0,1.0
2.299999999999997,-0.645659726454838,2.482959195696553,0.105,0.0,0.0,0.105,1.0,0.0,0.0,1.0
2.5,-1.697423886188183,1.6821320220118585,0.105,0.0,0.0,0.105,1.0,0.0,0.0,1.0
2.5009999999999977,-2.644961081864284,1.3475358170212342,0.105,0.0,0.0,0.105,1.0,0.0,0.0,1.0
2.6999999999999957,-0.3769211241569525,-1.9098713710209616,0.105,0.0,0.0,0.105,1.0,0.0,0.0,1.0
2.6999999999999957,-4.401005674064178,0.07251003309794148,0.105,0.0,0.0,0.105,1.0,0.0,0.0,1.0
2.2050000000000054,-4.309979489686955,-1.3487705154696095,0.105,0.0,0.0,0.105,1.0,0.0,0.0,1.0
2.299999999999997,-1.136321649932028,0.5692990747643755,0.105,0.0,0.0,0.105,1.0,0.0,0.0,1.0
2.6999999999999957,-2.823786463546044,0.0005841176597009691,0.105,0.0,0.0,0.105,1.0,0.0,0.0,1.0
2.5009999999999977,-2.9173043425567102,1.6560010779326704,0.105,0.0,0.0,0.105,1.0,0.0,0.0,1.0
2.6999999999999957,-4.095304679419027,2.083701350788458,0.105,0.0,0.0,0.105,1.0,0.0,0.0,1.0
2.600999999999999,-0.9489857185892118,-2.0924457526520586,0.105,0.0,0.0,0.105,1.0,0.0,0.0,1.0
2.5,-0.10549378515419452,2.2908772572810285,0.105,0.0,0.0,0.105,1.0,0.0,0.0,1.0
2.600999999999999,-4.8782216062416515,1.6392588952546843,0.105,0.0,0.0,0.105,1.0,0.0,0.0,1.0
2.299999999999997,-1.3832433274208613,0.5664736424333818,0.105,0.0,0.0,0.105,1.0,0.0,0.0,1.0
2.4029999999999987,-0.36973693362796595,-1.2548680808704218,0.105,0.0,0.0,0.105,1.0,0.0,0.0,1.0
2.4010000000000034,-4.473516049254874,-0.3192992606252271,0.105,0.0,0.0,0.105,1.0,0.0,0.0,1.0
2.6999999999999957,-3.5345923129959456,1.932986615427135,0.105,0.0,0.0,0.105,1.0,0.0,0.0,1.0
2.5999999999999943,-2.971856139983129,-1.1816680544016447,0.105,0.0,0.0,0.105,1.0,0.0,0.0,1.0
2.503999999999998,-4.6436873537706065,1.4999498344265874,0.105,0.0,0.0,0.105,1.0,0.0,0.0,1.0
2.5,-4.862820527392329,0.9268139106544214,0.105,0.0,0.0,0.105,1.0,0.0,0.0,1.0
2.5,-2.8023222422259093,0.608844630437467,0.105,0.0,0.0,0.105,1.0,0.0,0.0,1.0
2.5999999999999943,-0.0570057721529936,-1.0820585738502768,0.105,0.0,0.0,0.105,1.0,0.0,0.0,1.0
2.6000000000000014,-0.060302166313822535,-1.5376273873971147,0.105,0.0,0.0,0.105,1.0,0.0,0.0,1.0
2.5999999999999943,-0.4003680230555999,-0.2156937047367987,0.105,0.0,0.0,0.105,1.0,0.0,0.0,1.0
2.2070000000000007,-2.2868879835236395,-0.20159029072593826,0.105,0.0,0.0,0.105,1.0,0.0,0.0,1.0
2.5060000000000002,-3.6472919189030564,-1.2592990932826122,0.105,0.0,0.0,0.105,1.0,0.0,0.0,1.0
2.4069999999999965,-4.668154532635826,-0.1738841364757849,0.105,0.0,0.0,0.105,1.0,0.0,0.0,1.0
2.600999999999999,-1.9879931555836077,2.4919405726224038,0.105,0.0,0.0,0.105,1.0,0.0,0.0,1.0
2.5,-0.4218094605830952,1.8270887941006417,0.105,0.0,0.0,0.105,1.0,0.0,0.0,1.0
2.3999999999999986,-2.7365793917130063,-0.14942055526199344,0.105,0.0,0.0,0.105,1.0,0.0,0.0,1.0
2.5009999999999977,-2.859031268633776,0.7002194819294894,0.105,0.0,0.0,0.105,1.0,0.0,0.0,1.0
2.401999999999994,-1.6017037857409746,1.9376020613283351,0.105,0.0,0.0,0.105,1.0,0.0,0.0,1.0
2.5,-2.460255616380061,-2.2366968601810955,0.105,0.0,0.0,0.105,1.0,0.0,0.0,1.0
2.6000000000000014,-0.1504941934284044,-1.4700312966811673,0.105,0.0,0.0,0.105,1.0,0.0,0.0,1.0
2.5,-0.4580931683262051,0.7126954489937406,0.105,0.0,0.0,0.105,1.0,0.0,0.0,1.0
2.6000000000000014,-4.677289708209483,2.047619496552943,0.105,0.0,0.0,0.105,1.0,0.0,0.0,1.0
2.5020000000000024,-4.1397719058115,-2.203869117044502,0.105,0.0,0.0,0.105,1.0,0.0,0.0,1.0
2.5,-0.990871521737324,1.004658757152794,0.105,0.0,0.0,0.105,1.0,0.0,0.0,1.0
2.4000000000000057,-0.6220456474510806,0.8174514224520439,0.105,0.0,0.0,0.105,1.0,0.0,0.0,1.0
2.3999999999999986,-3.8830460321361002,2.4121619846348423,0.105,0.0,0.0,0.105,1.0,0.0,0.0,1.0
2.3999999999999986,-3.9025804396036397,0.5934565593714733,0.105,0.0,0.0,0.105,1.0,0.0,0.0,1.0
2.5,-4.314358726238003,-0.9297570296870517,0.105,0.0,0.0,0.105,1.0,0.0,0.0,1.0
2.6019999999999968,-3.92637167572583,2.4662004936634756,0.105,0.0,0.0,0.105,1.0,0.0,0.0,1.0
2.5,-2.6563850422142896,0.4599613230393706,0.105,0.0,0.0,0.105,1.0,0.0,0.0,1.0
2.5999999999999943,-3.255655545214984,1.9652030359526969,0.105,0.0,0.0,0.105,1.0,0.0,0.0,1.0
2.600999999999999,-1.2310509165380517,-0.10383320363172252,0.105,0.0,0.0,0.105,1.0,0.0,0.0,1.0
2.6000000000000014,-3.02175664284217,0.4133253271262669,0.105,0.0,0.0,0.105,1.0,0.0,0.0,1.0
2.6999999999999957,-0.12767406194007389,0.9403329729601622,0.105,0.0,0.0,0.105,1.0,0.0,0.0,1.0
2.3999999999999986,-0.7230075985912308,0.8488491872947861,0.105,0.0,0.0,0.105,1.0,0.0,0.0,1.0
2.5,-3.989916067980439,-0.2650441383117352,0.105,0.0,0.0,0.105,1.0,0.0,0.0,1.0
2.4000000000000057,-3.9366637306852503,-1.8724189499857993,0.105,0.0,0.0,0.105,1.0,0.0,0.0,1.0
2.600999999999999,-0.63590367531141,0.09067137393090571,0.105,0.0,0.0,0.105,1.0,0.0,0.0,1.0
2.6000000000000014,-2.7948665156373407,-2.1706723187089363,0.105,0.0,0.0,0.105,1.0,0.0,0.0,1.0
2.700000000000003,-2.8584573230600943,2.4598470356580098,0.105,0.0,0.0,0.105,1.0,0.0,0.0,1.0
2.6999999999999957,-0.8119094474050635,1.159185135140422,0.105,0.0,0.0,0.105,1.0,0.0,0.0,1.0
2.5999999999999943,-1.5794185063245691,-0.4266054635724038,0.105,0.0,0.0,0.105,1.0,0.0,0.0,1.0
2.5999999999999943,-3.29890365224313,2.347250836053682,0.105,0.0,0.0,0.105,1.0,0.0,0.0,1.0
2.602000000000004,-3.6510297728849896,-1.642009462466642,0.105,0.0,0.0,0.105,1.0,0.0,0.0,1.0
2.5009999999999977,-4.617331199793238,1.5086261003150343,0.105,0.0,0.0,0.105,1.0,0.0,0.0,1.0
2.6999999999999957,-4.799309101446595,-1.3062118462995416,0.105,0.0,0.0,0.105,1.0,0.0,0.0,1.0
2.6000000000000014,-2.6732428449448085,-1.532089681991147,0.105,0.0,0.0,0.105,1.0,0.0,0.0,1.0
2.6029999999999944,-0.47771973034498155,1.849919446206031,0.105,0.0,0.0,0.105,1.0,0.0,0.0,1.0
2.5999999999999943,-1.0602118921017418,2.180340903681146,0.105,0.0,0.0,0.105,1.0,0.0,0.0,1.0
2.5009999999999977,-0.4137908902952323,1.757177385454098,0.105,0.0,0.0,0.105,1.0,0.0,0.0,1.0
2.5,-0.9713762646194792,-0.017639768831238755,0.105,0.0,0.0,0.105,1.0,0.0,0.0,1.0
2.5999999999999943,-0.09139497388940206,1.495317327886645,0.105,0.0,0.0,0.105,1.0,0.0,0.0,1.0
2.6000000000000014,-2.5013957053900167,2.0550284227150843,0.105,0.0,0.0,0.105,1.0,0.0,0.0,1.0
2.7010000000000005,-4.418853564772454,-1.0821690960232593,0.105,0.0,0.0,0.105,1.0,0.0,0.0,1.0
2.6000000000000014,-2.752454805868152,1.726107517037021,0.105,0.0,0.0,0.105,1.0,0.0,0.0,1.0
2.7010000000000005,-2.574251058332428,-2.3603242610189294,0.105,0.0,0.0,0.105,1.0,0.0,0.0,1.0
2.7010000000000005,-3.302931336693435,0.34397395528626384,0.105,0.0,0.0,0.105,1.0,0.0,0.0,1.0
2.5,-2.7381568484388077,0.6214024312961564,0.105,0.0,0.0,0.105,1.0,0.0,0.0,1.0
2.299999999999997,-0.3001814152473506,-0.011073825935401571,0.105,0.0,0.0,0.105,1.0,0.0,0.0,1.0
2.8999999999999986,-1.5752493988348755,1.3880579423728405,0.105,0.0,0.0,0.105,1.0,0.0,0.0,1.0
2.5999999999999943,-4.957310502173276,-1.9627395107457526,0.105,0.0,0.0,0.105,1.0,0.0,0.0,1.0
2.3999999999999986,-4.214961397991361,2.1406913071821254,0.105,0.0,0.0,0.105,1.0,0.0,0.0,1.0
2.509999999999998,-4.785278098647238,-0.5349930746389525,0.105,0.0,0.0,0.105,1.0,0.0,0.0,1.0
2.600999999999999,-0.0608634673394722,-1.0478605561696512,0.105,0.0,0.0,0.105,1.0,0.0,0.0,1.0
2.5999999999999943,-4.135350569731839,-0.8388204029729797,0.105,0.0,0.0,0.105,1.0,0.0,0.0,1.0
2.5050000000000026,-4.565906217932017,0.6805389036232337,0.105,0.0,0.0,0.105,1.0,0.0,0.0,1.0
2.402000000000001,-2.480353048438941,-0.500224278158659,0.105,0.0,0.0,0.105,1.0,0.0,0.0,1.0
2.5,-4.928261965611825,2.4624293108103226,0.105,0.0,0.0,0.105,1.0,0.0,0.0,1.0
2.5999999999999943,-1.9067372870826298,-0.8325470330594407,0.105,0.0,0.0,0.105,1.0,0.0,0.0,1.0
2.5999999999999943,-0.13890055848724495,-0.09822923537247583,0.105,0.0,0.0,0.105,1.0,0.0,0.0,1.0
2.5,-2.5534015478723258,-2.472641156999856,0.105,0.0,0.0,0.105,1.0,0.0,0.0,1.0
2.5020000000000024,-3.0941292218776937,0.5507815881581682,0.105,0.0,0.0,0.105,1.0,0.0,0.0,1.0
2.5,-3.37457869768683,2.211187038662249,0.105,0.0,0.0,0.105,1.0,0.0,0.0,1.0
2.3999999999999986,-1.075106661764309,0.6218931977533291,0.105,0.0,0.0,0.105,1.0,0.0,0.0,1.0
2.5999999999999943,-4.987464279589068,-1.597436644397789,0.105,0.0,0.0,0.105,1.0,0.0,0.0,1.0
2.5,-1.655819520693613,-1.0865293666891522,0.105,0.0,0.0,0.105,1.0,0.0,0.0,1.0
2.5,-3.873877609280001,-0.9707595879516153,0.105,0.0,0.0,0.105,1.0,0.0,0.0,1.0
2.5009999999999977,-0.7256632477853207,1.508049446419944,0.105,0.0,0.0,0.105,1.0,0.0,0.0,1.0
2.4009999999999962,-2.5970920377469304,-0.5247876878236973,0.105,0.0,0.0,0.105,1.0,0.0,0.0,1.0
2.5999999999999943,-1.7832348712244361,-1.656717210070118,0.105,0.0,0.0,0.105,1.0,0.0,0.0,1.0
2.5009999999999977,-1.8148453120828647,0.5840143412130023,0.105,0.0,0.0,0.105,1.0,0.0,0.0,1.0
2.5,-3.553885500553383,1.2358129829711775,0.105,0.0,0.0,0.105,1.0,0.0,0.0,1.0
2.4009999999999962,-2.6312069889196477,0.0019375468743528961,0.105,0.0,0.0,0.105,1.0,0.0,0.0,1.0
2.5999999999999943,-0.2348349439560109,1.5699327277381803,0.105,0.0,0.0,0.105,1.0,0.0,0.0,1.0
2.700000000000003,-3.206937535844353,-1.46822683939429,0.105,0.0,0.0,0.105,1.0,0.0,0.0,1.0
2.6000000000000014,-0.49405222515724656,0.31141440949682747,0.105,0.0,0.0,0.105,1.0,0.0,0.0,1.0
2.5,-1.2544620102656838,0.7095318030711902,0.105,0.0,0.0,0.105,1.0,0.0,0.0,1.0
2.5,-1.1370947762624646,2.327607368316693,0.105,0.0,0.0,0.105,1.0,0.0,0.0,1.0
2.7010000000000005,-1.1241694917702612,-2.069218417978309,0.105,0.0,0.0,0.105,1.0,0.0,0.0,1.0
2.5,-4.5378907284904,1.2922811914974042,0.105,0.0,0.0,0.105,1.0,0.0,0.0,1.0
2.6000000000000014,-4.794943372830983,-0.0697508350054339,0.105,0.0,0.0,0.105,1.0,0.0,0.0,1.0
2.3999999999999986,-2.41131315851491,-0.41127631455862174,0.105,0.0,0.0,0.105,1.0,0.0,0.0,1.0
2.6000000000000014,-3.042750571654665,0.41949622119555013,0.105,0.0,0.0,0.105,1.0,0.0,0.0,1.0
2.6000000000000014,-4.125691047024962,-0.08437372829451162,0.105,0.0,0.0,0.105,1.0,0.0,0.0,1.0
2.5999999999999943,-2.4302476782546147,-0.8731239482716144,0.105,0.0,0.0,0.105,1.0,0.0,0.0,1.0
2.299999999999997,-2.062099009826603,0.3640369863003999,0.105,0.0,0.0,0.105,1.0,0.0,0.0,1.0
2.600999999999999,-3.993885902339211,2.382710892970972,0.105,0.0,0.0,0.105,1.0,0.0,0.0,1.0
2.4000000000000057,-4.7455997535128605,1.4130927443598826,0.105,0.0,0.0,0.105,1.0,0.0,0.0,1.0
2.5,-3.6999864639567623,0.6369901678609974,0.105,0.0,0.0,0.105,1.0,0.0,0.0,1.0
2.5,-1.5490095544798703,0.7148285770035844,0.105,0.0,0.0,0.105,1.0,0.0,0.0,1.0
2.5999999999999943,-2.8399043578905645,1.5818082866864476,0.105,0.0,0.0,0.105,1.0,0.0,0.0,1.0
2.6000000000000014,-1.9423144013944658,0.7997442650164366,0.105,0.0,0.0,0.105,1.0,0.0,0.0,1.0
2.3999999999999986,-0.9141960542017398,1.7617677010441428,0.105,0.0,0.0,0.105,1.0,0.0,0.0,1.0
2.600999999999999,-1.3688489866591143,-0.73786921821037,0.105,0.0,0.0,0.105,1.0,0.0,0.0,1.0
2.5,-0.011197267613308005,1.1828212213374445,0.105,0.0,0.0,0.105,1.0,0.0,0.0,1.0
2.5999999999999943,-3.92333330449103,-2.0804403523561747,0.105,0.0,0.0,0.105,1.0,0.0,0.0,1.0
2.5999999999999943,-2.913714496188684,1.2600284121419583,0.105,0.0,0.0,0.105,1.0,0.0,0.0,1.0
2.5999999999999943,-0.12031957100321271,2.0778813829974,0.105,0.0,0.0,0.105,1.0,0.0,0.0,1.0
2.5,-2.0483324702737082,2.215310366088366,0.105,0.0,0.0,0.105,1.0,0.0,0.0,1.0
2.5999999999999943,-0.3434018419588534,0.9719024132045563,0.105,0.0,0.0,0.105,1.0,0.0,0.0,1.0
2.3999999999999986,-2.5916001492611933,-2.417152587689764,0.105,0.0,0.0,0.105,1.0,0.0,0.0,1.0
2.402000000000001,-0.24030215668737337,0.44087867048276536,0.105,0.0,0.0,0.105,1.0,0.0,0.0,1.0
2.3999999999999986,-3.2093730665313407,-1.640235580353707,0.105,0.0,0.0,0.105,1.0,0.0,0.0,1.0
2.5,-1.3449515349630963,-0.5848305601650191,0.105,0.0,0.0,0.105,1.0,0.0,0.0,1.0
2.5,-3.628771321961355,-2.3228469913346768,0.105,0.0,0.0,0.105,1.0,0.0,0.0,1.0
2.5009999999999977,-3.476667896345141,0.8319645689136409,0.105,0.0,0.0,0.105,1.0,0.0,0.0,1.0
2.600999999999999,-3.0018092074771556,-2.1298365701106987,0.105,0.0,0.0,0.105,1.0,0.0,0.0,1.0
2.5,-2.832032692902643,2.0445047028854746,0.105,0.0,0.0,0.105,1.0,0.0,0.0,1.0
2.299999999999997,-3.15038392385497,1.64376364025494,0.105,0.0,0.0,0.105,1.0,0.0,0.0,1.0
2.5009999999999977,-0.35180863624526876,-0.7660100073650008,0.105,0.0,0.0,0.105,1.0,0.0,0.0,1.0
2.5,-1.503862534475965,-0.9828131247309924,0.105,0.0,0.0,0.105,1.0,0.0,0.0,1.0
2.503999999999998,-4.312674251260882,1.5986017584951968,0.105,0.0,0.0,0.105,1.0,0.0,0.0,1.0
2.5,-0.5752673985960034,-1.1960083728251703,0.105,0.0,0.0,0.105,1.0,0.0,0.0,1.0
2.5,-0.9467915246087771,-1.0066233082161218,0.105,0.0,0.0,0.105,1.0,0.0,0.0,1.0
2.5999999999999943,-4.636185529480493,-1.8148718000613302,0.105,0.0,0.0,0.105,1.0,0.0,0.0,1.0
2.200000000000003,-3.328860850524025,0.3217236476121232,0.105,0.0,0.0,0.105,1.0,0.0,0.0,1.0
2.6999999999999957,-0.6431605278906105,-2.0772799220996996,0.105,0.0,0.0,0.105,1.0,0.0,0.0,1.0
2.5999999999999943,-1.7493481794699357,-1.053966059154233,0.105,0.0,0.0,0.105,1.0,0.0,0.0,1.0
2.600999999999999,-3.388353616275464,-2.3874490539181568,0.105,0.0,0.0,0.105,1.0,0.0,0.0,1.0
2.5009999999999977,-0.3729113626018453,-1.7599671891338824,0.105,0.0,0.0,0.105,1.0,0.0,0.0,1.0
2.503,-3.5085694780205814,-2.388847701367411,0.105,0.0,0.0,0.105,1.0,0.0,0.0,1.0
2.3999999999999986,-1.372571612919968,-1.017874312650233,0.105,0.0,0.0,0.105,1.0,0.0,0.0,1.0
2.700000000000003,-0.5076949221886562,-0.04338370763382634,0.105,0.0,0.0,0.105,1.0,0.0,0.0,1.0
2.6000000000000014,-1.4005139962275475,1.5275981298526593,0.105,0.0,0.0,0.105,1.0,0.0,0.0,1.0
2.3020000000000067,-2.4653398806767037,-0.10415092869795076,0.105,0.0,0.0,0.105,1.0,0.0,0.0,1.0
2.5,-2.7472056932071243,-2.242323335121311,0.105,0.0,0.0,0.105,1.0,0.0,0.0,1.0
2.5999999999999943,-3.438394433162534,-1.388972120211516,0.105,0.0,0.0,0.105,1.0,0.0,0.0,1.0
2.3999999999999986,-3.412853181398244,-0.618186226118441,0.105,0.0,0.0,0.105,1.0,0.0,0.0,1.0
2.5,-0.9224800657999748,0.05739289898746629,0.105,0.0,0.0,0.105,1.0,0.0,0.0,1.0
2.5999999999999943,-1.472114222613986,-2.2646683485498307,0.105,0.0,0.0,0.105,1.0,0.0,0.0,1.0
2.5999999999999943,-0.8936875677504549,2.1284222071896033,0.105,0.0,0.0,0.105,1.0,0.0,0.0,1.0
2.3019999999999996,-4.09270212665698,-1.247556277712974,0.105,0.0,0.0,0.105,1.0,0.0,0.0,1.0
2.5999999999999943,-1.0349934049491283,0.5827445034642348,0.105,0.0,0.0,0.105,1.0,0.0,0.0,1.0
2.5,-4.72199343249893,1.9973707957946283,0.105,0.0,0.0,0.105,1.0,0.0,0.0,1.0
2.603999999999999,-4.888280473059342,-0.3594990826735871,0.105,0.0,0.0,0.105,1.0,0.0,0.0,1.0
2.5009999999999977,-2.2522383425254446,-1.3810536770766506,0.105,0.0,0.0,0.105,1.0,0.0,0.0,1.0
2.5,-0.41980303300972954,1.3351422113547426,0.105,0.0,0.0,0.105,1.0,0.0,0.0,1.0
2.6000000000000014,-1.2554685947801314,-1.6446504593960538,0.105,0.0,0.0,0.105,1.0,0.0,0.0,1.0
2.6000000000000014,-2.1049070289966787,1.1033173918811539,0.105,0.0,0.0,0.105,1.0,0.0,0.0,1.0
2.6999999999999957,-4.636532484635137,1.5652988989128427,0.105,0.0,0.0,0.105,1.0,0.0,0.0,1.0
2.5009999999999977,-0.5340321089566177,1.8714293191820737,0.105,0.0,0.0,0.105,1.0,0.0,0.0,1.0
2.3000000000000043,-4.58631164179187,-1.6354454391261295,0.105,0.0,0.0,0.105,1.0,0.0,0.0,1.0
2.6000000000000014,-2.7292085070548127,-2.21229538023736,0.105,0.0,0.0,0.105,1.0,0.0,0.0,1.0
2.299999999999997,-0.08405200647886679,1.3283704791684627,0.105,0.0,0.0,0.105,1.0,0.0,0.0,1.0
2.5,-2.913720491696209,1.4755589831889637,0.105,0.0,0.0,0.105,1.0,0.0,0.0,1.0
2.5999999999999943,-4.503763854016944,-0.044047678975639354,0.105,0.0,0.0,0.105,1.0,0.0,0.0,1.0
2.5,-2.2981383669358704,-1.3745691760789727,0.105,0.0,0.0,0.105,1.0,0.0,0.0,1.0
2.5999999999999943,-2.485951684939407,-1.7527541996764457,0.105,0.0,0.0,0.105,1.0,0.0,0.0,1.0
2.4010000000000034,-2.612117313746841,-1.1245850079383415,0.105,0.0,0.0,0.105,1.0,0.0,0.0,1.0
2.5009999999999977,-4.560632974341316,1.4300906628019001,0.105,0.0,0.0,0.105,1.0,0.0,0.0,1.0
2.3999999999999986,-3.6730575546405793,-0.10758768162169538,0.105,0.0,0.0,0.105,1.0,0.0,0.0,1.0
2.5,-1.7676617835773,0.8718460929836551,0.105,0.0,0.0,0.105,1.0,0.0,0.0,1.0
2.7010000000000005,-3.082385379903725,2.2847711189516198,0.105,0.0,0.0,0.105,1.0,0.0,0.0,1.0
2.6000000000000014,-2.3601114828495966,0.34339370099049615,0.105,0.0,0.0,0.105,1.0,0.0,0.0,1.0
2.5,-0.6476281091089913,1.4472507407539044,0.105,0.0,0.0,0.105,1.0,0.0,0.0,1.0
2.5,-4.122027730705564,1.3448003067642895,0.105,0.0,0.0,0.105,1.0,0.0,0.0,1.0
2.5,-2.4610264190221924,0.6803200456372179,0.105,0.0,0.0,0.105,1.0,0.0,0.0,1.0
2.6000000000000014,-2.4448747821802925,-2.25854112451457,0.105,0.0,0.0,0.105,1.0,0.0,0.0,1.0
2.4000000000000057,-3.055670846712873,0.9081836772999969,0.105,0.0,0.0,0.105,1.0,0.0,0.0,1.0
2.600999999999999,-0.3015274524477563,-0.48037922193157107,0.105,0.0,0.0,0.105,1.0,0.0,0.0,1.0
2.5019999999999953,-3.0252041941971863,1.531191505553288,0.105,0.0,0.0,0.105,1.0,0.0,0.0,1.0
2.5,-0.8739419247227697,1.1244764846304565,0.105,0.0,0.0,0.105,1.0,0.0,0.0,1.0
2.6000000000000014,-0.6351916889555075,2.4463570265665866,0.105,0.0,0.0,0.105,1.0,0.0,0.0,1.0
2.5,-1.7781071272454263,1.8484572666375594,0.105,0.0,0.0,0.105,1.0,0.0,0.0,1.0
2.5999999999999943,-0.7212201540225224,-1.4976216709492451,0.105,0.0,0.0,0.105,1.0,0.0,0.0,1.0
2.3999999999999986,-0.3445025774978844,-0.7582059066866212,0.105,0.0,0.0,0.105,1.0,0.0,0.0,1.0
2.6000000000000014,-4.990241330974636,0.4931952601399975,0.105,0.0,0.0,0.105,1.0,0.0,0.0,1.0
2.299999999999997,-3.472450299126687,1.7232174428784675,0.105,0.0,0.0,0.105,1.0,0.0,0.0,1.0
2.6000000000000014,-0.020033136215115016,-1.4817604798544945,0.105,0.0,0.0,0.105,1.0,0.0,0.0,1.0
2.4000000000000057,-2.50061028773697,0.04397144322274935,0.105,0.0,0.0,0.105,1.0,0.0,0.0,1.0
2.3999999999999986,-2.129127994478117,0.21962693697286076,0.105,0.0,0.0,0.105,1.0,0.0,0.0,1.0
2.5,-2.1381911498298654,-2.1717174135673045,0.105,0.0,0.0,0.105,1.0,0.0,0.0,1.0
2.3999999999999986,-2.940690640139925,-0.8127733674644839,0.105,0.0,0.0,0.105,1.0,0.0,0.0,1.0
2.700000000000003,-2.3793289020264603,0.14349936696764656,0.105,0.0,0.0,0.105,1.0,0.0,0.0,1.0
2.4110000000000014,-0.8736540155844267,-2.021554691159925,0.105,0.0,0.0,0.105,1.0,0.0,0.0,1.0
2.6000000000000014,-0.8086079110750829,1.1198075901785443,0.105,0.0,0.0,0.105,1.0,0.0,0.0,1.0
2.6019999999999968,-2.2435044437823004,2.397507869040772,0.105,0.0,0.0,0.105,1.0,0.0,0.0,1.0
2.5,-1.0483322382992297,-2.1953734568073484,0.105,0.0,0.0,0.105,1.0,0.0,0.0,1.0
2.5010000000000048,-4.80707522240634,-0.8514651231619738,0.105,0.0,0.0,0.105,1.0,0.0,0.0,1.0
2.5,-2.3996827992757246,1.2656802827934184,0.105,0.0,0.0,0.105,1.0,0.0,0.0,1.0
2.3999999999999986,-2.0403206832962915,-0.49327490364284293,0.105,0.0,0.0,0.105,1.0,0.0,0.0,1.0
2.6000000000000014,-4.701069024869096,0.8907537893088125,0.105,0.0,0.0,0.105,1.0,0.0,0.0,1.0
2.5,-0.26278281959591715,-1.9791763924105492,0.105,0.0,0.0,0.105,1.0,0.0,0.0,1.0
2.3999999999999986,-3.4013018187328,1.0468909252988394,0.105,0.0,0.0,0.105,1.0,0.0,0.0,1.0
2.5,-1.1067383996650795,2.207108863836455,0.105,0.0,0.0,0.105,1.0,0.0,0.0,1.0
2.4009999999999962,-1.4575063824397791,0.18359281536796485,0.105,0.0,0.0,0.105,1.0,0.0,0.0,1.0
2.5999999999999943,-2.119638732302167,2.172519553727291,0.105,0.0,0.0,0.105,1.0,0.0,0.0,1.0
2.600999999999999,-3.300978107210736,0.9512204917645162,0.105,0.0,0.0,0.105,1.0,0.0,0.0,1.0
2.3999999999999986,-2.2030586543286224,-1.5243959567613299,0.105,0.0,0.0,0.105,1.0,0.0,0.0,1.0
2.3999999999999986,-0.7297964068871823,-1.5932176174259356,0.105,0.0,0.0,0.105,1.0,0.0,0.0,1.0
2.5009999999999977,-4.931699360058557,0.6376051756268251,0.105,0.0,0.0,0.105,1.0,0.0,0.0,1.0
2.700000000000003,-4.3031960536682075,-0.5450532515655137,0.105,0.0,0.0,0.105,1.0,0.0,0.0,1.0
2.5,-1.3841974039047518,-0.9149862610305864,0.105,0.0,0.0,0.105,1.0,0.0,0.0,1.0
2.5,-1.7285695687416756,-0.22240459988946484,0.105,0.0,0.0,0.105,1.0,0.0,0.0,1.0
2.3019999999999996,-2.071983646270025,-1.9317678680996544,0.105,0.0,0.0,0.105,1.0,0.0,0.0,1.0
2.6999999999999957,-2.538073582278337,1.809557904591474,0.105,0.0,0.0,0.105,1.0,0.0,0.0,1.0
2.5,-3.8852510303247003,2.2708882551586207,0.105,0.0,0.0,0.105,1.0,0.0,0.0,1.0
2.6000000000000014,-1.5431543747159995,2.4328415309553595,0.105,0.0,0.0,0.105,1.0,0.0,0.0,1.0
2.5999999999999943,-3.5419922194960005,-2.3860633870672867,0.105,0.0,0.0,0.105,1.0,0.0,0.0,1.0
2.5,-0.3355040045196975,-1.812646422742776,0.105,0.0,0.0,0.105,1.0,0.0,0.0,1.0
2.5010000000000048,-4.054374814280959,1.2042687227430144,0.105,0.0,0.0,0.105,1.0,0.0,0.0,1.0
2.5999999999999943,-1.099389160167243,1.4823435321228398,0.105,0.0,0.0,0.105,1.0,0.0,0.0,1.0
2.3999999999999986,-1.225429177096508,-0.09012864980582778,0.105,0.0,0.0,0.105,1.0,0.0,0.0,1.0
2.600999999999999,-1.2540551651849414,-1.0870921841266068,0.105,0.0,0.0,0.105,1.0,0.0,0.0,1.0
2.6000000000000014,-1.316537943684532,-0.509013202058531,0.105,0.0,0.0,0.105,1.0,0.0,0.0,1.0
2.5,-4.557693509931474,-0.5952899733601028,0.105,0.0,0.0,0.105,1.0,0.0,0.0,1.0
2.602000000000004,-3.1227164717804445,-2.3207894662830557,0.105,0.0,0.0,0.105,1.0,0.0,0.0,1.0
2.3999999999999986,-1.8363253088550024,-2.218648413126615,0.105,0.0,0.0,0.105,1.0,0.0,0.0,1.0
2.6000000000000014,-2.6830790952699357,1.2581518596425119,0.105,0.0,0.0,0.105,1.0,0.0,0.0,1.0
2.600999999999999,-1.4184398942792527,0.7911125236756228,0.105,0.0,0.0,0.105,1.0,0.0,0.0,1.0
2.5999999999999943,-3.4556209517056673,1.035736375022733,0.105,0.0,0.0,0.105,1.0,0.0,0.0,1.0
2.6019999999999968,-3.618393061545294,-0.28851532517682416,0.105,0.0,0.0,0.105,1.0,0.0,0.0,1.0
2.5,-2.1362320108148265,2.304383796153339,0.105,0.0,0.0,0.105,1.0,0.0,0.0,1.0
2.3000000000000043,-2.1763236738022114,-2.451669072171388,0.105,0.0,0.0,0.105,1.0,0.0,0.0,1.0
2.5999999999999943,-4.938629103013224,-1.8972564392632743,0.105,0.0,0.0,0.105,1.0,0.0,0.0,1.0
2.602000000000004,-0.3404195928224822,-0.1419220391016229,0.105,0.0,0.0,0.105,1.0,0.0,0.0,1.0
2.5060000000000002,-2.423724293715976,-2.337873262377995,0.105,0.0,0.0,0.105,1.0,0.0,0.0,1.0
2.5,-2.941721548746526,-0.048073810412068554,0.105,0.0,0.0,0.105,1.0,0.0,0.0,1.0
2.5010000000000048,-3.6823979684643016,0.6830537310595134,0.105,0.0,0.0,0.105,1.0,0.0,0.0,1.0
2.2010000000000005,-1.977208306492015,1.5082709405424528,0.105,0.0,0.0,0.105,1.0,0.0,0.0,1.0
2.6000000000000014,-3.7492989409483672,-0.959064635273807,0.105,0.0,0.0,0.105,1.0,0.0,0.0,1.0
2.506999999999998,-0.8228899389488006,-0.31256369426931535,0.105,0.0,0.0,0.105,1.0,0.0,0.0,1.0
2.6029999999999944,-3.807289163015755,-0.6675225157418753,0.105,0.0,0.0,0.105,1.0,0.0,0.0,1.0
2.6999999999999957,-2.507225176903328,1.5412224745018486,0.105,0.0,0.0,0.105,1.0,0.0,0.0,1.0
2.6000000000000014,-2.4872012486893516,1.3014492900726,0.105,0.0,0.0,0.105,1.0,0.0,0.0,1.0
2.4009999999999962,-1.2806763856887926,-0.00831900959334851,0.105,0.0,0.0,0.105,1.0,0.0,0.0,1.0
2.5009999999999977,-2.0632905079334583,0.40122349080949715,0.105,0.0,0.0,0.105,1.0,0.0,0.0,1.0
2.5999999999999943,-4.128023243224557,0.8669763530583271,0.105,0.0,0.0,0.105,1.0,0.0,0.0,1.0
2.602000000000004,-3.9393290017997926,0.1543703260455342,0.105,0.0,0.0,0.105,1.0,0.0,0.0,1.0
2.600999999999999,-4.509635531467285,1.4426609643603898,0.105,0.0,0.0,0.105,1.0,0.0,0.0,1.0
2.5,-3.446304763881186,0.013781590314590905,0.105,0.0,0.0,0.105,1.0,0.0,0.0,1.0
2.5,-3.5217710587212196,-0.18322074616252823,0.105,0.0,0.0,0.105,1.0,0.0,0.0,1.0
2.5,-0.6108194877420381,0.49184190360996044,0.105,0.0,0.0,0.105,1.0,0.0,0.0,1.0
2.5,-0.12562504052359685,1.500449588820678,0.105,0.0,0.0,0.105,1.0,0.0,0.0,1.0
2.5019999999999953,-2.716379014637649,0.78853592956604,0.105,0.0,0.0,0.105,1.0,0.0,0.0,1.0
2.6060000000000016,-0.27042548614299444,-0.3393867518355794,0.105,0.0,0.0,0.105,1.0,0.0,0.0,1.0
2.5999999999999943,-0.20384548254614582,1.8639676275770911,0.105,0.0,0.0,0.105,1.0,0.0,0.0,1.0
2.6000000000000014,-2.5969489199769877,0.880616654867521,0.105,0.0,0.0,0.105,1.0,0.0,0.0,1.0
2.6999999999999957,-2.912400818386522,0.9618635244347952,0.105,0.0,0.0,0.105,1.0,0.0,0.0,1.0
2.3999999999999986,-4.937475412567811,0.597458767203026,0.105,0.0,0.0,0.105,1.0,0.0,0.0,1.0
2.6000000000000014,-1.6269552668272644,-0.04691895895700481,0.105,0.0,0.0,0.105,1.0,0.0,0.0,1.0
2.5999999999999943,-2.57917237285022,1.7469246528748474,0.105,0.0,0.0,0.105,1.0,0.0,0.0,1.0
2.513999999999996,-3.3759110490176765,1.8382704834626866,0.105,0.0,0.0,0.105,1.0,0.0,0.0,1.0
2.3999999999999986,-2.7196794891288425,-1.5315196687502162,0.105,0.0,0.0,0.105,1.0,0.0,0.0,1.0
2.6129999999999995,-0.7186007729648017,2.327466594666724,0.105,0.0,0.0,0.105,1.0,0.0,0.0,1.0
2.6000000000000014,-3.4252103802444736,-1.3278478124348276,0.105,0.0,0.0,0.105,1.0,0.0,0.0,1.0
2.3999999999999986,-1.094937922598564,-1.1758262741667187,0.105,0.0,0.0,0.105,1.0,0.0,0.0,1.0
2.6000000000000014,-3.8541595205609873,-0.8238296338175638,0.105,0.0,0.0,0.105,1.0,0.0,0.0,1.0
2.5,-2.1179004691862913,1.0060589602993169,0.105,0.0,0.0,0.105,1.0,0.0,0.0,1.0
2.6000000000000014,-2.3725885490839596,0.7624012307204376,0.105,0.0,0.0,0.105,1.0,0.0,0.0,1.0
2.3999999999999986,-2.9026587164146465,2.4238270884090527,0.105,0.0,0.0,0.105,1.0,0.0,0.0,1.0
2.6000000000000014,-4.225178192002237,0.06354587850682171,0.105,0.0,0.0,0.105,1.0,0.0,0.0,1.0
2.5999999999999943,-0.17487910216740146,-2.396416171804128,0.105,0.0,0.0,0.105,1.0,0.0,0.0,1.0
2.3999999999999986,-2.086655133012141,2.3463915116998395,0.105,0.0,0.0,0.105,1.0,0.0,0.0,1.0
2.3999999999999986,-3.9068894953381923,-1.7625682847909407,0.105,0.0,0.0,0.105,1.0,0.0,0.0,1.0
2.5999999999999943,-4.4881852573059255,-0.9376119311562043,0.105,0.0,0.0,0.105,1.0,0.0,0.0,1.0
2.5999999999999943,-3.640921151880697,-0.2243095556972997,0.105,0.0,0.0,0.105,1.0,0.0,0.0,1.0
2.3999999999999986,-0.7825902027601671,2.4234808112721584,0.105,0.0,0.0,0.105,1.0,0.0,0.0,1.0
2.5010000000000048,-4.5874721018332085,-1.9575894275487822,0.105,0.0,0.0,0.105,1.0,0.0,0.0,1.0
2.8000000000000043,-3.4881889983891203,-1.3159558135680467,0.105,0.0,0.0,0.105,1.0,0.0,0.0,1.0
2.5999999999999943,-3.475929602163821,-0.5690091838179713,0.105,0.0,0.0,0.105,1.0,0.0,0.0,1.0
2.5999999999999943,-3.827289470952093,-2.0599179823316978,0.105,0.0,0.0,0.105,1.0,0.0,0.0,1.0
2.3999999999999986,-3.970658968261021,-2.0434793102004956,0.105,0.0,0.0,0.105,1.0,0.0,0.0,1.0
2.6000000000000014,-2.2336645444042498,0.12572289212710078,0.105,0.0,0.0,0.105,1.0,0.0,0.0,1.0
2.3999999999999986,-4.066089168930666,1.5151834814243827,0.105,0.0,0.0,0.105,1.0,0.0,0.0,1.0
2.3999999999999986,-1.2318118024186602,2.466749179509515,0.105,0.0,0.0,0.105,1.0,0.0,0.0,1.0
2.5050000000000026,-4.5598313134625075,0.27742201443675873,0.105,0.0,0.0,0.105,1.0,0.0,0.0,1.0
2.5,-2.56151261851721,-0.44760801595006855,0.105,0.0,0.0,0.105,1.0,0.0,0.0,1.0
2.4010000000000034,-2.8406375563829913,1.3597501056920536,0.105,0.0,0.0,0.105,1.0,0.0,0.0,1.0
2.5,-2.06264091371522,0.4624390875975825,0.105,0.0,0.0,0.105,1.0,0.0,0.0,1.0
2.5,-4.689010783788626,-1.025293420777348,0.105,0.0,0.0,0.105,1.0,0.0,0.0,1.0
2.5,-4.823224297341197,1.3560182528638047,0.105,0.0,0.0,0.105,1.0,0.0,0.0,1.0
2.7010000000000005,-1.7179819309555058,2.497206240559445,0.105,0.0,0.0,0.105,1.0,0.0,0.0,1.0
2.600999999999999,-0.3605737345889297,0.6605907533789436,0.105,0.0,0.0,0.105,1.0,0.0,0.0,1.0
2.5999999999999943,-2.7549312686112786,0.0644690323729433,0.105,0.0,0.0,0.105,1.0,0.0,0.0,1.0
2.5,-2.7843392307975585,-1.8703413758787668,0.105,0.0,0.0,0.105,1.0,0.0,0.0,1.0
2.3999999999999986,-4.555711401151105,-0.07157775705144379,0.105,0.0,0.0,0.105,1.0,0.0,0.0,1.0
2.5,-0.5395238829833604,1.403341646764798,0.105,0.0,0.0,0.105,1.0,0.0,0.0,1.0
2.5999999999999943,-4.285776112218623,-1.2149982475568484,0.105,0.0,0.0,0.105,1.0,0.0,0.0,1.0
2.5,-4.082976901968735,-0.8060223467271281,0.105,0.0,0.0,0.105,1.0,0.0,0.0,1.0
2.402000000000001,-1.4274289355572556,-1.955904517377011,0.105,0.0,0.0,0.105,1.0,0.0,0.0,1.0
2.5,-1.3169074610006146,0.7453541310460651,0.105,0.0,0.0,0.105,1.0,0.0,0.0,1.0
2.5,-1.1092487959580606,1.1737845123534667,0.105,0.0,0.0,0.105,1.0,0.0,0.0,1.0
