2.6000000000000014,-1.8838643911008315,-0.917128895649741,0.105,0.0,0.0,0.105,1.0,0.0,0.0,1.0
2.6000000000000014,-4.496697279654025,0.14795077844617383,0.105,0.0,0.0,0.105,1.0,0.0,0.0,1.0
2.5,-3.1409635235089555,-1.7625578202426535,0.105,0.0,0.0,0.105,1.0,0.0,0.0,1.0
2.4000000000000057,-3.479941536247337,-2.3692165570094548,0.105,0.0,0.0,0.105,1.0,0.0,0.0,1.0
2.4000000000000057,-3.030476023505629,-1.54815186860644,0.105,0.0,0.0,0.105,1.0,0.0,0.0,1.0
2.6000000000000014,-3.5349878493593283,-1.9044706401156777,0.105,0.0,0.0,0.105,1.0,0.0,0.0,1.0
2.5,-2.9714439995071675,0.8856470124176771,0.105,0.0,0.0,0.105,1.0,0.0,0.0,1.0
2.4010000000000034,-0.6252263875667174,-2.1785467189165715,0.105,0.0,0.0,0.105,1.0,0.0,0.0,1.0
2.1999999999999957,-4.936480914766408,-1.4520181427118213,0.105,0.0,0.0,0.105,1.0,0.0,0.0,1.0
2.5,-2.4087645057715945,0.11154714222321833,0.105,0.0,0.0,0.105,1.0,0.0,0.0,1.0
2.5,-3.516535073109773,-1.7756826971199018,0.105,0.0,0.0,0.105,1.0,0.0,0.0,1.0
2.4010000000000034,-4.49458451306775,-1.4941721701631858,0.105,0.0,0.0,0.105,1.0,0.0,0.0,1.0
2.5999999999999943,-0.8765412842710569,1.09094557398273,0.105,0.0,0.0,0.105,1.0,0.0,0.0,1.0
2.5,-3.1102876188251734,2.0871001813268224,0.105,0.0,0.0,0.105,1.0,0.0,0.0,1.0
2.5999999999999943,-4.855918948305071,-0.9812152159953166,0.105,0.0,0.0,0.105,1.0,0.0,0.0,1.0
2.3999999999999986,-0.3563004576716436,-2.247638379134598,0.105,0.0,0.0,0.105,1.0,0.0,0.0,1.0
2.5999999999999943,-1.4635968632157377,1.7140801379222064,0.105,0.0,0.0,0.105,1.0,0.0,0.0,1.0
2.5,-0.28233441442735774,1.2173352072579298,0.105,0.0,0.0,0.105,1.0,0.0,0.0,1.0
2.5,-4.421241779153102,-1.8124856660467916,0.105,0.0,0.0,0.105,1.0,0.0,0.0,1.0
2.5,-3.7651298022888957,1.7919426844997817,0.105,0.0,0.0,0.105,1.0,0.0,0.0,1.0
2.3000000000000043,-1.7267022831023344,0.8609544862725262,0.105,0.0,0.0,0.105,1.0,0.0,0.0,1.0
2.3999999999999986,-2.6724478236105957,1.5625336736799125,0.105,0.0,0.0,0.105,1.0,0.0,0.0,1.0
2.4000000000000057,-0.04302846776928092,-0.9651450364157645,0.105,0.0,0.0,0.105,1.0,0.0,0.0,1.0
2.5,-4.4564714531658165,-0.32204877585652436,0.105,0.0,0.0,0.105,1.0,0.0,0.0,1.0
2.5,-2.3595646069929366,0.6649469409301998,0.105,0.0,0.0,0.105,1.0,0.0,0.0,1.0
2.5,-4.267042520203692,1.3528548319161215,0.105,0.0,0.0,0.105,1.0,0.0,0.0,1.0
2.799999999999997,-3.9217409692802665,-0.347434786615262,0.105,0.0,0.0,0.105,1.0,0.0,0.0,1.0
2.5,-0.6396221133389123,1.0793188015646618,0.105,0.0,0.0,0.105,1.0,0.0,0.0,1.0
2.5009999999999977,-1.4560179513924478,0.2852908088433831,0.105,0.0,0.0,0.105,1.0,0.0,0.0,1.0
2.5,-3.5262921221325993,-0.694310302684981,0.105,0.0,0.0,0.105,1.0,0.0,0.0,1.0
2.5999999999999943,-2.4026908051629206,2.2927240926861567,0.105,0.0,0.0,0.105,1.0,0.0,0.0,1.0
2.6000000000000014,-4.33049598343624,-0.8161661682886431,0.105,0.0,0.0,0.105,1.0,0.0,0.0,1.0
2.7010000000000005,-2.272970477144668,1.362178286757437,0.105,0.0,0.0,0.105,1.0,0.0,0.0,1.0
2.299999999999997,-3.0791711496812875,-0.7460714469342352,0.105,0.0,0.0,0.105,1.0,0.0,0.0,1.0
2.5999999999999943,-0.3081933731014865,0.030927403256699217,0.105,0.0,0.0,0.105,1.0,0.0,0.0,1.0
2.5009999999999977,-2.9761470306112816,-0.8196519458595602,0.105,0.0,0.0,0.105,1.0,0.0,0.0,1.0
2.3999999999999986,-4.025201229100306,0.8132383325146607,0.105,0.0,0.0,0.105,1.0,0.0,0.0,1.0
2.299999999999997,-4.354546274787799,-0.9740373394855023,0.105,0.0,0.0,0.105,1.0,0.0,0.0,1.0
2.5,-4.766948768976017,0.16227827822792,0.105,0.0,0.0,0.105,1.0,0.0,0.0,1.0
2.5999999999999943,-1.2848830286171111,-2.1945725649586336,0.105,0.0,0.0,0.105,1.0,0.0,0.0,1.0
2.5009999999999977,-3.1071156296557914,0.5527167119276795,0.105,0.0,0.0,0.105,1.0,0.0,0.0,1.0
2.5,-4.121425443567073,-1.2971470937730847,0.105,0.0,0.0,0.105,1.0,0.0,0.0,1.0
2.301000000000002,-1.6119095583445564,0.802117619462216,0.105,0.0,0.0,0.105,1.0,0.0,0.0,1.0
2.3000000000000043,-4.449963973950748,-0.6574820178549018,0.105,0.0,0.0,0.105,1.0,0.0,0.0,1.0
2.3999999999999986,-2.128539219604824,-1.2252013792351595,0.105,0.0,0.0,0.105,1.0,0.0,0.0,1.0
2.6000000000000014,-1.4043701426180395,0.8548784017303527,0.105,0.0,0.0,0.105,1.0,0.0,0.0,1.0
2.602000000000004,-1.5339778087627496,-0.5122464674258072,0.105,0.0,0.0,0.105,1.0,0.0,0.0,1.0
2.700000000000003,-1.407059506997544,-2.487689501507299,0.105,0.0,0.0,0.105,1.0,0.0,0.0,1.0
2.5,-3.428208609780312,-0.3246564891414609,0.105,0.0,0.0,0.105,1.0,0.0,0.0,1.0
2.700000000000003,-2.6548466137598843,0.020747677599266347,0.105,0.0,0.0,0.105,1.0,0.0,0.0,1.0
2.5,-3.8956142417695734,-0.18020697007421715,0.105,0.0,0.0,0.105,1.0,0.0,0.0,1.0
2.5,-2.6958805905593466,-1.5900323319242526,0.105,0.0,0.0,0.105,1.0,0.0,0.0,1.0
2.5999999999999943,-0.08955200444076304,-0.6079211259159369,0.105,0.0,0.0,0.105,1.0,0.0,0.0,1.0
2.4000000000000057,-1.2743105068948555,0.8159313745308541,0.105,0.0,0.0,0.105,1.0,0.0,0.0,1.0
2.5,-0.520774021465488,-0.5954345384833806,0.105,0.0,0.0,0.105,1.0,0.0,0.0,1.0
2.5,-3.3969690720081434,2.2813918335336876,0.105,0.0,0.0,0.105,1.0,0.0,0.0,1.0
2.5009999999999977,-1.280157131850484,0.38950484785616224,0.105,0.0,0.0,0.105,1.0,0.0,0.0,1.0
2.3999999999999986,-3.3478159032290615,0.17225619316922294,0.105,0.0,0.0,0.105,1.0,0.0,0.0,1.0
2.6999999999999957,-2.012202403052811,2.0728298450212006,0.105,0.0,0.0,0.105,1.0,0.0,0.0,1.0
2.5,-2.176339874392248,2.1615694772603655,0.105,0.0,0.0,0.105,1.0,0.0,0.0,1.0
2.5,-0.7024776316046725,1.1032088306401802,0.105,0.0,0.0,0.105,1.0,0.0,0.0,1.0
2.5,-4.41732521301797,0.9423442789364052,0.105,0.0,0.0,0.105,1.0,0.0,0.0,1.0
2.5,-3.1410787216371503,1.668554666170767,0.105,0.0,0.0,0.105,1.0,0.0,0.0,1.0
2.4009999999999962,-3.7939361063551433,0.9925789830753978,0.105,0.0,0.0,0.105,1.0,0.0,0.0,1.0
2.3999999999999986,-1.3968008511960006,-1.2392383154240254,0.105,0.0,0.0,0.105,1.0,0.0,0.0,1.0
2.6000000000000014,-3.132283298115578,1.3887706881422404,0.105,0.0,0.0,0.105,1.0,0.0,0.0,1.0
2.3999999999999986,-0.9380965670471628,-2.042884269830588,0.105,0.0,0.0,0.105,1.0,0.0,0.0,1.0
2.5,-0.41888903140226275,1.3308752895055942,0.105,0.0,0.0,0.105,1.0,0.0,0.0,1.0
2.6000000000000014,-4.3759849324932505,-1.381127711846913,0.105,0.0,0.0,0.105,1.0,0.0,0.0,1.0
2.299999999999997,-1.088247381140429,0.6760441549940247,0.105,0.0,0.0,0.105,1.0,0.0,0.0,1.0
2.402000000000001,-0.1141888495625685,0.2924434651896262,0.105,0.0,0.0,0.105,1.0,0.0,0.0,1.0
2.3999999999999986,-0.6929515547409126,-0.9852237647586417,0.105,0.0,0.0,0.105,1.0,0.0,0.0,1.0
2.6000000000000014,-2.018880402711475,1.9514425346327462,0.105,0.0,0.0,0.105,1.0,0.0,0.0,1.0
2.3999999999999986,-4.756845223282734,-1.0334413342596387,0.105,0.0,0.0,0.105,1.0,0.0,0.0,1.0
2.6000000000000014,-1.8180964760803082,2.395742265916399,0.105,0.0,0.0,0.105,1.0,0.0,0.0,1.0
2.3999999999999986,-4.424210237897582,-1.1160827333534966,0.105,0.0,0.0,0.105,1.0,0.0,0.0,1.0
2.5999999999999943,-4.871546861710351,1.6902913706973406,0.105,0.0,0.0,0.105,1.0,0.0,0.0,1.0
2.5,-0.8140396995784146,1.8438717040505401,0.105,0.0,0.0,0.105,1.0,0.0,0.0,1.0
2.3999999999999986,-2.5498400617522003,1.8804528835987913,0.105,0.0,0.0,0.105,1.0,0.0,0.0,1.0
2.402000000000001,-3.871906075518047,-1.6788263713613485,0.105,0.0,0.0,0.105,1.0,0.0,0.0,1.0
2.5,-0.31090134734636754,-1.1365075680755858,0.105,0.0,0.0,0.105,1.0,0.0,0.0,1.0
2.5009999999999977,-0.3473285971475734,0.3307480835924099,0.105,0.0,0.0,0.105,1.0,0.0,0.0,1.0
2.5,-0.5736699576335568,-2.277574635129175,0.105,0.0,0.0,0.105,1.0,0.0,0.0,1.0
2.6000000000000014,-4.204850519373773,-1.4354430880977687,0.105,0.0,0.0,0.105,1.0,0.0,0.0,1.0
2.4010000000000034,-0.3391188970447124,1.9812006891563672,0.105,0.0,0.0,0.105,1.0,0.0,0.0,1.0
2.5009999999999977,-4.848178713581666,0.12167951093504087,0.105,0.0,0.0,0.105,1.0,0.0,0.0,1.0
2.4010000000000034,-3.2505927032505992,2.119150113276655,0.105,0.0,0.0,0.105,1.0,0.0,0.0,1.0
2.5,-2.9140510861733966,0.6070665583742102,0.105,0.0,0.0,0.105,1.0,0.0,0.0,1.0
2.600999999999999,-4.1659301992521725,-1.713912690742722,0.105,0.0,0.0,0.105,1.0,0.0,0.0,1.0
2.6000000000000014,-2.8373322569717723,2.3397845667773485,0.105,0.0,0.0,0.105,1.0,0.0,0.0,1.0
2.4000000000000057,-1.4187691019155044,-0.9328988395645965,0.105,0.0,0.0,0.105,1.0,0.0,0.0,1.0
2.5019999999999953,-3.84240120009548,1.9828253234589772,0.105,0.0,0.0,0.105,1.0,0.0,0.0,1.0
2.299999999999997,-3.700268268206125,0.4773314876566422,0.105,0.0,0.0,0.105,1.0,0.0,0.0,1.0
2.5020000000000024,-0.9797705293733341,2.367865246979721,0.105,0.0,0.0,0.105,1.0,0.0,0.0,1.0
2.5009999999999977,-0.8833972302188834,-1.932478228901579,0.105,0.0,0.0,0.105,1.0,0.0,0.0,1.0
2.5009999999999977,-3.6101374275943625,-1.9348049330543144,0.105,0.0,0.0,0.105,1.0,0.0,0.0,1.0
2.3999999999999986,-0.7654625948998641,2.298344975243347,0.105,0.0,0.0,0.105,1.0,0.0,0.0,1.0
2.3999999999999986,-4.575888439688869,-1.1832411877062725,0.105,0.0,0.0,0.105,1.0,0.0,0.0,1.0
2.701999999999998,-4.421730291798016,-1.3374328026457145,0.105,0.0,0.0,0.105,1.0,0.0,0.0,1.0
2.6000000000000014,-1.9947820705022494,-0.3879816886602862,0.105,0.0,0.0,0.105,1.0,0.0,0.0,1.0
2.6000000000000014,-2.952472768452068,0.05770163912311563,0.105,0.0,0.0,0.105,1.0,0.0,0.0,1.0
2.6000000000000014,-1.0481972048179602,-1.4153751017020697,0.105,0.0,0.0,0.105,1.0,0.0,0.0,1.0
2.602000000000004,-2.2679645014342653,-1.6551021907041596,0.105,0.0,0.0,0.105,1.0,0.0,0.0,1.0
2.301000000000002,-1.5728943393834192,-0.6846172018030475,0.105,0.0,0.0,0.105,1.0,0.0,0.0,1.0
2.600999999999999,-0.29667696234105534,-0.7619192778163203,0.105,0.0,0.0,0.105,1.0,0.0,0.0,1.0
2.5,-2.8442076197991177,-1.48378060247624,0.105,0.0,0.0,0.105,1.0,0.0,0.0,1.0
2.5,-0.68009513278023,2.2741348073777132,0.105,0.0,0.0,0.105,1.0,0.0,0.0,1.0
2.3999999999999986,-1.8270016211047646,-1.9554445512104852,0.105,0.0,0.0,0.105,1.0,0.0,0.0,1.0
2.5,-3.1482975353057907,0.5509670521562104,0.105,0.0,0.0,0.105,1.0,0.0,0.0,1.0
2.3999999999999986,-1.3115434701989257,1.1944808628183148,0.105,0.0,0.0,0.105,1.0,0.0,0.0,1.0
2.5,-1.6401411942826285,-2.4282445468711513,0.105,0.0,0.0,0.105,1.0,0.0,0.0,1.0
2.3999999999999986,-1.893570490422414,-1.0184206055827671,0.105,0.0,0.0,0.105,1.0,0.0,0.0,1.0
2.5,-0.8319150434442869,-1.61131613810482,0.105,0.0,0.0,0.105,1.0,0.0,0.0,1.0
2.5,-2.920486230022571,-0.7933809951032409,0.105,0.0,0.0,0.105,1.0,0.0,0.0,1.0
2.6000000000000014,-4.691798431896902,-0.7713251892126937,0.105,0.0,0.0,0.105,1.0,0.0,0.0,1.0
2.700000000000003,-3.1232994982868756,-1.1037796714429056,0.105,0.0,0.0,0.105,1.0,0.0,0.0,1.0
2.5999999999999943,-1.288258054490737,-2.492550523604082,0.105,0.0,0.0,0.105,1.0,0.0,0.0,1.0
2.3999999999999986,-4.536508443840142,1.9373208096954324,0.105,0.0,0.0,0.105,1.0,0.0,0.0,1.0
2.5,-0.8081481544972478,2.4495112177275176,0.105,0.0,0.0,0.105,1.0,0.0,0.0,1.0
2.5999999999999943,-1.0470187253070604,0.6507311337197076,0.105,0.0,0.0,0.105,1.0,0.0,0.0,1.0
2.6000000000000014,-4.252970521587759,-1.5205819488102745,0.105,0.0,0.0,0.105,1.0,0.0,0.0,1.0
2.3999999999999986,-4.601641349801291,1.9605559477520726,0.105,0.0,0.0,0.105,1.0,0.0,0.0,1.0
2.3999999999999986,-4.765864190150642,-0.41396793453096153,0.105,0.0,0.0,0.105,1.0,0.0,0.0,1.0
2.5999999999999943,-1.7620353510121174,0.3610388310858367,0.105,0.0,0.0,0.105,1.0,0.0,0.0,1.0
2.3999999999999986,-0.9642837209207302,-1.1327150058807678,0.105,0.0,0.0,0.105,1.0,0.0,0.0,1.0
2.5,-3.2424491368817705,0.7401036302919628,0.105,0.0,0.0,0.105,1.0,0.0,0.0,1.0
2.5999999999999943,-2.863413938364743,0.7050052427562271,0.105,0.0,0.0,0.105,1.0,0.0,0.0,1.0
2.5999999999999943,-4.933089179754241,-1.0755563751972588,0.105,0.0,0.0,0.105,1.0,0.0,0.0,1.0
2.5010000000000048,-3.2637410478784834,0.5737736092267318,0.105,0.0,0.0,0.105,1.0,0.0,0.0,1.0
2.5,-1.0024867838689953,-0.5783097187037575,0.105,0.0,0.0,0.105,1.0,0.0,0.0,1.0
2.4010000000000034,-2.8621867991803467,1.0902392211459568,0.105,0.0,0.0,0.105,1.0,0.0,0.0,1.0
2.5,-2.537687639628092,-0.8041809323879402,0.105,0.0,0.0,0.105,1.0,0.0,0.0,1.0
2.6000000000000014,-2.0268340432326757,-0.3135328707840046,0.105,0.0,0.0,0.105,1.0,0.0,0.0,1.0
2.402000000000001,-1.8379535076400437,1.7662993901342554,0.105,0.0,0.0,0.105,1.0,0.0,0.0,1.0
2.600999999999999,-4.43824189564261,0.5215644890040443,0.105,0.0,0.0,0.105,1.0,0.0,0.0,1.0
2.405999999999999,-3.3094892272479606,1.5658881870530537,0.105,0.0,0.0,0.105,1.0,0.0,0.0,1.0
2.5,-0.32295037539356103,-1.9246550187016451,0.105,0.0,0.0,0.105,1.0,0.0,0.0,1.0
2.6000000000000014,-4.182928503546299,-2.384294667553252,0.105,0.0,0.0,0.105,1.0,0.0,0.0,1.0
2.5999999999999943,-1.7110332334202667,-0.18559148404824444,0.105,0.0,0.0,0.105,1.0,0.0,0.0,1.0
2.5,-0.7456922833333077,-0.26852014797604173,0.105,0.0,0.0,0.105,1.0,0.0,0.0,1.0
2.5999999999999943,-4.596957504318831,-0.7943396106008326,0.105,0.0,0.0,0.105,1.0,0.0,0.0,1.0
2.299999999999997,-0.6522048646848063,-1.6408072364321624,0.105,0.0,0.0,0.105,1.0,0.0,0.0,1.0
2.5,-1.727199531577931,-1.5477076414671058,0.105,0.0,0.0,0.105,1.0,0.0,0.0,1.0
2.5999999999999943,-0.11068747205368346,0.23794350882580007,0.105,0.0,0.0,0.105,1.0,0.0,0.0,1.0
2.3999999999999986,-0.6418621569567896,-0.8232311439871913,0.105,0.0,0.0,0.105,1.0,0.0,0.0,1.0
2.600999999999999,-1.5542825705106362,0.04854228501113091,0.105,0.0,0.0,0.105,1.0,0.0,0.0,1.0
2.3999999999999986,-0.9518236995139363,0.8284456025062461,0.105,0.0,0.0,0.105,1.0,0.0,0.0,1.0
2.6000000000000014,-1.3015323438415765,-0.9404320626279361,0.105,0.0,0.0,0.105,1.0,0.0,0.0,1.0
2.6000000000000014,-4.896183320627898,-1.1910476220019781,0.105,0.0,0.0,0.105,1.0,0.0,0.0,1.0
2.5999999999999943,-1.3689373022134064,-0.7294271563137881,0.105,0.0,0.0,0.105,1.0,0.0,0.0,1.0
2.2010000000000005,-2.231018135428319,-1.528200884706397,0.105,0.0,0.0,0.105,1.0,0.0,0.0,1.0
2.3999999999999986,-0.7922673072559078,-1.8858156206848256,0.105,0.0,0.0,0.105,1.0,0.0,0.0,1.0
2.6000000000000014,-1.5435406385259003,-0.09213828664080564,0.105,0.0,0.0,0.105,1.0,0.0,0.0,1.0
2.6000000000000014,-3.6818080337934824,-1.685689319536133,0.105,0.0,0.0,0.105,1.0,0.0,0.0,1.0
2.5,-0.7416161114608396,0.8211197510788897,0.105,0.0,0.0,0.105,1.0,0.0,0.0,1.0
2.5,-4.724363018953883,-2.2065347239495603,0.105,0.0,0.0,0.105,1.0,0.0,0.0,1.0
2.3999999999999986,-0.22158926486795147,2.2899530564462,0.105,0.0,0.0,0.105,1.0,0.0,0.0,1.0
2.3999999999999986,-2.571853840151971,-2.17377884643988,0.105,0.0,0.0,0.105,1.0,0.0,0.0,1.0
2.1999999999999957,-0.1016508141384632,-2.096917334348389,0.105,0.0,0.0,0.105,1.0,0.0,0.0,1.0
2.6000000000000014,-1.09017032138505,-0.0016316086454393826,0.105,0.0,0.0,0.105,1.0,0.0,0.0,1.0
2.5999999999999943,-4.2233534778823145,1.8584158238889688,0.105,0.0,0.0,0.105,1.0,0.0,0.0,1.0
2.7010000000000005,-0.1092138991609702,2.3680228003875525,0.105,0.0,0.0,0.105,1.0,0.0,0.0,1.0
2.6060000000000016,-4.583214612353452,1.976548398570729,0.105,0.0,0.0,0.105,1.0,0.0,0.0,1.0
2.3999999999999986,-0.8067884594940486,2.193744082342318,0.105,0.0,0.0,0.105,1.0,0.0,0.0,1.0
2.3999999999999986,-0.21468454881620827,1.689277818997132,0.105,0.0,0.0,0.105,1.0,0.0,0.0,1.0
2.6000000000000014,-0.06589644595470624,-0.3362488837711408,0.105,0.0,0.0,0.105,1.0,0.0,0.0,1.0
2.5,-1.0627220986599166,1.6085994790087599,0.105,0.0,0.0,0.105,1.0,0.0,0.0,1.0
2.600999999999999,-1.7203297065400343,1.1618476800979471,0.105,0.0,0.0,0.105,1.0,0.0,0.0,1.0
2.5999999999999943,-0.7247150820033279,-2.1562743241350586,0.105,0.0,0.0,0.105,1.0,0.0,0.0,1.0
2.5009999999999977,-1.1698112636032514,-2.100789536965044,0.105,0.0,0.0,0.105,1.0,0.0,0.0,1.0
2.600999999999999,-1.0243308661790917,-0.4598902654639983,0.105,0.0,0.0,0.105,1.0,0.0,0.0,1.0
2.5999999999999943,-3.4694591920993765,-1.9008139412375098,0.105,0.0,0.0,0.105,1.0,0.0,0.0,1.0
2.5999999999999943,-3.8611357582575985,1.8553089823934952,0.105,0.0,0.0,0.105,1.0,0.0,0.0,1.0
2.5,-3.6081315370319746,0.4511764055093037,0.105,0.0,0.0,0.105,1.0,0.0,0.0,1.0
2.5009999999999977,-2.8741893244165575,-0.6760477652923761,0.105,0.0,0.0,0.105,1.0,0.0,0.0,1.0
2.6000000000000014,-1.9377096866346253,2.1980028342230113,0.105,0.0,0.0,0.105,1.0,0.0,0.0,1.0
2.6000000000000014,-3.6574153229838555,-2.275281238741205,0.105,0.0,0.0,0.105,1.0,0.0,0.0,1.0
2.5,-0.43016175498394643,0.897305468448042,0.105,0.0,0.0,0.105,1.0,0.0,0.0,1.0
2.5999999999999943,-0.5909297037648482,-0.8945505591477797,0.105,0.0,0.0,0.105,1.0,0.0,0.0,1.0
2.5009999999999977,-0.3232169170773916,1.1653127762226705,0.105,0.0,0.0,0.105,1.0,0.0,0.0,1.0
2.5009999999999977,-4.967674585011904,2.322278422216772,0.105,0.0,0.0,0.105,1.0,0.0,0.0,1.0
2.5,-3.016818925743598,1.7575342836510859,0.105,0.0,0.0,0.105,1.0,0.0,0.0,1.0
2.5,-4.422848357686712,2.249034429159745,0.105,0.0,0.0,0.105,1.0,0.0,0.0,1.0
2.5,-4.099365397004269,0.39971584198400933,0.105,0.0,0.0,0.105,1.0,0.0,0.0,1.0
2.4010000000000034,-2.8431924079096906,1.502654942722238,0.105,0.0,0.0,0.105,1.0,0.0,0.0,1.0
2.5,-1.9200336554246311,1.8391560547047767,0.105,0.0,0.0,0.105,1.0,0.0,0.0,1.0
2.1999999999999957,-0.1049338026063577,-0.7996914943716363,0.105,0.0,0.0,0.105,1.0,0.0,0.0,1.0
2.6000000000000014,-1.8663397033744753,-0.49754941229668787,0.105,0.0,0.0,0.105,1.0,0.0,0.0,1.0
2.4080000000000013,-4.355136739358985,0.17961121830207935,0.105,0.0,0.0,0.105,1.0,0.0,0.0,1.0
2.1999999999999957,-1.5331384040071572,0.3498170646033211,0.105,0.0,0.0,0.105,1.0,0.0,0.0,1.0
2.5999999999999943,-1.1748014658498698,-2.168401246140182,0.105,0.0,0.0,0.105,1.0,0.0,0.0,1.0
2.5,-2.0323010592334114,1.7077056756034874,0.105,0.0,0.0,0.105,1.0,0.0,0.0,1.0
2.5010000000000048,-4.3781169142441465,-1.143262519368909,0.105,0.0,0.0,0.105,1.0,0.0,0.0,1.0
2.5999999999999943,-4.061878623814612,-2.4502551151534324,0.105,0.0,0.0,0.105,1.0,0.0,0.0,1.0
2.200000000000003,-2.8931630242391373,-1.5937227727070242,0.105,0.0,0.0,0.105,1.0,0.0,0.0,1.0
2.5,-3.566065568004037,2.2514530943099205,0.105,0.0,0.0,0.105,1.0,0.0,0.0,1.0
2.5,-0.08569611615971062,-0.907365034234688,0.105,0.0,0.0,0.105,1.0,0.0,0.0,1.0
2.600999999999999,-4.257007977886033,1.2481847038569323,0.105,0.0,0.0,0.105,1.0,0.0,0.0,1.0
2.5,-1.000177146175903,-0.3376663259553406,0.105,0.0,0.0,0.105,1.0,0.0,0.0,1.0
2.5,-0.9497679304404818,0.5224229238163522,0.105,0.0,0.0,0.105,1.0,0.0,0.0,1.0
2.3999999999999986,-4.5071755576907275,-2.436128960548319,0.105,0.0,0.0,0.105,1.0,0.0,0.0,1.0
2.5999999999999943,-3.958195905125343,-2.144380958582179,0.105,0.0,0.0,0.105,1.0,0.0,0.0,1.0
2.5,-1.9988125727512824,2.1383631574241493,0.105,0.0,0.0,0.105,1.0,0.0,0.0,1.0
2.299999999999997,-0.40580589144216855,2.1129141338435162,0.105,0.0,0.0,0.105,1.0,0.0,0.0,1.0
2.3999999999999986,-1.0384078219965514,1.0427794638493197,0.105,0.0,0.0,0.105,1.0,0.0,0.0,1.0
2.3999999999999986,-1.6033292031846889,-0.6249689636909113,0.105,0.0,0.0,0.105,1.0,0.0,0.0,1.0
2.5999999999999943,-2.177674302962419,2.0028467530276406,0.105,0.0,0.0,0.105,1.0,0.0,0.0,1.0
2.6999999999999957,-4.207864615048393,0.17248322822478446,0.105,0.0,0.0,0.105,1.0,0.0,0.0,1.0
2.6000000000000014,-1.6514144213558049,-0.8793301274598214,0.105,0.0,0.0,0.105,1.0,0.0,0.0,1.0
2.3999999999999986,-1.7343990020644546,0.889015735657826,0.105,0.0,0.0,0.105,1.0,0.0,0.0,1.0
2.3999999999999986,-1.0315814082343762,0.25778716240493627,0.105,0.0,0.0,0.105,1.0,0.0,0.0,1.0
2.300999999999995,-2.7645967784054264,-1.610385503254231,0.105,0.0,0.0,0.105,1.0,0.0,0.0,1.0
2.5999999999999943,-2.849059632605646,0.6441435592031549,0.105,0.0,0.0,0.105,1.0,0.0,0.0,1.0
2.5019999999999953,-2.1458054534452082,-0.8436934985101889,0.105,0.0,0.0,0.105,1.0,0.0,0.0,1.0
2.4000000000000057,-2.978510360087612,-0.18253189056213062,0.105,0.0,0.0,0.105,1.0,0.0,0.0,1.0
2.3999999999999986,-3.0681281285174187,-0.47656024574147804,0.105,0.0,0.0,0.105,1.0,0.0,0.0,1.0
2.5009999999999977,-2.5326486087385476,-2.347145082712729,0.105,0.0,0.0,0.105,1.0,0.0,0.0,1.0
2.3999999999999986,-0.24642147952413498,0.0022642496080669304,0.105,0.0,0.0,0.105,1.0,0.0,0.0,1.0
2.6000000000000014,-0.3921360911545171,0.2823832648088131,0.105,0.0,0.0,0.105,1.0,0.0,0.0,1.0
2.6000000000000014,-2.5298360298324867,-0.6464950350762091,0.105,0.0,0.0,0.105,1.0,0.0,0.0,1.0
2.6000000000000014,-4.585042233282681,0.8143414873989335,0.105,0.0,0.0,0.105,1.0,0.0,0.0,1.0
2.6000000000000014,-1.4532704889165005,-1.5118911277678169,0.105,0.0,0.0,0.105,1.0,0.0,0.0,1.0
2.5999999999999943,-3.4929557481669113,1.25105843500927,0.105,0.0,0.0,0.105,1.0,0.0,0.0,1.0
2.6000000000000014,-3.828965826795137,1.8376283338390311,0.105,0.0,0.0,0.105,1.0,0.0,0.0,1.0
2.5,-2.56146476893818,0.2033071139910276,0.105,0.0,0.0,0.105,1.0,0.0,0.0,1.0
2.5,-2.70423656238481,0.35969991143503866,0.105,0.0,0.0,0.105,1.0,0.0,0.0,1.0
2.5999999999999943,-1.7623894844923493,-1.7289381599681481,0.105,0.0,0.0,0.105,1.0,0.0,0.0,1.0
2.5,-3.571988910492136,0.712060629418209,0.105,0.0,0.0,0.105,1.0,0.0,0.0,1.0
2.5999999999999943,-0.27204500577948604,0.2380144487533932,0.105,0.0,0.0,0.105,1.0,0.0,0.0,1.0
2.6000000000000014,-1.7434218819854719,-0.42566408744466916,0.105,0.0,0.0,0.105,1.0,0.0,0.0,1.0
2.3999999999999986,-3.5946726303182417,-1.2845593484725846,0.105,0.0,0.0,0.105,1.0,0.0,0.0,1.0
2.600999999999999,-2.5546157430501424,0.9503789694076498,0.105,0.0,0.0,0.105,1.0,0.0,0.0,1.0
2.5,-1.3402391700216443,-1.8920063868649932,0.105,0.0,0.0,0.105,1.0,0.0,0.0,1.0
2.5999999999999943,-1.314311445431899,1.2647732487171455,0.105,0.0,0.0,0.105,1.0,0.0,0.0,1.0
2.5999999999999943,-0.000985865923837043,2.430196527575468,0.105,0.0,0.0,0.105,1.0,0.0,0.0,1.0
2.6000000000000014,-4.088660962636255,-0.45147207311201865,0.105,0.0,0.0,0.105,1.0,0.0,0.0,1.0
2.200000000000003,-2.3619414476838076,2.1451587675718393,0.105,0.0,0.0,0.105,1.0,0.0,0.0,1.0
2.5020000000000024,-1.563668525046106,-0.7926117647132417,0.105,0.0,0.0,0.105,1.0,0.0,0.0,1.0
2.700000000000003,-1.2987598185146239,-2.3122123540216215,0.105,0.0,0.0,0.105,1.0,0.0,0.0,1.0
2.5,-2.5476151778556684,1.7841078292164976,0.105,0.0,0.0,0.105,1.0,0.0,0.0,1.0
2.5,-1.4009904904057953,-0.6928497828559278,0.105,0.0,0.0,0.105,1.0,0.0,0.0,1.0
2.5999999999999943,-2.4626248392818004,2.405778538862127,0.105,0.0,0.0,0.105,1.0,0.0,0.0,1.0
2.6000000000000014,-4.684950502387408,-1.3598319004789028,0.105,0.0,0.0,0.105,1.0,0.0,0.0,1.0
2.6000000000000014,-1.4484557454977003,1.8307833056394773,0.105,0.0,0.0,0.105,1.0,0.0,0.0,1.0
2.7010000000000005,-0.06915521911706966,-2.2635914291358006,0.105,0.0,0.0,0.105,1.0,0.0,0.0,1.0
2.600999999999999,-4.661431937982522,1.1062892855248494,0.105,0.0,0.0,0.105,1.0,0.0,0.0,1.0
2.5,-0.02302690358293251,-0.4158444185361821,0.105,0.0,0.0,0.105,1.0,0.0,0.0,1.0
2.3999999999999986,-1.246476654717626,-0.1224556676455057,0.105,0.0,0.0,0.105,1.0,0.0,0.0,1.0
2.299999999999997,-1.6163392452665302,1.157088733400652,0.105,0.0,0.0,0.105,1.0,0.0,0.0,1.0
2.600999999999999,-4.299894695946665,-2.1883623837047805,0.105,0.0,0.0,0.105,1.0,0.0,0.0,1.0
2.6999999999999957,-3.723904075102597,0.9443853782448507,0.105,0.0,0.0,0.105,1.0,0.0,0.0,1.0
2.3999999999999986,-2.344677606799075,0.3163467260982902,0.105,0.0,0.0,0.105,1.0,0.0,0.0,1.0
2.6060000000000016,-4.537981714965441,2.42978378080587,0.105,0.0,0.0,0.105,1.0,0.0,0.0,1.0
2.5999999999999943,-3.15367786785366,-0.7169491967920204,0.105,0.0,0.0,0.105,1.0,0.0,0.0,1.0
2.700000000000003,-4.473487295646478,0.5009198404634466,0.105,0.0,0.0,0.105,1.0,0.0,0.0,1.0
2.300999999999995,-4.6052210765813,-0.16120267125247437,0.105,0.0,0.0,0.105,1.0,0.0,0.0,1.0
2.700000000000003,-0.5938323263314367,-1.6371149860312237,0.105,0.0,0.0,0.105,1.0,0.0,0.0,1.0
2.1999999999999957,-4.718068050028578,0.4122711997846079,0.105,0.0,0.0,0.105,1.0,0.0,0.0,1.0
2.5,-0.5284688418580543,1.5656045909069172,0.105,0.0,0.0,0.105,1.0,0.0,0.0,1.0
2.5,-2.141238024824394,0.6837840473886163,0.105,0.0,0.0,0.105,1.0,0.0,0.0,1.0
2.6000000000000014,-0.7942692684601845,-2.331391223095015,0.105,0.0,0.0,0.105,1.0,0.0,0.0,1.0
2.5,-3.1406654053258003,1.9342828664460452,0.105,0.0,0.0,0.105,1.0,0.0,0.0,1.0
2.5,-2.1010270210690116,1.316447367679149,0.105,0.0,0.0,0.105,1.0,0.0,0.0,1.0
2.5999999999999943,-1.238401065831567,-2.2512943826555496,0.105,0.0,0.0,0.105,1.0,0.0,0.0,1.0
2.3999999999999986,-2.801727670476004,-1.304376616637767,0.105,0.0,0.0,0.105,1.0,0.0,0.0,1.0
2.6000000000000014,-2.401842021829926,0.19895849692180217,0.105,0.0,0.0,0.105,1.0,0.0,0.0,1.0
2.5009999999999977,-3.797946084263572,2.4903017703754378,0.105,0.0,0.0,0.105,1.0,0.0,0.0,1.0
2.3999999999999986,-4.914737291423356,-1.5690401178292546,0.105,0.0,0.0,0.105,1.0,0.0,0.0,1.0
2.5009999999999977,-1.5427544809951315,-2.0010267927778806,0.105,0.0,0.0,0.105,1.0,0.0,0.0,1.0
2.3999999999999986,-0.9423625080722423,1.6352877224663112,0.105,0.0,0.0,0.105,1.0,0.0,0.0,1.0
2.5,-2.643480398505819,-1.3209124663153073,0.105,0.0,0.0,0.105,1.0,0.0,0.0,1.0
2.5009999999999977,-0.9131915299885838,2.0323551859750655,0.105,0.0,0.0,0.105,1.0,0.0,0.0,1.0
2.6000000000000014,-4.1336132526308225,-0.8929054276964798,0.105,0.0,0.0,0.105,1.0,0.0,0.0,1.0
2.5,-3.152112281064389,1.6357405554160473,0.105,0.0,0.0,0.105,1.0,0.0,0.0,1.0
2.600999999999999,-3.517619948460114,1.4595205141132577,0.105,0.0,0.0,0.105,1.0,0.0,0.0,1.0
2.5,-1.2791652763380645,-1.674551421911719,0.105,0.0,0.0,0.105,1.0,0.0,0.0,1.0
2.6000000000000014,-2.521720964734569,1.566019332862111,0.105,0.0,0.0,0.105,1.0,0.0,0.0,1.0
2.5,-2.38751281766336,-2.212184905364912,0.105,0.0,0.0,0.105,1.0,0.0,0.0,1.0
2.5009999999999977,-2.1465319291527623,-0.06780670110273915,0.105,0.0,0.0,0.105,1.0,0.0,0.0,1.0
2.5999999999999943,-2.8181669621152774,1.4485792866447076,0.105,0.0,0.0,0.105,1.0,0.0,0.0,1.0
2.6000000000000014,-0.7933899980895807,-1.5181142233814806,0.105,0.0,0.0,0.105,1.0,0.0,0.0,1.0
2.6000000000000014,-1.6666270992357455,-1.613142737377106,0.105,0.0,0.0,0.105,1.0,0.0,0.0,1.0
2.2010000000000005,-1.9237832520798752,-0.0737451822065767,0.105,0.0,0.0,0.105,1.0,0.0,0.0,1.0
2.5,-4.4572377791508115,1.091926447487262,0.105,0.0,0.0,0.105,1.0,0.0,0.0,1.0
2.5,-0.5393650404649376,-2.128857377180197,0.105,0.0,0.0,0.105,1.0,0.0,0.0,1.0
2.5,-3.5804111245189096,-1.7160316916446106,0.105,0.0,0.0,0.105,1.0,0.0,0.0,1.0
2.5999999999999943,-2.5197710978163834,-0.2102846950442907,0.105,0.0,0.0,0.105,1.0,0.0,0.0,1.0
2.5,-0.10087331399270084,1.5720622768574342,0.105,0.0,0.0,0.105,1.0,0.0,0.0,1.0
2.3999999999999986,-1.122711762959398,2.0897855510363517,0.105,0.0,0.0,0.105,1.0,0.0,0.0,1.0
2.5999999999999943,-4.182330674135255,-1.0939229160863175,0.105,0.0,0.0,0.105,1.0,0.0,0.0,1.0
2.5,-0.8666993849797323,-1.6425111468194473,0.105,0.0,0.0,0.105,1.0,0.0,0.0,1.0
2.3999999999999986,-4.557676403409628,1.3527006477853736,0.105,0.0,0.0,0.105,1.0,0.0,0.0,1.0
2.3999999999999986,-4.2910243228143585,-1.5310932253342249,0.105,0.0,0.0,0.105,1.0,0.0,0.0,1.0
2.5999999999999943,-0.07747018078225253,-1.0761113194613217,0.105,0.0,0.0,0.105,1.0,0.0,0.0,1.0
2.5,-1.023841305393908,-1.3072114459315993,0.105,0.0,0.0,0.105,1.0,0.0,0.0,1.0
2.406000000000006,-4.6473479143401315,1.371666324978168,0.105,0.0,0.0,0.105,1.0,0.0,0.0,1.0
2.5999999999999943,-1.6043639587633987,-1.2261763883011987,0.105,0.0,0.0,0.105,1.0,0.0,0.0,1.0
2.6000000000000014,-3.976758915800673,-0.46543139538608197,0.105,0.0,0.0,0.105,1.0,0.0,0.0,1.0
2.6059999999999945,-2.554295406589345,0.8537302633921977,0.105,0.0,0.0,0.105,1.0,0.0,0.0,1.0
2.6000000000000014,-1.7856488157184673,-1.3722747175904058,0.105,0.0,0.0,0.105,1.0,0.0,0.0,1.0
2.5009999999999977,-0.9630184555735964,-2.004826881882869,0.105,0.0,0.0,0.105,1.0,0.0,0.0,1.0
2.5999999999999943,-4.826775181119328,1.3546414716351067,0.105,0.0,0.0,0.105,1.0,0.0,0.0,1.0
2.600999999999999,-1.6058398554945457,2.3598069633855516,0.105,0.0,0.0,0.105,1.0,0.0,0.0,1.0
2.3999999999999986,-1.2223961108974863,-0.7173103170266535,0.105,0.0,0.0,0.105,1.0,0.0,0.0,1.0
2.6000000000000014,-1.4468154869884253,0.8904984367354616,0.105,0.0,0.0,0.105,1.0,0.0,0.0,1.0
2.5,-1.6786550213927502,0.44829064891132564,0.105,0.0,0.0,0.105,1.0,0.0,0.0,1.0
2.3999999999999986,-1.8101507490123048,-1.9564731663609394,0.105,0.0,0.0,0.105,1.0,0.0,0.0,1.0
2.3999999999999986,-4.843989163898226,1.7977383671498186,0.105,0.0,0.0,0.105,1.0,0.0,0.0,1.0
2.6999999999999957,-4.606765977657745,-0.14859392762893067,0.105,0.0,0.0,0.105,1.0,0.0,0.0,1.0
2.3999999999999986,-3.032491124682055,-0.7113624146720359,0.105,0.0,0.0,0.105,1.0,0.0,0.0,1.0
2.5,-3.297543335522983,1.0943876875860787,0.105,0.0,0.0,0.105,1.0,0.0,0.0,1.0
2.5009999999999977,-1.8668005038188529,-1.1114779318556407,0.105,0.0,0.0,0.105,1.0,0.0,0.0,1.0
2.5,-0.2399421844648994,2.436632581928683,0.105,0.0,0.0,0.105,1.0,0.0,0.0,1.0
2.3999999999999986,-0.12115932474598047,1.7806827243093972,0.105,0.0,0.0,0.105,1.0,0.0,0.0,1.0
2.5999999999999943,-0.5231701643211123,-0.9634030203341402,0.105,0.0,0.0,0.105,1.0,0.0,0.0,1.0
2.5,-2.850841924508029,0.552796132884966,0.105,0.0,0.0,0.105,1.0,0.0,0.0,1.0
2.5,-0.5508151745961956,-0.049847631446592745,0.105,0.0,0.0,0.105,1.0,0.0,0.0,1.0
2.601000000000006,-4.4198085683934245,0.32410613621504125,0.105,0.0,0.0,0.105,1.0,0.0,0.0,1.0
2.2010000000000005,-1.3836130190121856,-1.0893927328282391,0.105,0.0,0.0,0.105,1.0,0.0,0.0,1.0
2.6000000000000014,-3.699249080514739,-0.7324851120362504,0.105,0.0,0.0,0.105,1.0,0.0,0.0,1.0
2.299999999999997,-3.1606485088123613,-1.1961192052264833,0.105,0.0,0.0,0.105,1.0,0.0,0.0,1.0
2.700000000000003,-2.8981037677119006,0.14420818708769528,0.105,0.0,0.0,0.105,1.0,0.0,0.0,1.0
2.5999999999999943,-2.0847979519776856,-0.9631328398486865,0.105,0.0,0.0,0.105,1.0,0.0,0.0,1.0
2.5,-1.8985614921797236,-2.1482607913237586,0.105,0.0,0.0,0.105,1.0,0.0,0.0,1.0
2.299999999999997,-1.7128603130154134,-1.424802542530306,0.105,0.0,0.0,0.105,1.0,0.0,0.0,1.0
2.6000000000000014,-3.9450543535960887,0.2168351053325668,0.105,0.0,0.0,0.105,1.0,0.0,0.0,1.0
2.5999999999999943,-3.4960632383584898,-0.8633214885245383,0.105,0.0,0.0,0.105,1.0,0.0,0.0,1.0
2.5,-3.8363917552776026,-0.6722104404722541,0.105,0.0,0.0,0.105,1.0,0.0,0.0,1.0
2.5,-0.7399485126792849,-2.2246101241599856,0.105,0.0,0.0,0.105,1.0,0.0,0.0,1.0
2.299999999999997,-4.898687887739233,-2.068653823862902,0.105,0.0,0.0,0.105,1.0,0.0,0.0,1.0
2.5,-2.598698376604431,-1.040694471031595,0.105,0.0,0.0,0.105,1.0,0.0,0.0,1.0
2.3999999999999986,-3.022562474169313,1.1760048068997955,0.105,0.0,0.0,0.105,1.0,0.0,0.0,1.0
2.600999999999999,-2.777349267155396,-2.134693768898867,0.105,0.0,0.0,0.105,1.0,0.0,0.0,1.0
2.3999999999999986,-4.054058082485827,1.2242809148540068,0.105,0.0,0.0,0.105,1.0,0.0,0.0,1.0
2.5,-3.6860306578544058,-0.5189962889243915,0.105,0.0,0.0,0.105,1.0,0.0,0.0,1.0
2.7010000000000005,-3.0323771952867373,1.390739925399247,0.105,0.0,0.0,0.105,1.0,0.0,0.0,1.0
2.6000000000000014,-2.9659559084280693,-2.4855513944078247,0.105,0.0,0.0,0.105,1.0,0.0,0.0,1.0
2.6030000000000015,-4.081210831981674,-2.391273526951749,0.105,0.0,0.0,0.105,1.0,0.0,0.0,1.0
2.5,-2.7076629556183263,-1.1109173303363016,0.105,0.0,0.0,0.105,1.0,0.0,0.0,1.0
2.5999999999999943,-2.52046900259655,-1.0258421230401755,0.105,0.0,0.0,0.105,1.0,0.0,0.0,1.0
2.5019999999999953,-0.1481169404830377,0.6131522475098218,0.105,0.0,0.0,0.105,1.0,0.0,0.0,1.0
2.5,-1.8700874225383268,1.5294111292891837,0.105,0.0,0.0,0.105,1.0,0.0,0.0,1.0
2.5050000000000026,-4.134943910161958,2.36828197513814,0.105,0.0,0.0,0.105,1.0,0.0,0.0,1.0
2.299999999999997,-0.23171966909461536,1.6775605708223515,0.105,0.0,0.0,0.105,1.0,0.0,0.0,1.0
2.5999999999999943,-2.154499606557481,1.0598429326164598,0.105,0.0,0.0,0.105,1.0,0.0,0.0,1.0
2.6000000000000014,-0.5636274956290727,-2.4798302826962106,0.105,0.0,0.0,0.105,1.0,0.0,0.0,1.0
2.6000000000000014,-1.336976565584234,0.4326112972390843,0.105,0.0,0.0,0.105,1.0,0.0,0.0,1.0
2.5,-2.1693370513883923,1.2199354926771326,0.105,0.0,0.0,0.105,1.0,0.0,0.0,1.0
2.3999999999999986,-1.5673941761312375,-0.09723593593751453,0.105,0.0,0.0,0.105,1.0,0.0,0.0,1.0
2.5060000000000002,-4.475009434191046,-0.4604779213953786,0.105,0.0,0.0,0.105,1.0,0.0,0.0,1.0
2.5009999999999977,-2.199174603627406,-2.0412616453182246,0.105,0.0,0.0,0.105,1.0,0.0,0.0,1.0
2.3000000000000043,-2.7946788856667117,1.0998054973066418,0.105,0.0,0.0,0.105,1.0,0.0,0.0,1.0
2.5,-4.098838841575434,2.048951600455467,0.105,0.0,0.0,0.105,1.0,0.0,0.0,1.0
2.3999999999999986,-2.050201643145809,-1.6667863508481875,0.105,0.0,0.0,0.105,1.0,0.0,0.0,1.0
2.3999999999999986,-3.7825785370346714,1.0068648960216309,0.105,0.0,0.0,0.105,1.0,0.0,0.0,1.0
2.5,-4.394479367779498,-1.3325872939993015,0.105,0.0,0.0,0.105,1.0,0.0,0.0,1.0
2.5,-0.6049638875591102,-1.7733677586618728,0.105,0.0,0.0,0.105,1.0,0.0,0.0,1.0
2.5,-3.733105051954513,1.3937287018537885,0.105,0.0,0.0,0.105,1.0,0.0,0.0,1.0
2.3999999999999986,-4.589154039299489,0.7426975445773589,0.105,0.0,0.0,0.105,1.0,0.0,0.0,1.0
2.6000000000000014,-4.076204168263663,2.01890100594929,0.105,0.0,0.0,0.105,1.0,0.0,0.0,1.0
2.5,-3.223086465678719,1.098209125233647,0.105,0.0,0.0,0.105,1.0,0.0,0.0,1.0
2.5,-1.6771335473019786,-0.931199028644883,0.105,0.0,0.0,0.105,1.0,0.0,0.0,1.0
2.5009999999999977,-0.1409366668084275,1.4401888342494733,0.105,0.0,0.0,0.105,1.0,0.0,0.0,1.0
2.5,-2.8150527002346264,0.3756986989906379,0.105,0.0,0.0,0.105,1.0,0.0,0.0,1.0
2.600999999999999,-0.6129765707104847,1.730960057640756,0.105,0.0,0.0,0.105,1.0,0.0,0.0,1.0
2.3999999999999986,-3.700566972784023,-0.825944889748102,0.105,0.0,0.0,0.105,1.0,0.0,0.0,1.0
2.6000000000000014,-0.5950119439605376,0.5643893359847038,0.105,0.0,0.0,0.105,1.0,0.0,0.0,1.0
2.5999999999999943,-0.5371218942483422,-2.089549517947466,0.105,0.0,0.0,0.105,1.0,0.0,0.0,1.0
2.3999999999999986,-3.0365743015871884,2.4530710775111166,0.105,0.0,0.0,0.105,1.0,0.0,0.0,1.0
2.5,-4.917870321500297,-0.6282677668382046,0.105,0.0,0.0,0.105,1.0,0.0,0.0,1.0
2.5,-0.32468357508501566,-1.9946722408139996,0.105,0.0,0.0,0.105,1.0,0.0,0.0,1.0
2.3999999999999986,-3.0647020010786785,1.2836642550168975,0.105,0.0,0.0,0.105,1.0,0.0,0.0,1.0
2.3999999999999986,-4.91576054655346,0.3327059591472889,0.105,0.0,0.0,0.105,1.0,0.0,0.0,1.0
2.5,-1.5857454122049532,-0.7320162329533105,0.105,0.0,0.0,0.105,1.0,0.0,0.0,1.0
2.6000000000000014,-3.47627212830676,1.205550761212198,0.105,0.0,0.0,0.105,1.0,0.0,0.0,1.0
2.600999999999999,-1.9246571824830125,-0.3180090613721348,0.105,0.0,0.0,0.105,1.0,0.0,0.0,1.0
2.600999999999999,-2.9565651665943564,-0.33619018242938226,0.105,0.0,0.0,0.105,1.0,0.0,0.0,1.0
2.6000000000000014,-3.876235640262881,0.09188116968256767,0.105,0.0,0.0,0.105,1.0,0.0,0.0,1.0
2.5,-3.678861606978196,1.9532846410175961,0.105,0.0,0.0,0.105,1.0,0.0,0.0,1.0
2.299999999999997,-1.7950994017138338,-1.4651005151035865,0.105,0.0,0.0,0.105,1.0,0.0,0.0,1.0
2.3999999999999986,-2.2396398157051918,1.3130626638204148,0.105,0.0,0.0,0.105,1.0,0.0,0.0,1.0
2.3999999999999986,-3.003176455621852,1.1450491101165536,0.105,0.0,0.0,0.105,1.0,0.0,0.0,1.0
2.6000000000000014,-2.7919599847233942,2.4977228393807813,0.105,0.0,0.0,0.105,1.0,0.0,0.0,1.0
2.5,-3.9625014168818096,-1.3361941183759085,0.105,0.0,0.0,0.105,1.0,0.0,0.0,1.0
2.3999999999999986,-2.873726626140187,-2.2876885152125648,0.105,0.0,0.0,0.105,1.0,0.0,0.0,1.0
2.5009999999999977,-2.2434814123922053,2.4685448636600618,0.105,0.0,0.0,0.105,1.0,0.0,0.0,1.0
2.5,-2.619809528000459,-2.2983091755259757,0.105,0.0,0.0,0.105,1.0,0.0,0.0,1.0
2.5,-0.7449005411199681,-0.4836548499796664,0.105,0.0,0.0,0.105,1.0,0.0,0.0,1.0
2.5,-2.114563788623062,-0.3688906947514714,0.105,0.0,0.0,0.105,1.0,0.0,0.0,1.0
2.5999999999999943,-2.6947405558318143,1.1877376199157694,0.105,0.0,0.0,0.105,1.0,0.0,0.0,1.0
2.4029999999999987,-3.9952277112795054,-1.9933189580856234,0.105,0.0,0.0,0.105,1.0,0.0,0.0,1.0
2.5,-2.9639612217353726,1.1501627609465876,0.105,0.0,0.0,0.105,1.0,0.0,0.0,1.0
2.299999999999997,-4.810925203649352,0.42942453604314,0.105,0.0,0.0,0.105,1.0,0.0,0.0,1.0
2.4009999999999962,-1.829112098595395,1.9267243991531893,0.105,0.0,0.0,0.105,1.0,0.0,0.0,1.0
2.3999999999999986,-3.0634585688266047,1.798081260840843,0.105,0.0,0.0,0.105,1.0,0.0,0.0,1.0
2.3000000000000043,-1.6214420808200185,-0.3476882802051803,0.105,0.0,0.0,0.105,1.0,0.0,0.0,1.0
2.5999999999999943,-0.9067726130905653,-1.3427829715071549,0.105,0.0,0.0,0.105,1.0,0.0,0.0,1.0
2.3999999999999986,-0.6813555350940175,-1.386610171054392,0.105,0.0,0.0,0.105,1.0,0.0,0.0,1.0
2.3999999999999986,-0.6939342588637382,-1.0055010106793885,0.105,0.0,0.0,0.105,1.0,0.0,0.0,1.0
2.5,-3.845889289170165,-1.68733702343613,0.105,0.0,0.0,0.105,1.0,0.0,0.0,1.0
2.600999999999999,-4.853466057851034,1.564159028452114,0.105,0.0,0.0,0.105,1.0,0.0,0.0,1.0
2.4009999999999962,-1.8199062288245045,-2.2245237795291404,0.105,0.0,0.0,0.105,1.0,0.0,0.0,1.0
2.6000000000000014,-0.66124359369927,-0.564469419775201,0.105,0.0,0.0,0.105,1.0,0.0,0.0,1.0
2.602000000000004,-2.8190806501118764,-0.5823732803961673,0.105,0.0,0.0,0.105,1.0,0.0,0.0,1.0
2.700000000000003,-1.0063109265796115,-0.16116791903332928,0.105,0.0,0.0,0.105,1.0,0.0,0.0,1.0
2.5,-1.291321612173313,-0.15406109760041803,0.105,0.0,0.0,0.105,1.0,0.0,0.0,1.0
2.6019999999999968,-1.9656370303322122,-0.8501686720428675,0.105,0.0,0.0,0.105,1.0,0.0,0.0,1.0
2.600999999999999,-1.4485854209516265,-0.6329617523413049,0.105,0.0,0.0,0.105,1.0,0.0,0.0,1.0
2.700000000000003,-3.421571869573307,0.178870109133248,0.105,0.0,0.0,0.105,1.0,0.0,0.0,1.0
2.4010000000000034,-2.2330515973347733,-0.7385334122135687,0.105,0.0,0.0,0.105,1.0,0.0,0.0,1.0
2.5,-1.626738173526131,-0.8936221319713644,0.105,0.0,0.0,0.105,1.0,0.0,0.0,1.0
2.6000000000000014,-4.074701335316242,-1.2357369596229903,0.105,0.0,0.0,0.105,1.0,0.0,0.0,1.0
2.3999999999999986,-0.41118968667630423,-1.6063759859106979,0.105,0.0,0.0,0.105,1.0,0.0,0.0,1.0
2.5,-2.8221122560218164,2.155826489758276,0.105,0.0,0.0,0.105,1.0,0.0,0.0,1.0
2.3999999999999986,-2.687581238201413,-1.440955400550325,0.105,0.0,0.0,0.105,1.0,0.0,0.0,1.0
2.3999999999999986,-3.1043405665785127,-0.2669749639552099,0.105,0.0,0.0,0.105,1.0,0.0,0.0,1.0
2.3999999999999986,-1.2305669851628425,-1.4852886926404265,0.105,0.0,0.0,0.105,1.0,0.0,0.0,1.0
2.299999999999997,-4.876097380389229,0.5690042392579358,0.105,0.0,0.0,0.105,1.0,0.0,0.0,1.0
2.5999999999999943,-2.5958508959042748,0.5031604493594061,0.105,0.0,0.0,0.105,1.0,0.0,0.0,1.0
2.3999999999999986,-3.0097073528562515,-1.9077847438899262,0.105,0.0,0.0,0.105,1.0,0.0,0.0,1.0
2.700000000000003,-4.168675641791981,1.0798617003633997,0.105,0.0,0.0,0.105,1.0,0.0,0.0,1.0
2.6019999999999968,-0.6208270814731275,0.231778259157735,0.105,0.0,0.0,0.105,1.0,0.0,0.0,1.0
2.5,-2.51540936673701,1.682732650959442,0.105,0.0,0.0,0.105,1.0,0.0,0.0,1.0
2.5,-0.8211354970606146,0.663424324961799,0.105,0.0,0.0,0.105,1.0,0.0,0.0,1.0
2.6000000000000014,-0.7139637207101143,2.0809339788038708,0.105,0.0,0.0,0.105,1.0,0.0,0.0,1.0
2.6000000000000014,-0.32957744215261325,1.1350206059612848,0.105,0.0,0.0,0.105,1.0,0.0,0.0,1.0
2.7010000000000005,-4.067063926405065,1.7888263377793494,0.105,0.0,0.0,0.105,1.0,0.0,0.0,1.0
2.5,-0.477801298425798,-1.531552964952091,0.105,0.0,0.0,0.105,1.0,0.0,0.0,1.0
2.6000000000000014,-1.1299438254152692,-2.159957951321313,0.105,0.0,0.0,0.105,1.0,0.0,0.0,1.0
2.600999999999999,-2.0973927972991255,-1.9962497192828756,0.105,0.0,0.0,0.105,1.0,0.0,0.0,1.0
2.5,-4.911524001399961,-1.2222319559614376,0.105,0.0,0.0,0.105,1.0,0.0,0.0,1.0
2.3000000000000043,-1.3576048510446341,0.37040631716245564,0.105,0.0,0.0,0.105,1.0,0.0,0.0,1.0
2.6000000000000014,-2.5435195719412764,-0.0037015465190858112,0.105,0.0,0.0,0.105,1.0,0.0,0.0,1.0
2.5999999999999943,-0.8102115024132609,0.6901278484223288,0.105,0.0,0.0,0.105,1.0,0.0,0.0,1.0
2.5,-0.3325026115060467,-0.31395041191334494,0.105,0.0,0.0,0.105,1.0,0.0,0.0,1.0
2.600999999999999,-3.2549746936396655,0.0320371878193124,0.105,0.0,0.0,0.105,1.0,0.0,0.0,1.0
2.299999999999997,-3.862023506068922,-2.2258791527388886,0.105,0.0,0.0,0.105,1.0,0.0,0.0,1.0
2.7010000000000005,-1.783968188493155,0.07922187156195298,0.105,0.0,0.0,0.105,1.0,0.0,0.0,1.0
2.5009999999999977,-3.4402131723910765,-1.1973892546812768,0.105,0.0,0.0,0.105,1.0,0.0,0.0,1.0
2.5999999999999943,-1.4874704809528883,-1.0535207532381585,0.105,0.0,0.0,0.105,1.0,0.0,0.0,1.0
2.3999999999999986,-0.9061295395814084,0.35568767619150826,0.105,0.0,0.0,0.105,1.0,0.0,0.0,1.0
2.6000000000000014,-2.9163875115791296,0.5663790229190593,0.105,0.0,0.0,0.105,1.0,0.0,0.0,1.0
2.5009999999999977,-4.280845177237658,1.555032567412007,0.105,0.0,0.0,0.105,1.0,0.0,0.0,1.0
2.6000000000000014,-3.3217735360726737,1.0274558974929557,0.105,0.0,0.0,0.105,1.0,0.0,0.0,1.0
2.5,-4.059066369857673,-0.24172534738086227,0.105,0.0,0.0,0.105,1.0,0.0,0.0,1.0
2.6000000000000014,-4.796313918763982,-0.11242878342834609,0.105,0.0,0.0,0.105,1.0,0.0,0.0,1.0
2.5,-4.744877073681033,-0.11790038420467282,0.105,0.0,0.0,0.105,1.0,0.0,0.0,1.0
2.4000000000000057,-4.646964630721195,-1.2225916300343935,0.105,0.0,0.0,0.105,1.0,0.0,0.0,1.0
2.6000000000000014,-2.229525703578518,1.8579417753008902,0.105,0.0,0.0,0.105,1.0,0.0,0.0,1.0
2.700000000000003,-1.4314684670350377,-1.6509634323285447,0.105,0.0,0.0,0.105,1.0,0.0,0.0,1.0
2.600999999999999,-3.4184035222295264,1.734167777953561,0.105,0.0,0.0,0.105,1.0,0.0,0.0,1.0
2.6000000000000014,-4.172697137993913,1.6770427191718782,0.105,0.0,0.0,0.105,1.0,0.0,0.0,1.0
2.700000000000003,-4.418421176739097,-0.4434571505226386,0.105,0.0,0.0,0.105,1.0,0.0,0.0,1.0
2.6000000000000014,-0.5650417268052845,0.9382451290299304,0.105,0.0,0.0,0.105,1.0,0.0,0.0,1.0
2.5,-0.9828932670570506,-1.3936514820767165,0.105,0.0,0.0,0.105,1.0,0.0,0.0,1.0
2.6000000000000014,-0.28697272781107586,-2.321631445747176,0.105,0.0,0.0,0.105,1.0,0.0,0.0,1.0
2.5,-0.49816808313882155,0.5316828960276383,0.105,0.0,0.0,0.105,1.0,0.0,0.0,1.0
2.5009999999999977,-1.0134685979041547,1.578551304073826,0.105,0.0,0.0,0.105,1.0,0.0,0.0,1.0
2.5,-4.875988634981793,-0.8532500262753063,0.105,0.0,0.0,0.105,1.0,0.0,0.0,1.0
2.4000000000000057,-2.1418598155677007,-0.14895236566243958,0.105,0.0,0.0,0.105,1.0,0.0,0.0,1.0
2.5,-4.262229354686761,-0.7552539846453197,0.105,0.0,0.0,0.105,1.0,0.0,0.0,1.0
2.299999999999997,-2.0922248591758885,1.3220085936560793,0.105,0.0,0.0,0.105,1.0,0.0,0.0,1.0
2.3999999999999986,-3.2053420349838553,2.1819942912323493,0.105,0.0,0.0,0.105,1.0,0.0,0.0,1.0
2.3999999999999986,-1.0470505483970407,-1.1734998228711522,0.105,0.0,0.0,0.105,1.0,0.0,0.0,1.0
2.5999999999999943,-2.266875055389835,1.452652593958931,0.105,0.0,0.0,0.105,1.0,0.0,0.0,1.0
2.4000000000000057,-4.8376986534840745,-0.6817688904053122,0.105,0.0,0.0,0.105,1.0,0.0,0.0,1.0
2.5,-3.369632937985586,-0.4649676768191613,0.105,0.0,0.0,0.105,1.0,0.0,0.0,1.0
2.3999999999999986,-0.8875147795840024,1.6673757073923074,0.105,0.0,0.0,0.105,1.0,0.0,0.0,1.0
2.5999999999999943,-3.012728657757973,-1.2560750078773864,0.105,0.0,0.0,0.105,1.0,0.0,0.0,1.0
2.5999999999999943,-4.26344759402848,1.2738001856465755,0.105,0.0,0.0,0.105,1.0,0.0,0.0,1.0
2.5,-1.7808698032925747,-0.13626735309468654,0.105,0.0,0.0,0.105,1.0,0.0,0.0,1.0
2.5999999999999943,-2.8627376158517848,2.0874295285728235,0.105,0.0,0.0,0.105,1.0,0.0,0.0,1.0
2.6000000000000014,-0.2962465142016369,-0.41705306281119775,0.105,0.0,0.0,0.105,1.0,0.0,0.0,1.0
2.6000000000000014,-3.5781757213201684,-2.0576679794619848,0.105,0.0,0.0,0.105,1.0,0.0,0.0,1.0
2.5009999999999977,-0.9860634479506332,1.554459993832109,0.105,0.0,0.0,0.105,1.0,0.0,0.0,1.0
2.4029999999999987,-4.506690518792457,-1.200321401469952,0.105,0.0,0.0,0.105,1.0,0.0,0.0,1.0
2.3999999999999986,-2.8229380753413036,-2.298394137615065,0.105,0.0,0.0,0.105,1.0,0.0,0.0,1.0
2.6000000000000014,-2.1281306858257816,0.34310436774162584,0.105,0.0,0.0,0.105,1.0,0.0,0.0,1.0
2.5,-1.4689324925557807,2.418849968106338,0.105,0.0,0.0,0.105,1.0,0.0,0.0,1.0
2.3999999999999986,-4.41298777847344,1.4777494224663494,0.105,0.0,0.0,0.105,1.0,0.0,0.0,1.0
2.5,-2.3176275317360893,1.8208096224493455,0.105,0.0,0.0,0.105,1.0,0.0,0.0,1.0
2.5,-3.346089486694782,2.364871866022344,0.105,0.0,0.0,0.105,1.0,0.0,0.0,1.0
2.3999999999999986,-1.1372016336077613,0.7818299720527876,0.105,0.0,0.0,0.105,1.0,0.0,0.0,1.0
2.5999999999999943,-3.9822596147428824,-2.435880496634042,0.105,0.0,0.0,0.105,1.0,0.0,0.0,1.0
2.5999999999999943,-3.3792025436900675,-0.10321769898227859,0.105,0.0,0.0,0.105,1.0,0.0,0.0,1.0
2.7010000000000005,-4.484158878631259,0.7772254026724309,0.105,0.0,0.0,0.105,1.0,0.0,0.0,1.0
2.5999999999999943,-2.6376742844531136,0.5038119682670379,0.105,0.0,0.0,0.105,1.0,0.0,0.0,1.0
2.6999999999999957,-3.7698046372261658,1.237448431763783,0.105,0.0,0.0,0.105,1.0,0.0,0.0,1.0
2.5,-3.4214806785663705,0.5294829523216109,0.105,0.0,0.0,0.105,1.0,0.0,0.0,1.0
2.6000000000000014,-0.5358485229707267,1.7914417711742692,0.105,0.0,0.0,0.105,1.0,0.0,0.0,1.0
2.5,-1.4998401788649616,1.867077334120385,0.105,0.0,0.0,0.105,1.0,0.0,0.0,1.0
2.6000000000000014,-0.0622684769978106,-1.0144604589906983,0.105,0.0,0.0,0.105,1.0,0.0,0.0,1.0
2.7010000000000005,-1.6779760978369278,2.327330746574258,0.105,0.0,0.0,0.105,1.0,0.0,0.0,1.0
2.5,-2.9617048983910483,-0.05846530560691231,0.105,0.0,0.0,0.105,1.0,0.0,0.0,1.0
2.5,-1.610129436085806,0.31907636420548313,0.105,0.0,0.0,0.105,1.0,0.0,0.0,1.0
2.5999999999999943,-0.4365620809101785,-1.0797282233449987,0.105,0.0,0.0,0.105,1.0,0.0,0.0,1.0
2.5999999999999943,-0.3474857970699639,-1.9998959222421946,0.105,0.0,0.0,0.105,1.0,0.0,0.0,1.0
2.5,-4.292565229577829,1.7445778848214835,0.105,0.0,0.0,0.105,1.0,0.0,0.0,1.0
2.5,-2.9927570466726428,2.082729341717606,0.105,0.0,0.0,0.105,1.0,0.0,0.0,1.0
2.2010000000000005,-1.7796557056954019,1.2612066559335628,0.105,0.0,0.0,0.105,1.0,0.0,0.0,1.0
2.6000000000000014,-2.1236411477007793,1.6909055476024881,0.105,0.0,0.0,0.105,1.0,0.0,0.0,1.0
2.3999999999999986,-2.4191699718234387,-0.4952929186093302,0.105,0.0,0.0,0.105,1.0,0.0,0.0,1.0
2.6000000000000014,-2.578428404532806,-0.871307891319481,0.105,0.0,0.0,0.105,1.0,0.0,0.0,1.0
2.6000000000000014,-0.3117341874080078,-1.9540318139516315,0.105,0.0,0.0,0.105,1.0,0.0,0.0,1.0
2.5,-4.415261559114953,1.970875731381869,0.105,0.0,0.0,0.105,1.0,0.0,0.0,1.0
2.5,-4.8281774997518765,0.17019611348889624,0.105,0.0,0.0,0.105,1.0,0.0,0.0,1.0
2.5,-0.5415102847113206,0.4117430133470878,0.105,0.0,0.0,0.105,1.0,0.0,0.0,1.0
2.5009999999999977,-1.7494820697708942,0.5168193476988593,0.105,0.0,0.0,0.105,1.0,0.0,0.0,1.0
2.700000000000003,-3.1979216882212342,-0.9348538426811764,0.105,0.0,0.0,0.105,1.0,0.0,0.0,1.0
2.6000000000000014,-0.8611554918564592,-1.0442916650704568,0.105,0.0,0.0,0.105,1.0,0.0,0.0,1.0
2.3999999999999986,-4.944179111120823,-1.8908064493719188,0.105,0.0,0.0,0.105,1.0,0.0,0.0,1.0
2.602000000000004,-1.9956898751873005,1.5397226622156814,0.105,0.0,0.0,0.105,1.0,0.0,0.0,1.0
2.5009999999999977,-4.501636940939002,1.1185495071989764,0.105,0.0,0.0,0.105,1.0,0.0,0.0,1.0
2.5,-1.4153324124675202,-2.3985110836256047,0.105,0.0,0.0,0.105,1.0,0.0,0.0,1.0
2.5999999999999943,-2.647730662410298,1.9578971683234236,0.105,0.0,0.0,0.105,1.0,0.0,0.0,1.0
2.6000000000000014,-2.222395545349077,-0.09668132881477613,0.105,0.0,0.0,0.105,1.0,0.0,0.0,1.0
2.5,-3.8726016961097205,-2.00704095349617,0.105,0.0,0.0,0.105,1.0,0.0,0.0,1.0
2.4000000000000057,-0.11276534374500044,-0.4627938036340753,0.105,0.0,0.0,0.105,1.0,0.0,0.0,1.0
2.5,-4.71431801805821,1.145076058983336,0.105,0.0,0.0,0.105,1.0,0.0,0.0,1.0
2.600999999999999,-2.6304902831203907,1.6319773978876946,0.105,0.0,0.0,0.105,1.0,0.0,0.0,1.0
2.5,-1.3539734270166117,1.5432084883950101,0.105,0.0,0.0,0.105,1.0,0.0,0.0,1.0
2.600999999999999,-2.919123846280046,2.1635837095224155,0.105,0.0,0.0,0.105,1.0,0.0,0.0,1.0
2.3999999999999986,-3.9280185521411655,-0.11207085301852426,0.105,0.0,0.0,0.105,1.0,0.0,0.0,1.0
2.5,-1.4368565653171024,1.793112251019172,0.105,0.0,0.0,0.105,1.0,0.0,0.0,1.0
2.3999999999999986,-2.533696852579972,-2.4626143539987746,0.105,0.0,0.0,0.105,1.0,0.0,0.0,1.0
2.5009999999999977,-1.899617432394974,-1.5758500255011627,0.105,0.0,0.0,0.105,1.0,0.0,0.0,1.0
2.6000000000000014,-3.15767348205008,2.3424740516724984,0.105,0.0,0.0,0.105,1.0,0.0,0.0,1.0
2.5999999999999943,-0.6370173370864755,0.802201573058482,0.105,0.0,0.0,0.105,1.0,0.0,0.0,1.0
2.600999999999999,-4.269574295675521,1.9331290280929219,0.105,0.0,0.0,0.105,1.0,0.0,0.0,1.0
2.3999999999999986,-2.6081809318155575,-0.22799506953856916,0.105,0.0,0.0,0.105,1.0,0.0,0.0,1.0
2.5009999999999977,-1.418422445224233,-0.49174811065495144,0.105,0.0,0.0,0.105,1.0,0.0,0.0,1.0
2.600999999999999,-0.3832849145906048,-1.0183663491973762,0.105,0.0,0.0,0.105,1.0,0.0,0.0,1.0
2.6000000000000014,-3.244119789701118,-1.629922341773393,0.105,0.0,0.0,0.105,1.0,0.0,0.0,1.0
2.5,-0.9411247454342769,-0.9465952062644081,0.105,0.0,0.0,0.105,1.0,0.0,0.0,1.0
2.5,-1.376085742548545,-1.4493480176934546,0.105,0.0,0.0,0.105,1.0,0.0,0.0,1.0
2.3000000000000043,-4.852675370759999,0.6014862496235118,0.105,0.0,0.0,0.105,1.0,0.0,0.0,1.0
2.4009999999999962,-2.741920813399147,-0.21592844792401483,0.105,0.0,0.0,0.105,1.0,0.0,0.0,1.0
2.5,-1.4205721020060909,-0.20310496985749957,0.105,0.0,0.0,0.105,1.0,0.0,0.0,1.0
2.3999999999999986,-0.3778489272046103,-1.0932774239076146,0.105,0.0,0.0,0.105,1.0,0.0,0.0,1.0
2.6000000000000014,-1.7257853554180431,0.9749600200125568,0.105,0.0,0.0,0.105,1.0,0.0,0.0,1.0
2.5,-1.8271511853696512,2.48969149430109,0.105,0.0,0.0,0.105,1.0,0.0,0.0,1.0
2.299999999999997,-4.2153967793792235,0.2735664750995673,0.105,0.0,0.0,0.105,1.0,0.0,0.0,1.0
2.5999999999999943,-1.0669604877434038,1.5871187503712443,0.105,0.0,0.0,0.105,1.0,0.0,0.0,1.0
2.6999999999999957,-1.5802525327643695,-1.799283007893824,0.105,0.0,0.0,0.105,1.0,0.0,0.0,1.0
2.5999999999999943,-2.0323669135229148,1.2139192814323423,0.105,0.0,0.0,0.105,1.0,0.0,0.0,1.0
2.6000000000000014,-3.2151855627795523,-0.32452588923196285,0.105,0.0,0.0,0.105,1.0,0.0,0.0,1.0
2.3999999999999986,-3.591034260457394,2.4484389460027174,0.105,0.0,0.0,0.105,1.0,0.0,0.0,1.0
2.4009999999999962,-1.600305466330299,0.9365991906552423,0.105,0.0,0.0,0.105,1.0,0.0,0.0,1.0
2.5999999999999943,-3.736282839606292,-0.6879727863540854,0.105,0.0,0.0,0.105,1.0,0.0,0.0,1.0
2.5010000000000048,-2.153933855611825,1.6955582667396276,0.105,0.0,0.0,0.105,1.0,0.0,0.0,1.0
2.4109999999999943,-4.021083915174591,-1.288521978386856,0.105,0.0,0.0,0.105,1.0,0.0,0.0,1.0
2.5999999999999943,-2.5215656638244313,2.1727409248063054,0.105,0.0,0.0,0.105,1.0,0.0,0.0,1.0
2.5,-3.145123465709552,-0.29003293664386864,0.105,0.0,0.0,0.105,1.0,0.0,0.0,1.0
2.5999999999999943,-4.772648975867431,0.8783837092798005,0.105,0.0,0.0,0.105,1.0,0.0,0.0,1.0
2.600999999999999,-3.018002462288365,-0.9644680846071034,0.105,0.0,0.0,0.105,1.0,0.0,0.0,1.0
2.6000000000000014,-0.14149869407099555,-1.5434961438799872,0.105,0.0,0.0,0.105,1.0,0.0,0.0,1.0
2.5,-2.6123422195162456,-0.9744025568586978,0.105,0.0,0.0,0.105,1.0,0.0,0.0,1.0
2.700000000000003,-2.6018626487981273,-0.0724268227079338,0.105,0.0,0.0,0.105,1.0,0.0,0.0,1.0
2.3999999999999986,-3.8390205701604425,-1.7586106148061582,0.105,0.0,0.0,0.105,1.0,0.0,0.0,1.0
2.5,-1.173785324335381,-1.1778676569936122,0.105,0.0,0.0,0.105,1.0,0.0,0.0,1.0
2.5,-0.6105743705513497,-1.609882113583376,0.105,0.0,0.0,0.105,1.0,0.0,0.0,1.0
2.600999999999999,-4.4952971355136535,-2.2041972229701705,0.105,0.0,0.0,0.105,1.0,0.0,0.0,1.0
2.5,-1.289424052558792,-1.8833609114008916,0.105,0.0,0.0,0.105,1.0,0.0,0.0,1.0
2.299999999999997,-3.9007674547795905,-2.0236502995878776,0.105,0.0,0.0,0.105,1.0,0.0,0.0,1.0
2.5999999999999943,-3.0849792364870376,0.03733241803763895,0.105,0.0,0.0,0.105,1.0,0.0,0.0,1.0
2.3999999999999986,-3.0266740257096387,0.08655355631656633,0.105,0.0,0.0,0.105,1.0,0.0,0.0,1.0
2.700000000000003,-3.854055582088481,2.2855221199552784,0.105,0.0,0.0,0.105,1.0,0.0,0.0,1.0
2.4000000000000057,-1.8996439611665423,-2.332901795033535,0.105,0.0,0.0,0.105,1.0,0.0,0.0,1.0
2.5020000000000024,-3.5913647446400243,-2.2559624057744956,0.105,0.0,0.0,0.105,1.0,0.0,0.0,1.0
2.5999999999999943,-1.6016493937541687,-1.5174872817390401,0.105,0.0,0.0,0.105,1.0,0.0,0.0,1.0
2.6999999999999957,-2.20833080519455,-2.1609784625230812,0.105,0.0,0.0,0.105,1.0,0.0,0.0,1.0
2.7010000000000005,-0.20152637381551441,1.5308759211784129,0.105,0.0,0.0,0.105,1.0,0.0,0.0,1.0
2.5,-0.7925804341388079,-2.0326142243797594,0.105,0.0,0.0,0.105,1.0,0.0,0.0,1.0
2.3999999999999986,-3.7453961327190552,0.05780485680530046,0.105,0.0,0.0,0.105,1.0,0.0,0.0,1.0
2.5999999999999943,-4.888965849858362,0.5245045436511392,0.105,0.0,0.0,0.105,1.0,0.0,0.0,1.0
2.600999999999999,-1.3848300734373709,0.5453675150779952,0.105,0.0,0.0,0.105,1.0,0.0,0.0,1.0
2.6000000000000014,-2.902591078925341,2.017082379138281,0.105,0.0,0.0,0.105,1.0,0.0,0.0,1.0
2.600999999999999,-0.7131806761402328,-0.23294613730252767,0.105,0.0,0.0,0.105,1.0,0.0,0.0,1.0
2.5020000000000024,-2.721425190990575,1.7822578445309953,0.105,0.0,0.0,0.105,1.0,0.0,0.0,1.0
2.5,-1.5363682222531796,1.4482561079876768,0.105,0.0,0.0,0.105,1.0,0.0,0.0,1.0
2.6000000000000014,-4.8031861788131325,2.0267037630027844,0.105,0.0,0.0,0.105,1.0,0.0,0.0,1.0
2.5,-4.711449460129344,-0.45549894811276437,0.105,0.0,0.0,0.105,1.0,0.0,0.0,1.0
2.3999999999999986,-0.9126106227856594,-2.0918733261216413,0.105,0.0,0.0,0.105,1.0,0.0,0.0,1.0
2.3999999999999986,-0.18032062221535025,-1.3421078036524643,0.105,0.0,0.0,0.105,1.0,0.0,0.0,1.0
2.5060000000000002,-1.2762919106354762,1.1807554085161736,0.105,0.0,0.0,0.105,1.0,0.0,0.0,1.0
2.3999999999999986,-1.7453715508373588,-2.358344655880506,0.105,0.0,0.0,0.105,1.0,0.0,0.0,1.0
2.405000000000001,-3.9107261817738057,1.453528868522511,0.105,0.0,0.0,0.105,1.0,0.0,0.0,1.0
2.6000000000000014,-2.1483952727595392,-0.14949000759457842,0.105,0.0,0.0,0.105,1.0,0.0,0.0,1.0
2.6000000000000014,-4.883896273552233,2.4840189546555016,0.105,0.0,0.0,0.105,1.0,0.0,0.0,1.0
2.6000000000000014,-0.5020868267135866,-2.140769530674652,0.105,0.0,0.0,0.105,1.0,0.0,0.0,1.0
2.5019999999999953,-1.13379060056096,-2.1880825599542963,0.105,0.0,0.0,0.105,1.0,0.0,0.0,1.0
2.602000000000004,-3.2757240317094927,0.8640711565517971,0.105,0.0,0.0,0.105,1.0,0.0,0.0,1.0
2.5999999999999943,-2.35820064143841,-1.8754692730648195,0.105,0.0,0.0,0.105,1.0,0.0,0.0,1.0
2.5,-3.8454994588612705,-1.2109700139407769,0.105,0.0,0.0,0.105,1.0,0.0,0.0,1.0
2.5999999999999943,-0.7583128850989114,2.465958422871203,0.105,0.0,0.0,0.105,1.0,0.0,0.0,1.0
2.700000000000003,-4.66886901600645,-0.5892311199029019,0.105,0.0,0.0,0.105,1.0,0.0,0.0,1.0
2.6999999999999957,-1.312125207248578,-1.7925312308703878,0.105,0.0,0.0,0.105,1.0,0.0,0.0,1.0
2.5999999999999943,-2.396271398310028,-0.7641026177070999,0.105,0.0,0.0,0.105,1.0,0.0,0.0,1.0
2.300999999999995,-3.949762937573319,-0.4170057610651362,0.105,0.0,0.0,0.105,1.0,0.0,0.0,1.0
2.6999999999999957,-4.00661106441971,-0.8769475379135417,0.105,0.0,0.0,0.105,1.0,0.0,0.0,1.0
2.3999999999999986,-1.4142750713834853,0.25949553518879814,0.105,0.0,0.0,0.105,1.0,0.0,0.0,1.0
2.5,-4.222580069213689,-0.7302900947947778,0.105,0.0,0.0,0.105,1.0,0.0,0.0,1.0
2.5,-2.34844065788005,-1.8346128947100382,0.105,0.0,0.0,0.105,1.0,0.0,0.0,1.0
2.5009999999999977,-2.34966229607709,1.4145350417704459,0.105,0.0,0.0,0.105,1.0,0.0,0.0,1.0
2.6000000000000014,-3.4513823810016757,-2.165529516080229,0.105,0.0,0.0,0.105,1.0,0.0,0.0,1.0
2.6000000000000014,-1.9442677951490777,0.1995255369926246,0.105,0.0,0.0,0.105,1.0,0.0,0.0,1.0
2.5,-3.2523931713389045,1.1702986113646436,0.105,0.0,0.0,0.105,1.0,0.0,0.0,1.0
2.402000000000001,-0.19678752855581744,0.8258521744898585,0.105,0.0,0.0,0.105,1.0,0.0,0.0,1.0
2.4000000000000057,-2.4744470691511475,1.271082819204061,0.105,0.0,0.0,0.105,1.0,0.0,0.0,1.0
2.5,-1.1036348586823912,0.11031368462363796,0.105,0.0,0.0,0.105,1.0,0.0,0.0,1.0
2.402000000000001,-0.8718282904177052,-0.4551524349898436,0.105,0.0,0.0,0.105,1.0,0.0,0.0,1.0
2.5,-3.8453560475618134,-1.7900182048227153,0.105,0.0,0.0,0.105,1.0,0.0,0.0,1.0
2.5,-1.2749996617183252,2.483129490473224,0.105,0.0,0.0,0.105,1.0,0.0,0.0,1.0
2.6000000000000014,-2.8138947597577295,-2.39186264683275,0.105,0.0,0.0,0.105,1.0,0.0,0.0,1.0
2.700000000000003,-4.558857029113888,-0.44134757661204543,0.105,0.0,0.0,0.105,1.0,0.0,0.0,1.0
2.701999999999998,-4.806625240018569,0.23809564367680558,0.105,0.0,0.0,0.105,1.0,0.0,0.0,1.0
2.5999999999999943,-2.6813494366082025,-2.4498168572716503,0.105,0.0,0.0,0.105,1.0,0.0,0.0,1.0
2.3100000000000023,-4.262885222261732,1.768487117712295,0.105,0.0,0.0,0.105,1.0,0.0,0.0,1.0
2.700000000000003,-0.002588819592283669,0.567568276993226,0.105,0.0,0.0,0.105,1.0,0.0,0.0,1.0
2.600999999999999,-1.1163730347514813,0.27874726342361267,0.105,0.0,0.0,0.105,1.0,0.0,0.0,1.0
2.3999999999999986,-4.233086878365063,-1.0131926337278776,0.105,0.0,0.0,0.105,1.0,0.0,0.0,1.0
2.5,-2.994750387078105,0.014904077030605775,0.105,0.0,0.0,0.105,1.0,0.0,0.0,1.0
2.5999999999999943,-0.6412406357160896,0.9904046280723197,0.105,0.0,0.0,0.105,1.0,0.0,0.0,1.0
2.7010000000000005,-0.8261838159456516,-0.3122363031581871,0.105,0.0,0.0,0.105,1.0,0.0,0.0,1.0
2.5999999999999943,-3.2715336818298093,-0.5322799949269493,0.105,0.0,0.0,0.105,1.0,0.0,0.0,1.0
2.5999999999999943,-1.7213405514690008,1.354060081483434,0.105,0.0,0.0,0.105,1.0,0.0,0.0,1.0
2.3019999999999996,-0.9520242095946999,0.7374351452200131,0.105,0.0,0.0,0.105,1.0,0.0,0.0,1.0
2.6999999999999957,-2.1834489420340977,1.2859217403498744,0.105,0.0,0.0,0.105,1.0,0.0,0.0,1.0
2.5,-1.1725789528613333,-1.6945522547568452,0.105,0.0,0.0,0.105,1.0,0.0,0.0,1.0
2.5999999999999943,-3.283887880667824,-0.3101952043327759,0.105,0.0,0.0,0.105,1.0,0.0,0.0,1.0
2.6000000000000014,-2.9041583241724775,-1.772831102115274,0.105,0.0,0.0,0.105,1.0,0.0,0.0,1.0
2.6000000000000014,-4.10085488462842,-1.0947024937733414,0.105,0.0,0.0,0.105,1.0,0.0,0.0,1.0
2.6000000000000014,-3.849966703258653,0.3321652616528754,0.105,0.0,0.0,0.105,1.0,0.0,0.0,1.0
2.5,-3.228670655538348,1.9024571456609103,0.105,0.0,0.0,0.105,1.0,0.0,0.0,1.0
2.3999999999999986,-2.951806438211155,0.6280960429199796,0.105,0.0,0.0,0.105,1.0,0.0,0.0,1.0
2.299999999999997,-2.939784886680623,-0.3465347627970457,0.105,0.0,0.0,0.105,1.0,0.0,0.0,1.0
2.6999999999999957,-3.359395328148247,0.7403995517956284,0.105,0.0,0.0,0.105,1.0,0.0,0.0,1.0
2.6000000000000014,-3.377339367484604,0.08375179677616762,0.105,0.0,0.0,0.105,1.0,0.0,0.0,1.0
2.3999999999999986,-2.39547666201676,0.562843406979255,0.105,0.0,0.0,0.105,1.0,0.0,0.0,1.0
2.5999999999999943,-1.5531486760234214,-2.3100404521409814,0.105,0.0,0.0,0.105,1.0,0.0,0.0,1.0
2.5,-4.580651264542949,0.7634231948603131,0.105,0.0,0.0,0.105,1.0,0.0,0.0,1.0
2.5,-0.3253320575423712,0.7121488222975303,0.105,0.0,0.0,0.105,1.0,0.0,0.0,1.0
2.5009999999999977,-4.237752080941873,-1.1647756401641738,0.105,0.0,0.0,0.105,1.0,0.0,0.0,1.0
2.402000000000001,-2.3469491520958665,1.2873482367880662,0.105,0.0,0.0,0.105,1.0,0.0,0.0,1.0
2.5999999999999943,-0.5635977479863299,-1.9624971731045004,0.105,0.0,0.0,0.105,1.0,0.0,0.0,1.0
2.700000000000003,-0.21625197327660448,-1.0558679399707294,0.105,0.0,0.0,0.105,1.0,0.0,0.0,1.0
2.5,-3.803630487350416,0.43230847074156925,0.105,0.0,0.0,0.105,1.0,0.0,0.0,1.0
2.3999999999999986,-0.9552544991602891,2.0384192845970004,0.105,0.0,0.0,0.105,1.0,0.0,0.0,1.0
2.603999999999999,-1.76137188002366,0.2616980390498036,0.105,0.0,0.0,0.105,1.0,0.0,0.0,1.0
2.5999999999999943,-3.8020710126383683,0.9602293063028304,0.105,0.0,0.0,0.105,1.0,0.0,0.0,1.0
2.5,-3.7271157424387242,1.4301419930785597,0.105,0.0,0.0,0.105,1.0,0.0,0.0,1.0
2.5999999999999943,-2.7438625341642666,2.415304821440503,0.105,0.0,0.0,0.105,1.0,0.0,0.0,1.0
2.5,-3.239767876309819,-1.0204636157929152,0.105,0.0,0.0,0.105,1.0,0.0,0.0,1.0
2.3999999999999986,-4.855750959963778,-1.0485138513507661,0.105,0.0,0.0,0.105,1.0,0.0,0.0,1.0
2.3999999999999986,-3.657487667169594,2.0644049922705623,0.105,0.0,0.0,0.105,1.0,0.0,0.0,1.0
2.700000000000003,-0.643283897291546,0.13121330958841582,0.105,0.0,0.0,0.105,1.0,0.0,0.0,1.0
2.5,-3.3996542806571335,-0.7644602680240311,0.105,0.0,0.0,0.105,1.0,0.0,0.0,1.0
2.6000000000000014,-2.2874034096857017,-1.0305942596333735,0.105,0.0,0.0,0.105,1.0,0.0,0.0,1.0
2.600999999999999,-1.4366511613532758,1.7508553766242565,0.105,0.0,0.0,0.105,1.0,0.0,0.0,1.0
2.5,-1.4144183327608533,-1.7844843944689015,0.105,0.0,0.0,0.105,1.0,0.0,0.0,1.0
2.600999999999999,-4.395815955505993,-0.00889793484548227,0.105,0.0,0.0,0.105,1.0,0.0,0.0,1.0
2.6000000000000014,-2.713993401722145,1.973978506145637,0.105,0.0,0.0,0.105,1.0,0.0,0.0,1.0
2.6000000000000014,-0.6995463852678215,2.111729418434287,0.105,0.0,0.0,0.105,1.0,0.0,0.0,1.0
2.5,-0.5635674328712735,-1.673045461814234,0.105,0.0,0.0,0.105,1.0,0.0,0.0,1.0
2.5999999999999943,-1.1464346928599505,-1.3216023174096805,0.105,0.0,0.0,0.105,1.0,0.0,0.0,1.0
2.6000000000000014,-4.653939015490527,0.4056526642799831,0.105,0.0,0.0,0.105,1.0,0.0,0.0,1.0
2.3999999999999986,-3.9720499632890864,-1.4464524619828025,0.105,0.0,0.0,0.105,1.0,0.0,0.0,1.0
2.5,-4.223885377395252,-0.22088069156207016,0.105,0.0,0.0,0.105,1.0,0.0,0.0,1.0
2.6999999999999957,-2.8323341523177756,0.596741597688716,0.105,0.0,0.0,0.105,1.0,0.0,0.0,1.0
2.600999999999999,-2.0379158702390803,0.0018978423584506284,0.105,0.0,0.0,0.105,1.0,0.0,0.0,1.0
2.6999999999999957,-2.4692969053505336,-1.8292086523228264,0.105,0.0,0.0,0.105,1.0,0.0,0.0,1.0
2.5999999999999943,-2.405840501235894,1.2636895793480827,0.105,0.0,0.0,0.105,1.0,0.0,0.0,1.0
2.799999999999997,-1.8081093157460748,-2.334267775538492,0.105,0.0,0.0,0.105,1.0,0.0,0.0,1.0
2.5,-3.9587277482755763,2.0764964904651686,0.105,0.0,0.0,0.105,1.0,0.0,0.0,1.0
2.402000000000001,-1.2276487852763946,-0.42192808678508276,0.105,0.0,0.0,0.105,1.0,0.0,0.0,1.0
2.3999999999999986,-2.9986789134171548,-1.4313858043409777,0.105,0.0,0.0,0.105,1.0,0.0,0.0,1.0
2.301000000000002,-3.3712614604696634,-1.353171200367674,0.105,0.0,0.0,0.105,1.0,0.0,0.0,1.0
2.6999999999999957,-1.402580781305646,-0.5572080540512917,0.105,0.0,0.0,0.105,1.0,0.0,0.0,1.0
2.5,-1.8855187795199984,1.7070572400176627,0.105,0.0,0.0,0.105,1.0,0.0,0.0,1.0
2.6000000000000014,-0.7641935713466088,-0.950028865780471,0.105,0.0,0.0,0.105,1.0,0.0,0.0,1.0
2.6000000000000014,-4.859831770877949,0.37787354085881214,0.105,0.0,0.0,0.105,1.0,0.0,0.0,1.0
2.5999999999999943,-1.0643372486790281,0.16636011366910028,0.105,0.0,0.0,0.105,1.0,0.0,0.0,1.0
2.5999999999999943,-2.5151492868896574,0.23172103937160168,0.105,0.0,0.0,0.105,1.0,0.0,0.0,1.0
2.3999999999999986,-0.2532854504758152,0.15712598773028386,0.105,0.0,0.0,0.105,1.0,0.0,0.0,1.0
2.3999999999999986,-4.816570612853052,-0.682504484993239,0.105,0.0,0.0,0.105,1.0,0.0,0.0,1.0
2.600999999999999,-3.873221063078082,2.2234893139515655,0.105,0.0,0.0,0.105,1.0,0.0,0.0,1.0
2.5999999999999943,-3.012188917850258,-1.3900816124289503,0.105,0.0,0.0,0.105,1.0,0.0,0.0,1.0
2.6000000000000014,-0.17643685142071597,1.057914819211854,0.105,0.0,0.0,0.105,1.0,0.0,0.0,1.0
2.700000000000003,-1.69988982379491,-0.47879737707516673,0.105,0.0,0.0,0.105,1.0,0.0,0.0,1.0
2.5999999999999943,-4.621714371281123,-1.8888931507731603,0.105,0.0,0.0,0.105,1.0,0.0,0.0,1.0
2.6000000000000014,-1.0073320456003092,-1.3903909535898034,0.105,0.0,0.0,0.105,1.0,0.0,0.0,1.0
2.5,-3.191360319940158,-0.3696585138205258,0.105,0.0,0.0,0.105,1.0,0.0,0.0,1.0
2.5009999999999977,-0.5641815191654088,1.5406906702849017,0.105,0.0,0.0,0.105,1.0,0.0,0.0,1.0
2.600999999999999,-4.369831813028887,1.6553755023561563,0.105,0.0,0.0,0.105,1.0,0.0,0.0,1.0
2.700000000000003,-4.905399093715196,-0.20701886485572377,0.105,0.0,0.0,0.105,1.0,0.0,0.0,1.0
2.6000000000000014,-1.3803590819164073,-1.5240043459445483,0.105,0.0,0.0,0.105,1.0,0.0,0.0,1.0
2.6999999999999957,-2.5823478431224993,2.134234832428587,0.105,0.0,0.0,0.105,1.0,0.0,0.0,1.0
2.5,-4.075232822040021,-2.170979316046098,0.105,0.0,0.0,0.105,1.0,0.0,0.0,1.0
2.3999999999999986,-3.9612252216367527,1.9609626317206579,0.105,0.0,0.0,0.105,1.0,0.0,0.0,1.0
2.5999999999999943,-4.431303205735146,-1.6561392968134594,0.105,0.0,0.0,0.105,1.0,0.0,0.0,1.0
2.5,-4.428508156588718,-2.479854008521565,0.105,0.0,0.0,0.105,1.0,0.0,0.0,1.0
2.5,-3.6211212544115154,-1.934084980452232,0.105,0.0,0.0,0.105,1.0,0.0,0.0,1.0
2.5999999999999943,-0.19777494285066832,-0.7177542952537417,0.105,0.0,0.0,0.105,1.0,0.0,0.0,1.0
2.600999999999999,-1.166193727463233,-0.6160886984360896,0.105,0.0,0.0,0.105,1.0,0.0,0.0,1.0
2.3999999999999986,-4.399289486572206,-1.8850195795353364,0.105,0.0,0.0,0.105,1.0,0.0,0.0,1.0
2.5999999999999943,-0.9293388442894909,1.6994112538554662,0.105,0.0,0.0,0.105,1.0,0.0,0.0,1.0
2.6000000000000014,-1.8637645777080798,1.3084477308437674,0.105,0.0,0.0,0.105,1.0,0.0,0.0,1.0
2.503,-4.393757728429361,1.956909424866294,0.105,0.0,0.0,0.105,1.0,0.0,0.0,1.0
2.600999999999999,-4.113282036407691,1.0994838336229629,0.105,0.0,0.0,0.105,1.0,0.0,0.0,1.0
2.5,-3.940938319992275,-0.6205621730208832,0.105,0.0,0.0,0.105,1.0,0.0,0.0,1.0
2.700000000000003,-0.8348618468573047,-1.888471925640229,0.105,0.0,0.0,0.105,1.0,0.0,0.0,1.0
2.5060000000000002,-0.6217598410942818,1.111885176383722,0.105,0.0,0.0,0.105,1.0,0.0,0.0,1.0
2.6000000000000014,-0.7223797918891942,-0.32469635584536116,0.105,0.0,0.0,0.105,1.0,0.0,0.0,1.0
2.6000000000000014,-0.47880921678969285,-2.1009828381096693,0.105,0.0,0.0,0.105,1.0,0.0,0.0,1.0
2.5,-1.8428696138271814,2.4654529214688314,0.105,0.0,0.0,0.105,1.0,0.0,0.0,1.0
2.5020000000000024,-2.537569885507031,-1.0845729861602111,0.105,0.0,0.0,0.105,1.0,0.0,0.0,1.0
2.6000000000000014,-1.6513361266435278,-0.8034952541364508,0.105,0.0,0.0,0.105,1.0,0.0,0.0,1.0
2.5,-2.0047919751014636,-1.8371639151341663,0.105,0.0,0.0,0.105,1.0,0.0,0.0,1.0
2.5999999999999943,-2.8005425839731934,-0.7523199181255542,0.105,0.0,0.0,0.105,1.0,0.0,0.0,1.0
2.603999999999999,-1.1552943672312679,-1.3787031562118741,0.105,0.0,0.0,0.105,1.0,0.0,0.0,1.0
2.300999999999995,-0.4497247881065115,1.334746450531472,0.105,0.0,0.0,0.105,1.0,0.0,0.0,1.0
2.600999999999999,-4.36805323345285,0.07082458062725927,0.105,0.0,0.0,0.105,1.0,0.0,0.0,1.0
2.700000000000003,-4.16284659321835,-1.5059485020338994,0.105,0.0,0.0,0.105,1.0,0.0,0.0,1.0
2.5009999999999977,-0.2563517864601808,0.13547658788368092,0.105,0.0,0.0,0.105,1.0,0.0,0.0,1.0
2.3999999999999986,-2.1646851869327963,1.467708648794496,0.105,0.0,0.0,0.105,1.0,0.0,0.0,1.0
2.6000000000000014,-4.947691261941908,-1.337387135945344,0.105,0.0,0.0,0.105,1.0,0.0,0.0,1.0
2.6000000000000014,-2.339263425843464,-2.4292842295906047,0.105,0.0,0.0,0.105,1.0,0.0,0.0,1.0
2.5999999999999943,-1.7050704838133408,-0.21674277321003174,0.105,0.0,0.0,0.105,1.0,0.0,0.0,1.0
2.600999999999999,-4.994822940921004,-0.6427313503016076,0.105,0.0,0.0,0.105,1.0,0.0,0.0,1.0
2.5,-0.6889304262472189,-1.1029235562638953,0.105,0.0,0.0,0.105,1.0,0.0,0.0,1.0
2.5999999999999943,-0.5744690792595193,2.435390496199291,0.105,0.0,0.0,0.105,1.0,0.0,0.0,1.0
2.5999999999999943,-1.6871455140019156,0.5595340036273927,0.105,0.0,0.0,0.105,1.0,0.0,0.0,1.0
2.6000000000000014,-2.8622721515882548,1.5588205533127408,0.105,0.0,0.0,0.105,1.0,0.0,0.0,1.0
2.5999999999999943,-1.0473926497212442,-1.898645071315681,0.105,0.0,0.0,0.105,1.0,0.0,0.0,1.0
2.5999999999999943,-2.569117861641365,-0.34636401502551273,0.105,0.0,0.0,0.105,1.0,0.0,0.0,1.0
2.702999999999996,-1.0399538423484989,1.475343727005522,0.105,0.0,0.0,0.105,1.0,0.0,0.0,1.0
2.6999999999999957,-4.284346851314301,-0.9845653476117348,0.105,0.0,0.0,0.105,1.0,0.0,0.0,1.0
2.5999999999999943,-2.6282393968239903,-0.7597525379591864,0.105,0.0,0.0,0.105,1.0,0.0,0.0,1.0
2.8000000000000043,-4.916334460292509,0.5054431158795752,0.105,0.0,0.0,0.105,1.0,0.0,0.0,1.0
2.4009999999999962,-0.31216898064273013,-1.3718307298837673,0.105,0.0,0.0,0.105,1.0,0.0,0.0,1.0
2.6000000000000014,-1.906460135863058,-1.6800326522018962,0.105,0.0,0.0,0.105,1.0,0.0,0.0,1.0
2.700000000000003,-2.5321127895222624,-0.13989672518225788,0.105,0.0,0.0,0.105,1.0,0.0,0.0,1.0
2.3049999999999997,-0.8691435389594897,0.30604833770016443,0.105,0.0,0.0,0.105,1.0,0.0,0.0,1.0
2.5999999999999943,-1.7283095860129014,2.118270566941798,0.105,0.0,0.0,0.105,1.0,0.0,0.0,1.0
2.3999999999999986,-4.470112097710873,0.587958687629702,0.105,0.0,0.0,0.105,1.0,0.0,0.0,1.0
2.6000000000000014,-1.62800180873571,-1.9558360622190505,0.105,0.0,0.0,0.105,1.0,0.0,0.0,1.0
2.5,-1.712882722432602,0.7181786818927899,0.105,0.0,0.0,0.105,1.0,0.0,0.0,1.0
2.4009999999999962,-2.153683670588413,1.705022082741231,0.105,0.0,0.0,0.105,1.0,0.0,0.0,1.0
2.4069999999999965,-0.8620263998624526,0.7033651751695946,0.105,0.0,0.0,0.105,1.0,0.0,0.0,1.0
2.5999999999999943,-0.06955661675099944,2.395899395859268,0.105,0.0,0.0,0.105,1.0,0.0,0.0,1.0
